Div,Date,Time,HomeTeam,AwayTeam,FTHG,FTAG,FTR,HTHG,HTAG,HTR,Referee,HS,AS,HST,AST,HF,AF,HC,AC,HY,AY,HR,AR,B365H,B365D,B365A,IWH,IWD,IWA,PSH,PSD,PSA,WHH,WHD,WHA,VCH,VCD,VCA,MaxH,MaxD,MaxA,AvgH,AvgD,AvgA,B365>2.5,B365<2.5,P>2.5,P<2.5,Max>2.5,Max<2.5,Avg>2.5,Avg<2.5,AHh,B365AHH,B365AHA,PAHH,PAHA,MaxAHH,MaxAHA,AvgAHH,AvgAHA,B365CH,B365CD,B365CA,IWCH,IWCD,IWCA,PSCH,PSCD,PSCA,WHCH,WHCD,WHCA,VCCH,VCCD,VCCA,MaxCH,MaxCD,MaxCA,AvgCH,AvgCD,AvgCA,B365C>2.5,B365C<2.5,PC>2.5,PC<2.5,MaxC>2.5,MaxC<2.5,AvgC>2.5,AvgC<2.5,AHCh,B365CAHH,B365CAHA,PCAHH,PCAHA,MaxCAHH,MaxCAHA,AvgCAHH,AvgCAHA,TotalGoals,GoalDifference,Overround,prob_home_market,prob_draw_market,prob_away_market,Year,Month,DayOfWeek,is_extreme_favorite_home,is_extreme_favorite_away,is_mismatch,is_high_scoring_match,is_very_high_scoring,draw_prob_category,has_extreme_draw_odds,has_extreme_home_odds,has_extreme_away_odds,home_team_strength_category,away_team_strength_category
SC3,2020-10-17,15:00,Albion Rvs,Stenhousemuir,1,3,A,0,1,A,L Wilson,12.0,16.0,5.0,5.0,8.0,13.0,5.0,2.0,1,3,0,0,3.1,3.5,2.25,2.8,3.45,2.2,2.93,3.89,2.22,2.8,3.4,2.3,2.88,3.6,2.3,3.1,3.89,2.33,2.84,3.6,2.19,1.6,2.3,1.6,2.35,1.73,2.35,1.62,2.21,0.25,1.85,2.0,1.88,1.95,1.88,2.07,1.82,1.95,3.0,3.5,2.25,2.8,3.4,2.25,2.95,3.88,2.23,2.8,3.4,2.3,2.88,3.6,2.3,3.0,3.88,2.32,2.84,3.58,2.2,1.66,2.15,1.64,2.29,1.73,2.29,1.63,2.19,0.25,1.88,1.98,1.89,1.96,1.89,2.05,1.84,1.96,4,-2,0.08651145840032592,0.32407635771716076,0.255660237754649,0.4202634045281902,2020.0,10.0,5.0,0,0,0,0,0,medium,0,0,0,medium,strong
SC3,2020-10-17,15:00,Brechin,Edinburgh City,1,5,A,0,1,A,G Beaton,5.0,18.0,4.0,10.0,15.0,6.0,5.0,4.0,2,1,0,0,5.25,4.5,1.5,4.9,4.2,1.53,5.33,4.76,1.52,5.0,4.2,1.53,5.75,4.2,1.55,6.0,4.76,1.6,4.98,4.37,1.53,1.47,2.6,1.48,2.62,1.55,2.62,1.48,2.49,1.0,1.95,1.9,1.98,1.86,1.98,1.95,1.91,1.87,5.75,4.5,1.44,5.75,4.4,1.45,6.01,4.9,1.47,5.0,4.2,1.53,6.5,4.6,1.45,6.5,4.9,1.49,5.68,4.59,1.45,1.47,2.6,1.47,2.69,1.5,2.69,1.46,2.56,1.25,1.85,2.0,1.85,2.01,1.89,2.05,1.81,1.99,6,-4,0.08323093603831566,0.18537433355236344,0.2112503846889634,0.6033752817586733,2020.0,10.0,5.0,0,0,0,0,0,medium,0,0,0,medium,strong
SC3,2020-10-17,15:00,Cowdenbeath,Annan Athletic,0,3,A,0,2,A,S Lambie,5.0,11.0,3.0,6.0,11.0,10.0,8.0,9.0,0,0,0,0,2.45,3.25,2.87,2.4,3.25,2.6,2.48,3.63,2.7,2.4,3.2,2.75,2.5,3.4,2.75,2.5,3.63,2.87,2.4,3.38,2.67,1.95,1.85,1.93,1.88,1.97,1.89,1.91,1.84,0.0,1.83,2.02,1.84,2.0,1.84,2.05,1.79,1.99,2.45,3.25,2.87,2.5,3.15,2.55,2.6,3.55,2.64,2.4,3.2,2.75,2.55,3.4,2.7,2.6,3.55,2.87,2.48,3.35,2.62,1.95,1.85,1.95,1.88,1.99,1.89,1.91,1.84,0.0,1.85,2.0,1.91,1.94,1.91,2.05,1.83,1.97,3,-3,0.0870564900383397,0.38329808108865726,0.2721643179327744,0.34453760097856834,2020.0,10.0,5.0,0,0,0,0,0,medium,0,0,0,medium,strong
SC3,2020-10-17,15:00,Stirling,Queens Park,0,0,D,0,0,D,G Grainger,11.0,11.0,4.0,4.0,13.0,14.0,8.0,4.0,2,2,0,0,4.75,4.2,1.61,4.3,3.8,1.67,4.53,4.24,1.67,4.75,3.7,1.63,5.25,3.8,1.65,5.25,4.24,1.77,4.48,3.94,1.64,1.9,1.9,1.92,1.9,1.92,2.0,1.85,1.89,0.75,2.0,1.85,1.97,1.87,2.02,1.87,1.95,1.82,4.2,4.0,1.72,4.3,3.8,1.67,4.1,4.08,1.79,4.8,3.7,1.63,5.0,3.9,1.65,5.0,4.25,1.79,4.33,3.96,1.66,1.72,2.07,1.74,2.11,1.8,2.13,1.73,2.03,0.75,1.85,2.0,1.83,2.03,2.03,2.03,1.93,1.88,0,0,0.08677748987424616,0.2053909726636999,0.23354100445009532,0.5610680228862046,2020.0,10.0,5.0,0,0,0,0,0,medium,0,0,0,medium,strong
SC3,2020-10-17,15:00,Stranraer,Elgin,1,4,A,0,1,A,G Irvine,10.0,11.0,5.0,6.0,10.0,13.0,10.0,5.0,0,1,1,0,2.3,3.6,2.8,2.25,3.35,2.8,2.24,3.75,2.96,2.35,3.2,2.88,2.38,3.4,2.9,2.38,3.75,3.02,2.24,3.48,2.85,1.9,1.9,1.87,1.95,1.95,1.95,1.86,1.89,-0.25,2.02,1.83,1.96,1.88,2.08,1.88,1.97,1.81,2.3,3.6,2.8,2.4,3.1,2.75,2.48,3.51,2.81,2.3,3.4,2.8,2.38,3.4,2.9,2.54,3.6,2.9,2.36,3.36,2.76,1.9,1.9,1.88,1.96,1.95,1.97,1.86,1.89,-0.25,2.02,1.83,2.13,1.74,2.15,1.84,2.03,1.78,5,-3,0.08466208625010796,0.41158308849160896,0.26492704546586326,0.3234898660425278,2020.0,10.0,5.0,0,0,0,0,0,medium,0,0,0,medium,strong
SC3,2020-10-24,15:00,Annan Athletic,Stranraer,1,1,D,1,1,D,B Cook,13.0,6.0,7.0,2.0,14.0,15.0,10.0,4.0,1,2,0,1,2.45,3.5,2.37,2.5,3.35,2.45,2.65,3.61,2.54,2.55,3.4,2.45,2.63,3.5,2.55,2.65,3.7,2.55,2.54,3.48,2.46,1.65,2.2,1.65,2.25,1.65,2.31,1.6,2.24,0.0,1.95,1.9,1.96,1.88,1.98,1.92,1.92,1.86,2.37,3.5,2.45,2.45,3.25,2.6,2.52,3.52,2.76,2.45,3.4,2.55,2.55,3.5,2.63,2.55,3.65,2.76,2.46,3.42,2.59,1.6,2.3,1.66,2.24,1.67,2.3,1.61,2.22,0.0,1.88,1.98,1.84,2.02,1.92,2.02,1.85,1.94,2,0,0.08756117428130561,0.36200334906378445,0.2642208352362105,0.37377581570000507,2020.0,10.0,5.0,0,0,0,0,0,medium,0,0,0,medium,strong
SC3,2020-10-24,15:00,Edinburgh City,Cowdenbeath,0,1,A,0,0,D,C Graham,10.0,6.0,2.0,2.0,10.0,11.0,12.0,4.0,1,2,0,1,1.6,4.0,4.2,1.65,3.8,4.5,1.63,4.35,4.76,1.6,3.9,4.75,1.67,4.0,4.8,1.72,4.35,4.85,1.63,3.99,4.49,1.7,2.1,1.7,2.16,1.75,2.16,1.69,2.08,-0.75,1.88,1.98,1.82,2.03,1.92,2.03,1.83,1.95,1.5,4.2,5.0,1.53,3.95,5.25,1.54,4.74,5.24,1.55,3.8,5.5,1.57,4.1,5.5,1.6,4.74,5.5,1.54,4.21,5.01,1.7,2.1,1.68,2.21,1.73,2.21,1.67,2.12,-1.0,2.0,1.85,1.99,1.86,2.01,1.86,1.96,1.83,1,-1,0.08684064815186754,0.5644773532886963,0.23060102402520674,0.20492162268609687,2020.0,10.0,5.0,0,0,0,0,0,medium,0,0,0,strong,medium
SC3,2020-10-24,15:00,Elgin,Brechin,3,0,H,1,0,H,K Graham,18.0,8.0,9.0,3.0,5.0,8.0,4.0,3.0,0,2,0,0,1.28,4.75,8.0,1.33,4.8,7.0,1.32,5.77,7.74,1.32,4.75,8.0,1.33,5.0,9.0,1.36,5.77,9.0,1.33,5.11,7.26,1.57,2.35,1.49,2.62,1.57,2.62,1.5,2.47,-1.5,1.98,1.88,1.93,1.89,2.02,1.89,1.93,1.83,1.2,5.25,11.0,1.2,6.0,11.0,1.2,7.45,12.23,1.2,6.0,11.0,1.22,6.5,11.5,1.25,7.45,13.44,1.2,6.32,10.54,1.44,2.7,1.41,2.93,1.5,2.93,1.42,2.72,-1.75,1.83,1.98,1.74,2.14,1.88,2.14,1.79,1.99,3,3,0.08531546232273768,0.6927752578397668,0.1803113684788434,0.1269133736813898,2020.0,10.0,5.0,0,0,0,0,0,medium,0,0,0,strong,medium
SC3,2020-10-24,15:00,Queens Park,Albion Rvs,2,0,H,2,0,H,M MacDermid,9.0,6.0,8.0,1.0,6.0,4.0,6.0,3.0,3,1,0,0,1.25,5.25,8.0,1.27,5.5,8.5,1.28,5.9,9.5,1.25,5.25,10.0,1.25,5.75,10.5,1.3,6.0,10.5,1.27,5.51,8.66,1.44,2.7,1.44,2.77,1.5,2.77,1.44,2.65,-1.75,1.98,1.83,1.99,1.85,2.1,1.87,1.97,1.82,1.2,6.0,11.0,1.22,5.75,10.0,1.2,6.94,14.25,1.22,5.8,11.0,1.25,6.0,11.0,1.27,7.0,14.25,1.21,6.19,10.84,1.5,2.5,1.47,2.69,1.5,2.75,1.46,2.57,-1.75,1.85,2.0,1.86,1.99,1.93,2.04,1.84,1.95,2,2,0.08436321917848222,0.7261419060300551,0.16736846109948642,0.10648963287045844,2020.0,10.0,5.0,0,0,0,0,0,medium,0,0,0,strong,medium
SC3,2020-10-24,15:00,Stenhousemuir,Stirling,2,2,D,0,1,A,S Luke,10.0,8.0,5.0,3.0,10.0,15.0,5.0,11.0,3,4,0,0,2.4,3.5,2.45,2.4,3.4,2.6,2.49,3.8,2.59,2.38,3.5,2.62,2.55,3.5,2.63,2.55,3.8,2.74,2.4,3.52,2.58,1.75,2.05,1.74,2.09,1.78,2.1,1.73,2.03,0.0,1.9,1.95,1.88,1.95,1.91,2.02,1.84,1.93,2.6,3.5,2.3,2.55,3.3,2.45,2.65,3.66,2.54,2.55,3.4,2.5,2.55,3.5,2.6,2.65,3.66,2.6,2.55,3.46,2.47,1.72,2.07,1.75,2.1,1.8,2.1,1.74,2.03,0.0,2.02,1.83,1.97,1.88,2.03,1.96,1.92,1.86,4,0,0.08835447498238191,0.38284095507891547,0.26102792391744234,0.35613112100364225,2020.0,10.0,5.0,0,0,0,0,0,medium,0,0,0,medium,strong
SC3,2020-10-31,15:00,Albion Rvs,Brechin,0,2,A,0,1,A,S Reid,5.0,9.0,1.0,2.0,14.0,10.0,2.0,4.0,1,0,0,0,1.75,4.2,3.4,1.8,3.95,3.45,1.81,4.51,3.59,1.83,3.7,3.6,1.87,3.9,3.7,1.88,4.51,3.82,1.8,4.06,3.53,1.57,2.35,1.5,2.58,1.6,2.58,1.52,2.4,-0.5,1.85,2.0,1.81,2.04,1.91,2.04,1.82,1.94,2.2,4.0,2.6,2.25,3.85,2.55,2.2,4.7,2.64,1.83,3.6,3.7,2.45,4.1,2.45,2.45,4.7,2.74,2.25,4.12,2.52,1.47,2.6,1.43,2.81,1.48,2.81,1.44,2.63,-0.25,2.02,1.83,1.98,1.87,2.1,1.91,2.01,1.79,2,-2,0.08514709325493741,0.5119633633161629,0.22697883102687025,0.2610578056569669,2020.0,10.0,5.0,0,0,0,0,0,medium,0,0,0,strong,medium
SC3,2020-10-31,15:00,Cowdenbeath,Stenhousemuir,1,1,D,0,0,D,C Scott,8.0,7.0,2.0,2.0,13.0,12.0,2.0,7.0,1,2,0,0,2.7,3.3,2.4,2.55,3.25,2.5,2.71,3.57,2.5,2.55,3.25,2.55,2.7,3.4,2.55,2.71,3.57,2.68,2.59,3.36,2.49,1.9,1.9,1.92,1.9,1.92,1.92,1.88,1.87,0.0,2.0,1.85,2.0,1.84,2.0,1.92,1.93,1.84,2.75,3.3,2.5,2.65,3.2,2.4,2.75,3.71,2.43,2.62,3.2,2.5,2.7,3.4,2.55,2.75,3.71,2.55,2.65,3.41,2.41,1.85,1.95,1.81,2.03,1.91,2.03,1.81,1.94,0.0,2.0,1.85,2.06,1.81,2.06,1.91,1.98,1.83,2,0,0.0853258594222448,0.3557460487543531,0.2742209125814805,0.3700330386641664,2020.0,10.0,5.0,0,0,0,0,0,medium,0,0,0,medium,strong
SC3,2020-10-31,15:00,Edinburgh City,Elgin,1,0,H,1,0,H,P Stuart,10.0,8.0,3.0,2.0,12.0,13.0,7.0,4.0,2,2,0,0,2.25,3.3,2.9,2.35,3.2,2.75,2.4,3.46,2.91,2.3,3.25,2.88,2.4,3.4,2.88,2.41,3.54,3.0,2.34,3.35,2.79,1.8,2.0,1.79,2.03,1.81,2.05,1.77,1.99,-0.25,2.02,1.83,2.07,1.78,2.1,1.84,2.03,1.77,2.25,3.3,2.9,2.4,3.15,2.65,2.52,3.41,2.83,2.3,3.25,2.88,2.45,3.3,2.9,2.53,3.56,2.9,2.38,3.32,2.73,1.75,2.05,1.76,2.08,1.79,2.08,1.74,2.02,-0.25,2.05,1.8,2.16,1.72,2.16,1.82,2.05,1.76,1,1,0.08428082910509493,0.39413260465292804,0.2753045656381646,0.3305628297089073,2020.0,10.0,5.0,0,0,0,0,0,medium,0,0,0,medium,strong
SC3,2020-10-31,15:00,Stirling,Annan Athletic,1,0,H,1,0,H,M MacDermid,14.0,4.0,7.0,3.0,7.0,12.0,11.0,2.0,1,2,0,0,2.05,3.4,3.2,2.05,3.35,3.2,2.04,3.75,3.39,2.1,3.25,3.25,2.2,3.4,3.2,2.22,3.75,3.39,2.07,3.46,3.2,1.85,1.95,1.88,1.94,1.9,1.99,1.84,1.91,-0.25,1.88,1.98,1.78,2.06,1.95,2.06,1.84,1.94,2.05,3.4,3.2,2.1,3.25,3.15,2.06,3.68,3.46,2.15,3.25,3.2,2.1,3.5,3.3,2.13,3.68,3.46,2.05,3.45,3.27,1.85,1.95,1.9,1.93,1.95,1.98,1.85,1.9,-0.25,1.88,1.98,1.79,2.06,1.9,2.06,1.82,1.99,1,1,0.08460912848007607,0.44540634478763547,0.2664714259278628,0.28812222928450165,2020.0,10.0,5.0,0,0,0,0,0,medium,0,0,0,medium,medium
SC3,2020-10-31,15:00,Stranraer,Queens Park,0,1,A,0,0,D,D Williams,7.0,9.0,5.0,5.0,11.0,23.0,6.0,7.0,2,2,0,0,3.2,3.5,2.0,3.2,3.35,2.05,3.44,3.79,2.01,3.0,3.5,2.25,3.4,3.5,2.1,3.5,3.79,2.25,3.28,3.5,2.02,1.9,1.95,1.89,1.93,1.91,1.95,1.87,1.89,0.25,2.0,1.85,2.09,1.75,2.09,1.85,1.99,1.79,3.75,3.5,1.95,3.5,3.25,1.97,3.88,3.58,1.96,3.4,3.25,2.05,3.6,3.5,2.0,3.88,3.7,2.04,3.52,3.43,1.96,1.9,1.9,1.94,1.89,1.95,1.95,1.89,1.87,0.5,1.88,1.98,1.89,1.96,1.89,2.02,1.81,1.97,1,-1,0.08564183944526849,0.2808274678657113,0.26317545559986655,0.45599707653442223,2020.0,10.0,5.0,0,0,0,0,0,medium,0,0,0,medium,strong
SC3,2020-11-07,15:00,Annan Athletic,Albion Rvs,2,3,A,0,0,D,K Graham,10.0,12.0,5.0,6.0,17.0,20.0,4.0,7.0,2,1,0,0,1.6,3.75,4.33,1.65,4.1,4.0,1.69,4.45,4.21,1.65,4.0,4.2,1.7,4.2,4.33,1.7,4.45,4.33,1.66,4.18,4.07,1.47,2.6,1.46,2.69,1.48,2.75,1.44,2.65,-0.75,1.88,1.98,1.85,1.99,1.91,2.0,1.85,1.93,1.53,3.8,5.0,1.6,4.1,4.4,1.63,4.52,4.62,1.65,4.0,4.2,1.65,4.2,4.6,1.65,4.52,5.0,1.6,4.21,4.41,1.47,2.6,1.47,2.69,1.49,2.75,1.45,2.61,-0.75,1.75,2.05,1.78,2.08,1.86,2.1,1.79,2.0,5,-1,0.08734433401522823,0.5540192004585184,0.22001719444046425,0.2259636051010173,2020.0,11.0,5.0,0,0,0,0,0,medium,0,0,0,strong,medium
SC3,2020-11-07,15:00,Brechin,Stirling,0,5,A,0,2,A,G Ross,6.0,18.0,1.0,7.0,8.0,12.0,0.0,7.0,2,1,1,0,4.75,4.2,1.53,4.8,4.1,1.55,5.4,4.31,1.56,5.25,4.0,1.53,5.25,4.33,1.57,5.5,4.5,1.61,4.97,4.18,1.55,1.57,2.35,1.52,2.53,1.6,2.53,1.53,2.38,1.0,1.88,1.98,1.9,1.93,1.9,2.0,1.84,1.94,5.0,4.2,1.5,5.25,4.2,1.5,5.56,4.69,1.52,5.25,4.0,1.53,5.5,4.4,1.53,5.56,4.75,1.56,5.19,4.36,1.51,1.53,2.4,1.52,2.58,1.57,2.58,1.52,2.42,1.0,1.98,1.88,1.98,1.87,2.01,1.92,1.93,1.85,5,-5,0.08560298354411078,0.18534146139124813,0.22037011079294339,0.5942884278158085,2020.0,11.0,5.0,0,0,0,0,0,medium,0,0,0,medium,strong
SC3,2020-11-07,15:00,Elgin,Queens Park,0,1,A,0,1,A,B Cook,8.0,8.0,4.0,3.0,12.0,14.0,8.0,8.0,2,4,1,0,2.5,3.5,2.3,2.75,2.95,2.5,2.93,3.1,2.59,2.8,3.1,2.45,2.75,3.2,2.6,2.93,3.5,2.6,2.74,3.13,2.48,2.05,1.75,2.07,1.76,2.07,1.82,2.0,1.76,0.0,2.0,1.85,2.04,1.81,2.04,1.88,1.97,1.8,3.0,3.6,2.0,3.1,3.25,2.15,3.31,3.53,2.18,2.75,3.2,2.4,3.25,3.4,2.2,3.31,3.6,2.2,3.14,3.39,2.11,1.85,1.95,1.85,1.99,1.94,2.0,1.83,1.93,0.25,1.95,1.9,1.97,1.88,1.98,1.95,1.93,1.85,1,-1,0.08767812799262176,0.33554366338431213,0.2937347085217301,0.37072162809395776,2020.0,11.0,5.0,0,0,0,0,0,medium,0,0,0,medium,strong
SC3,2020-11-07,15:00,Stenhousemuir,Edinburgh City,2,0,H,0,0,D,D Williams,11.0,11.0,3.0,5.0,17.0,15.0,4.0,4.0,4,1,0,0,3.1,3.8,1.95,3.2,3.45,2.0,3.46,3.79,2.01,3.3,3.3,2.05,3.3,3.6,2.1,3.46,3.8,2.1,3.24,3.58,2.0,1.66,2.15,1.68,2.19,1.7,2.21,1.66,2.14,0.25,2.05,1.75,2.1,1.75,2.1,1.85,2.01,1.77,3.3,3.6,2.0,3.4,3.4,1.95,3.49,3.76,2.03,3.25,3.4,2.05,3.5,3.6,2.0,3.5,3.76,2.07,3.3,3.56,1.99,1.7,2.1,1.75,2.1,1.75,2.17,1.69,2.1,0.5,1.83,2.02,1.83,2.03,1.89,2.07,1.79,1.99,2,2,0.08797158424718932,0.2836856952676789,0.25674347839868145,0.45957082633363977,2020.0,11.0,5.0,0,0,0,0,0,medium,0,0,0,medium,strong
SC3,2020-11-07,15:00,Stranraer,Cowdenbeath,2,0,H,1,0,H,G Grainger,9.0,8.0,4.0,3.0,16.0,17.0,1.0,3.0,3,5,0,1,1.9,3.8,3.1,2.1,3.45,3.05,2.14,3.85,3.08,1.95,3.5,3.4,2.0,3.6,3.5,2.14,3.85,3.5,2.04,3.64,3.11,1.72,2.07,1.83,2.0,1.83,2.1,1.76,2.0,-0.25,1.73,2.08,1.88,1.95,1.88,2.08,1.8,1.97,1.9,3.8,3.1,1.9,3.6,3.45,1.88,4.17,3.6,2.05,3.4,3.25,2.0,3.6,3.6,2.0,4.19,3.7,1.88,3.77,3.46,1.72,2.07,1.88,1.96,1.88,2.11,1.78,1.97,-0.5,1.98,1.88,1.88,1.96,2.0,1.99,1.9,1.87,2,2,0.08646476151677573,0.4511845167872972,0.2528616522654083,0.2959538309472946,2020.0,11.0,5.0,0,0,0,0,0,medium,0,0,0,medium,medium
SC3,2020-11-21,15:00,Edinburgh City,Stranraer,0,1,A,0,1,A,G Ross,4.0,8.0,1.0,5.0,9.0,12.0,4.0,4.0,6,2,0,0,1.9,3.8,3.2,1.97,3.7,3.15,1.97,4.26,3.23,2.0,3.4,3.4,2.0,3.7,3.4,2.0,4.26,3.5,1.94,3.83,3.22,1.66,2.15,1.64,2.26,1.68,2.26,1.63,2.18,-0.5,2.0,1.85,1.97,1.87,2.03,1.89,1.96,1.81,1.9,3.8,3.2,1.95,3.55,3.4,1.93,4.15,3.5,1.95,3.5,3.4,1.95,3.75,3.6,1.95,4.35,3.75,1.9,3.81,3.37,1.65,2.2,1.61,2.33,1.68,2.4,1.61,2.23,-0.5,1.95,1.9,1.93,1.93,2.0,1.96,1.93,1.85,1,-1,0.0871195294810787,0.47415569635826776,0.24017285925196846,0.2856714443897637,2020.0,11.0,5.0,0,0,0,0,0,medium,0,0,0,strong,medium
SC3,2020-11-21,15:00,Queens Park,Brechin,3,0,H,2,0,H,C Graham,18.0,3.0,9.0,0.0,7.0,10.0,17.0,2.0,0,1,0,0,1.2,6.0,10.0,1.17,6.75,12.0,1.16,7.6,14.91,1.15,6.5,15.0,1.17,7.0,17.0,1.2,7.6,17.0,1.16,6.76,12.78,1.44,2.7,1.39,2.94,1.44,2.94,1.39,2.81,-2.0,1.88,1.98,1.8,2.03,1.95,2.03,1.85,1.93,1.1,9.0,21.0,1.08,8.5,20.0,1.09,10.44,26.24,1.12,7.0,17.0,1.08,9.5,31.0,1.14,11.04,31.0,1.09,8.77,21.24,1.4,2.87,1.36,3.12,1.41,3.12,1.37,2.88,-2.5,1.95,1.9,1.91,1.93,2.02,1.93,1.94,1.85,3,3,0.08824522094593457,0.7921642557436696,0.13593351134062967,0.07190223291570083,2020.0,11.0,5.0,0,0,0,0,0,low,0,0,0,strong,medium
SC3,2020-11-21,15:00,Stenhousemuir,Annan Athletic,1,2,A,0,1,A,L Wilson,6.0,9.0,1.0,3.0,11.0,12.0,6.0,3.0,1,3,0,0,2.1,3.5,2.9,2.0,3.65,3.1,1.99,4.14,3.26,2.05,3.4,3.2,2.1,3.6,3.25,2.1,4.14,3.35,2.0,3.75,3.14,1.7,2.1,1.65,2.25,1.73,2.25,1.65,2.15,-0.25,1.88,1.98,1.75,2.09,1.89,2.09,1.8,1.99,1.8,3.6,3.6,1.9,3.55,3.5,1.88,4.07,3.73,2.0,3.5,3.3,2.05,3.6,3.4,2.05,4.14,3.75,1.92,3.7,3.41,1.7,2.1,1.68,2.21,1.73,2.25,1.66,2.15,-0.5,1.9,1.95,1.88,1.98,2.0,1.99,1.93,1.85,3,-1,0.08513800424628437,0.4607708863236158,0.24574447270592842,0.2934846409704559,2020.0,11.0,5.0,0,0,0,0,0,medium,0,0,0,strong,medium
SC3,2020-11-21,15:00,Stirling,Elgin,1,2,A,0,1,A,D Lowe,9.0,7.0,5.0,3.0,8.0,14.0,9.0,2.0,2,2,0,0,2.7,3.4,2.5,2.6,3.3,2.4,2.69,3.59,2.5,2.62,3.3,2.45,2.7,3.5,2.45,2.7,3.6,2.5,2.61,3.43,2.43,1.72,2.07,1.83,1.99,1.87,2.07,1.77,1.98,0.0,1.98,1.88,1.99,1.85,2.01,1.88,1.95,1.82,2.45,3.4,2.75,2.4,3.2,2.7,2.5,3.58,2.74,2.62,3.3,2.45,2.63,3.4,2.6,2.63,3.6,2.83,2.46,3.42,2.58,1.75,2.05,1.76,2.08,1.83,2.08,1.74,2.02,0.0,1.85,2.0,1.84,2.02,1.94,2.13,1.86,1.93,3,-1,0.0862095857013363,0.3527328127975624,0.2684060179013521,0.3788611693010855,2020.0,11.0,5.0,0,0,0,0,0,medium,0,0,0,medium,strong
SC3,2020-11-28,15:00,Albion Rvs,Stirling,0,1,A,0,1,A,S Lambie,7.0,19.0,4.0,4.0,13.0,14.0,4.0,8.0,2,2,0,0,4.33,4.0,1.65,4.2,3.7,1.7,4.66,4.02,1.69,4.2,3.7,1.73,4.33,4.0,1.73,4.79,4.2,1.74,4.2,3.9,1.69,1.61,2.25,1.61,2.33,1.65,2.33,1.59,2.26,0.75,1.95,1.9,1.95,1.88,1.98,2.01,1.88,1.89,7.0,4.5,1.36,6.0,4.5,1.43,6.12,4.81,1.47,6.5,4.33,1.42,7.5,4.75,1.4,7.5,5.0,1.47,6.09,4.62,1.41,1.5,2.5,1.51,2.6,1.57,2.6,1.5,2.5,1.25,1.9,1.95,1.88,1.97,1.95,1.98,1.87,1.9,1,-1,0.08622147083685539,0.2191958495460441,0.2360570687418937,0.5447470817120623,2020.0,11.0,5.0,0,0,0,0,0,medium,0,0,0,medium,strong
SC3,2020-11-28,15:00,Annan Athletic,Edinburgh City,0,4,A,0,2,A,C Scott,7.0,12.0,5.0,8.0,18.0,7.0,3.0,6.0,2,3,0,0,2.87,3.8,2.05,2.85,3.45,2.2,3.02,3.82,2.18,2.9,3.5,2.2,3.0,3.6,2.25,3.02,3.82,2.26,2.89,3.58,2.17,1.72,2.07,1.76,2.06,1.76,2.13,1.71,2.05,0.25,1.9,1.95,1.92,1.92,1.95,1.95,1.86,1.91,2.75,3.8,2.15,2.9,3.3,2.25,3.0,3.67,2.28,2.9,3.4,2.2,3.0,3.5,2.25,3.07,3.8,2.34,2.89,3.49,2.21,1.75,2.05,1.86,1.98,1.86,2.1,1.77,1.99,0.25,1.85,2.0,1.87,1.99,1.95,2.01,1.84,1.94,4,-4,0.08617986327177984,0.3185667244864902,0.25716699267205495,0.42426628284145473,2020.0,11.0,5.0,0,0,0,0,0,medium,0,0,0,medium,strong
SC3,2020-11-28,15:00,Brechin,Stranraer,1,4,A,1,1,D,S Reid,4.0,15.0,3.0,6.0,12.0,10.0,4.0,7.0,1,0,0,0,7.5,4.5,1.33,6.5,4.5,1.4,7.49,4.83,1.4,7.0,4.4,1.38,7.5,4.75,1.4,7.5,4.95,1.41,6.7,4.63,1.38,1.53,2.4,1.52,2.53,1.55,2.55,1.52,2.42,1.25,2.02,1.83,2.01,1.83,2.02,1.92,1.93,1.85,7.5,4.75,1.33,7.0,4.7,1.35,7.04,5.23,1.39,5.5,4.5,1.44,6.0,4.2,1.4,8.0,5.25,1.44,6.81,4.82,1.37,1.53,2.4,1.5,2.64,1.57,2.64,1.49,2.48,1.25,2.02,1.83,2.06,1.79,2.08,1.88,1.97,1.82,5,-3,0.08987413388499332,0.1369458423710359,0.19817216930581869,0.6648819883231455,2020.0,11.0,5.0,0,0,0,0,0,medium,0,0,0,medium,strong
SC3,2020-11-28,15:00,Elgin,Cowdenbeath,5,2,H,2,0,H,G Ross,16.0,11.0,7.0,5.0,9.0,5.0,3.0,8.0,0,2,0,0,1.61,3.75,4.75,1.67,3.7,4.4,1.7,3.98,4.63,1.65,3.6,4.75,1.7,3.8,4.8,1.73,4.0,4.8,1.66,3.8,4.45,1.75,2.05,1.74,2.09,1.79,2.1,1.72,2.05,-0.75,1.9,1.95,1.92,1.92,1.95,1.95,1.87,1.91,1.55,3.8,5.25,1.6,3.7,4.9,1.6,4.17,5.45,1.63,3.7,4.8,1.67,3.8,5.0,1.69,4.17,5.45,1.61,3.84,4.83,1.85,1.95,1.78,2.06,1.88,2.06,1.78,1.97,-0.75,1.75,2.05,1.76,2.11,1.87,2.11,1.8,1.97,7,3,0.09028663441465445,0.5525240973697109,0.24136578990361052,0.20611011272667865,2020.0,11.0,5.0,0,0,0,0,0,medium,0,0,0,strong,medium
SC3,2020-11-28,15:00,Queens Park,Stenhousemuir,3,1,H,1,1,D,D Lowe,14.0,4.0,4.0,1.0,12.0,9.0,8.0,0.0,2,1,0,0,1.6,4.0,4.5,1.63,3.55,5.0,1.64,3.7,5.77,1.62,3.7,5.0,1.65,4.0,5.0,1.67,4.05,5.77,1.63,3.71,4.92,1.7,2.1,1.76,2.07,1.77,2.16,1.7,2.07,-0.75,1.85,2.0,1.82,2.03,1.87,2.07,1.81,1.96,1.61,3.75,5.5,1.6,3.65,5.0,1.63,3.84,5.67,1.62,3.7,5.0,1.65,3.9,5.0,1.67,4.1,5.87,1.61,3.8,4.98,1.7,2.1,1.82,2.03,1.82,2.17,1.72,2.04,-0.75,1.83,2.02,1.81,2.05,1.84,2.1,1.8,2.0,4,2,0.08629074401140402,0.5647631040745541,0.24813042038855074,0.18710647553689497,2020.0,11.0,5.0,0,0,0,0,0,medium,0,0,0,strong,medium
SC3,2020-12-05,15:00,Cowdenbeath,Queens Park,0,3,A,0,1,A,C Scott,3.0,8.0,1.0,7.0,17.0,14.0,5.0,6.0,2,3,0,0,4.75,3.8,1.55,5.0,3.8,1.57,5.47,4.15,1.58,5.0,4.0,1.5,5.25,3.9,1.65,5.5,4.15,1.65,4.99,3.94,1.57,1.9,1.9,1.84,1.99,1.92,1.99,1.84,1.91,1.0,1.73,2.08,1.81,2.03,1.85,2.1,1.77,1.99,5.0,4.0,1.5,5.75,3.7,1.53,5.86,4.25,1.55,5.0,4.0,1.5,5.75,3.8,1.6,6.5,4.25,1.6,5.45,3.93,1.54,2.05,1.75,1.99,1.85,2.05,1.86,1.96,1.79,1.0,1.75,2.05,1.89,1.96,1.89,2.05,1.8,1.98,3,-3,0.09115058336142678,0.1836600783237878,0.23260502305474648,0.5837348986214658,2020.0,12.0,5.0,0,0,0,0,0,medium,0,0,0,medium,strong
SC3,2020-12-05,15:00,Edinburgh City,Albion Rvs,5,2,H,4,1,H,S Luke,18.0,7.0,6.0,3.0,14.0,14.0,8.0,5.0,2,1,0,0,1.28,4.75,8.5,1.3,5.0,8.25,1.28,5.78,9.89,1.27,5.0,9.5,1.3,5.0,10.0,1.33,5.78,10.0,1.29,5.18,8.5,1.53,2.4,1.51,2.57,1.57,2.57,1.52,2.41,-1.5,1.88,1.98,1.85,1.99,1.95,2.0,1.87,1.9,1.2,5.25,12.0,1.22,5.75,10.0,1.22,6.48,12.54,1.22,5.5,12.0,1.22,6.5,12.0,1.25,6.5,12.54,1.22,5.81,10.7,1.57,2.35,1.54,2.47,1.57,2.5,1.51,2.42,-1.75,1.9,1.95,1.91,1.93,2.0,1.95,1.88,1.89,7,3,0.08589105032333477,0.7138780619094252,0.17778044398902676,0.10834149410154807,2020.0,12.0,5.0,0,0,0,0,0,medium,0,0,0,strong,medium
SC3,2020-12-05,15:00,Elgin,Annan Athletic,1,0,H,0,0,D,G Grainger,11.0,10.0,7.0,4.0,13.0,8.0,5.0,2.0,2,2,0,0,1.65,4.0,4.0,1.65,3.85,4.4,1.63,4.26,4.81,1.65,3.9,4.4,1.7,4.0,4.5,1.7,4.26,4.81,1.65,3.96,4.39,1.65,2.2,1.65,2.24,1.68,2.24,1.64,2.17,-0.75,1.9,1.95,1.83,2.02,1.94,2.02,1.85,1.91,1.5,4.2,5.0,1.55,3.95,4.9,1.56,4.61,5.21,1.5,4.0,5.8,1.57,4.2,5.5,1.61,4.75,5.8,1.54,4.27,4.92,1.65,2.2,1.63,2.29,1.67,2.3,1.62,2.22,-1.0,2.0,1.85,1.98,1.87,2.04,1.9,1.95,1.83,1,1,0.08637629138768088,0.5578735571322673,0.23244731547177805,0.2096791273959547,2020.0,12.0,5.0,0,0,0,0,0,medium,0,0,0,strong,medium
SC3,2020-12-05,15:00,Stenhousemuir,Brechin,2,1,H,2,0,H,D Williams,14.0,7.0,6.0,4.0,13.0,13.0,6.0,2.0,1,3,0,0,1.22,5.25,11.0,1.25,5.5,9.5,1.25,6.17,10.02,1.24,5.25,11.0,1.29,5.5,11.0,1.29,6.19,11.0,1.25,5.63,9.51,1.53,2.4,1.48,2.62,1.55,2.7,1.48,2.51,-1.75,1.98,1.88,1.93,1.89,2.05,1.89,1.94,1.82,1.2,5.25,12.0,1.25,5.75,9.5,1.26,6.66,9.08,1.2,5.8,12.0,1.22,6.0,12.0,1.26,7.5,12.0,1.23,5.97,9.74,1.44,2.7,1.42,2.84,1.48,2.84,1.43,2.65,-1.75,1.9,1.95,1.9,1.93,1.95,1.95,1.87,1.91,3,1,0.08277236451113446,0.7388441247862799,0.16404176838061277,0.09711410683310724,2020.0,12.0,5.0,0,0,0,0,0,medium,0,0,0,strong,medium
SC3,2020-12-05,15:00,Stranraer,Stirling,2,2,D,1,2,A,M MacDermid,13.0,9.0,6.0,3.0,9.0,10.0,12.0,4.0,2,1,0,0,2.2,3.5,2.7,2.3,3.35,2.75,2.28,3.71,2.92,2.3,3.4,2.8,2.38,3.5,2.88,2.38,3.71,2.92,2.26,3.51,2.77,1.7,2.1,1.68,2.19,1.75,2.24,1.67,2.12,-0.25,2.02,1.83,1.99,1.85,2.08,1.85,1.99,1.78,2.3,3.5,2.6,2.35,3.3,2.7,2.36,3.62,2.91,2.3,3.4,2.8,2.38,3.5,2.88,2.39,3.66,2.91,2.3,3.47,2.74,1.7,2.1,1.69,2.19,1.73,2.2,1.67,2.12,-0.25,2.05,1.8,2.05,1.82,2.06,1.83,2.0,1.79,4,0,0.08838899133138933,0.4065438732202965,0.26176329158913675,0.3316928351905668,2020.0,12.0,5.0,0,0,0,0,0,medium,0,0,0,medium,strong
SC3,2020-12-12,15:00,Albion Rvs,Elgin,3,1,H,0,1,A,C Graham,11.0,8.0,5.0,2.0,19.0,15.0,8.0,5.0,5,2,1,0,5.5,4.33,1.4,6.0,4.6,1.4,6.37,4.97,1.43,6.5,4.5,1.4,6.0,4.6,1.5,6.5,5.25,1.5,5.93,4.67,1.42,1.5,2.5,1.44,2.77,1.53,2.77,1.45,2.6,1.25,1.77,2.02,1.93,1.9,1.94,2.04,1.85,1.91,6.5,4.5,1.36,6.25,4.6,1.4,6.97,5.22,1.4,7.0,4.75,1.35,7.5,5.0,1.36,7.5,5.22,1.42,6.45,4.85,1.37,1.44,2.7,1.47,2.7,1.48,2.7,1.44,2.61,1.25,1.98,1.88,1.98,1.88,2.02,1.91,1.95,1.83,4,2,0.08699217850625418,0.1551382497643005,0.19699567903689547,0.6478660711988041,2020.0,12.0,5.0,0,0,0,0,0,medium,0,0,0,medium,strong
SC3,2020-12-12,15:00,Queens Park,Edinburgh City,3,3,D,0,1,A,L Wilson,8.0,7.0,3.0,3.0,15.0,8.0,3.0,2.0,2,2,0,0,1.75,3.6,3.75,1.85,3.6,3.55,1.85,4.05,3.74,1.95,3.6,3.3,2.05,3.5,3.5,2.05,4.05,4.15,1.84,3.73,3.64,1.85,1.95,1.87,1.95,1.88,2.0,1.82,1.92,-0.5,1.85,2.0,1.85,1.98,1.99,2.0,1.87,1.9,1.66,3.75,4.33,1.7,3.7,4.2,1.69,4.22,4.56,1.65,3.6,4.75,1.73,3.9,4.5,1.75,4.29,4.8,1.69,3.83,4.31,1.9,1.9,1.93,1.9,1.93,1.98,1.84,1.91,-0.75,1.93,1.93,1.91,1.94,2.0,1.94,1.92,1.86,6,0,0.0863000503401481,0.5003021593337755,0.24679784803596438,0.25289999263026014,2020.0,12.0,5.0,0,0,0,0,0,medium,0,0,0,strong,medium
SC3,2020-12-12,15:00,Stenhousemuir,Stranraer,2,2,D,0,2,A,D McFarlane,10.0,14.0,4.0,7.0,13.0,16.0,1.0,6.0,2,1,1,0,2.2,3.5,2.62,2.3,3.6,2.55,2.32,4.01,2.7,2.38,3.5,2.62,2.45,3.7,2.63,2.45,4.01,2.7,2.33,3.69,2.59,1.53,2.4,1.52,2.54,1.6,2.54,1.53,2.38,0.0,1.75,2.05,1.78,2.06,1.88,2.06,1.8,1.97,2.6,3.5,2.25,2.6,3.5,2.3,2.7,4.03,2.35,2.6,3.6,2.35,2.7,3.6,2.45,2.76,4.03,2.45,2.58,3.67,2.34,1.53,2.4,1.51,2.59,1.57,2.59,1.51,2.43,0.0,2.05,1.8,2.06,1.79,2.09,1.88,1.97,1.81,4,0,0.0862876454837096,0.39509291221397713,0.24947601231939479,0.35543107546662805,2020.0,12.0,5.0,0,0,0,0,0,medium,0,0,0,medium,strong
SC3,2020-12-12,15:00,Stirling,Cowdenbeath,1,0,H,0,0,D,D Dickinson,14.0,6.0,5.0,2.0,12.0,11.0,9.0,3.0,1,2,0,0,1.7,3.75,3.8,1.7,3.7,4.2,1.68,4.19,4.52,1.65,3.9,4.4,1.75,3.8,4.5,1.77,4.19,4.52,1.7,3.83,4.2,1.8,2.0,1.86,1.95,1.87,2.03,1.81,1.93,-0.75,1.98,1.88,1.91,1.93,2.02,1.93,1.93,1.84,1.53,4.0,4.75,1.53,3.8,5.25,1.58,4.34,5.3,1.57,3.9,5.0,1.57,4.1,5.75,1.62,4.35,5.75,1.57,4.01,5.01,1.8,2.0,1.92,1.92,1.92,2.04,1.82,1.93,-1.0,2.0,1.8,2.04,1.83,2.1,1.85,2.01,1.78,1,1,0.0874271379570104,0.5409422604835727,0.24010491979688603,0.2189528197195413,2020.0,12.0,5.0,0,0,0,0,0,medium,0,0,0,strong,medium
SC3,2020-12-19,15:00,Annan Athletic,Queens Park,1,2,A,0,0,D,L Watson,3.0,6.0,2.0,5.0,13.0,17.0,3.0,4.0,2,2,0,0,4.5,3.8,1.61,5.0,3.65,1.6,5.43,3.98,1.61,4.8,3.7,1.63,5.0,3.8,1.67,5.43,4.05,1.67,4.98,3.84,1.6,1.85,1.95,1.79,2.03,1.9,2.03,1.8,1.95,0.75,1.98,1.88,2.07,1.77,2.07,1.88,1.99,1.8,4.5,3.8,1.61,4.3,3.5,1.73,4.72,3.68,1.78,5.25,3.7,1.6,5.25,3.8,1.57,5.5,4.04,1.78,4.74,3.73,1.65,1.85,1.95,1.85,1.98,1.9,2.03,1.81,1.93,0.75,1.93,1.93,1.85,2.01,2.07,2.03,1.96,1.84,3,-1,0.08621987951807242,0.18486424032351237,0.23974581166955516,0.5753899480069323,2020.0,12.0,5.0,0,0,0,0,0,medium,0,0,0,medium,strong
SC3,2020-12-19,15:00,Cowdenbeath,Brechin,2,0,H,1,0,H,B Cook,7.0,3.0,2.0,2.0,11.0,8.0,8.0,5.0,0,1,0,0,1.66,3.8,4.0,1.6,3.9,4.6,1.61,4.34,4.94,1.57,4.0,4.8,1.65,4.0,5.0,1.66,4.34,5.15,1.6,4.03,4.72,1.65,2.2,1.64,2.26,1.68,2.26,1.63,2.18,-0.75,1.75,2.05,1.76,2.09,1.88,2.09,1.77,2.01,1.66,3.8,4.0,1.6,3.85,4.7,1.62,4.34,4.95,1.57,4.0,4.8,1.57,4.0,5.25,1.66,4.34,5.25,1.6,4.0,4.72,1.66,2.15,1.66,2.24,1.7,2.24,1.64,2.17,-1.0,2.05,1.8,2.05,1.81,2.12,1.81,2.03,1.78,2,2,0.08500336459603819,0.5760350800688034,0.228698791094314,0.19526612883688255,2020.0,12.0,5.0,0,0,0,0,0,medium,0,0,0,strong,medium
SC3,2020-12-19,15:00,Edinburgh City,Stirling,2,3,A,0,3,A,D Williams,11.0,7.0,5.0,3.0,15.0,11.0,3.0,3.0,3,5,0,0,2.1,3.4,3.0,2.05,3.5,3.05,2.03,4.03,3.21,2.15,3.3,3.1,2.2,3.5,3.1,2.2,4.05,3.35,2.05,3.62,3.11,1.8,2.0,1.8,2.03,1.9,2.04,1.8,1.95,-0.25,1.9,1.95,1.79,2.05,1.94,2.05,1.84,1.95,2.05,3.4,3.1,2.2,3.25,2.95,2.2,3.69,3.13,2.2,3.3,3.0,2.2,3.4,3.0,2.28,3.69,3.13,2.18,3.4,2.97,1.9,1.9,1.86,1.97,1.93,1.97,1.86,1.89,-0.25,1.93,1.93,1.92,1.93,1.99,1.96,1.92,1.87,5,-1,0.0855913803315611,0.4493448335042926,0.25446323444303864,0.29619193205266875,2020.0,12.0,5.0,0,0,0,0,0,medium,0,0,0,medium,medium
SC3,2020-12-19,15:00,Elgin,Stenhousemuir,2,0,H,2,0,H,S Reid,19.0,8.0,9.0,4.0,7.0,9.0,5.0,2.0,2,3,0,1,1.7,3.6,4.0,,,,1.82,3.91,3.86,1.78,3.7,3.9,1.8,3.8,4.1,1.85,3.91,4.1,1.79,3.77,3.81,1.6,2.3,1.6,2.3,1.65,2.3,1.59,2.27,-0.75,2.02,1.83,2.06,1.75,2.1,1.84,2.02,1.77,1.85,3.5,3.5,1.95,3.5,3.45,1.9,3.97,3.71,1.91,3.6,3.5,1.91,3.7,3.5,1.95,3.97,3.71,1.89,3.69,3.49,1.6,2.3,1.57,2.42,1.65,2.42,1.57,2.3,-0.5,1.95,1.9,1.9,1.95,1.95,1.96,1.9,1.88,2,2,0.08637839886806531,0.5142399908348518,0.24416169326111006,0.24159831590403802,2020.0,12.0,5.0,0,0,0,0,0,medium,0,0,0,strong,medium
SC3,2020-12-19,15:00,Stranraer,Albion Rvs,4,0,H,0,0,D,C Scott,17.0,5.0,8.0,2.0,9.0,15.0,6.0,1.0,0,1,0,0,1.4,4.5,5.75,1.43,4.4,6.0,1.44,4.88,6.4,1.42,4.33,6.5,1.44,4.5,7.0,1.49,4.88,7.0,1.43,4.55,5.91,1.47,2.6,1.46,2.68,1.57,2.68,1.47,2.53,-1.25,1.95,1.9,1.94,1.89,2.0,1.9,1.93,1.84,1.33,4.75,6.5,1.35,4.8,6.75,1.38,5.36,7.24,1.35,4.75,7.0,1.36,5.0,7.0,1.4,5.5,7.56,1.37,4.91,6.58,1.44,2.7,1.44,2.79,1.46,2.8,1.44,2.63,-1.25,1.8,2.05,1.82,2.05,1.87,2.08,1.81,1.98,4,4,0.0882856568135757,0.6425709049113106,0.20195085582926903,0.1554782392594203,2020.0,12.0,5.0,0,0,0,0,0,medium,0,0,0,strong,medium
SC3,2020-12-22,19:45,Brechin,Annan Athletic,0,0,D,0,0,D,M MacDermid,8.0,6.0,4.0,3.0,14.0,4.0,3.0,2.0,3,2,0,0,5.0,4.0,1.55,4.5,3.9,1.63,4.91,4.26,1.62,4.75,3.8,1.62,4.5,4.0,1.65,5.0,4.26,1.67,4.59,4.01,1.62,1.57,2.35,1.58,2.39,1.61,2.39,1.57,2.31,0.75,2.02,1.83,2.07,1.78,2.07,1.89,1.99,1.81,4.0,3.6,1.75,4.0,3.75,1.73,4.36,4.05,1.75,4.33,3.7,1.7,4.5,4.0,1.65,5.0,4.25,1.77,4.34,3.91,1.66,1.6,2.3,1.63,2.31,1.67,2.4,1.58,2.27,0.75,1.98,1.88,1.9,1.95,2.07,1.96,1.95,1.84,0,0,0.08452543296805182,0.20088502964014363,0.22994071971278288,0.5691742506470736,2020.0,12.0,1.0,0,0,0,0,0,medium,0,0,0,medium,strong
SC3,2021-01-02,15:00,Stranraer,Annan Athletic,2,0,H,0,0,D,K Graham,10.0,12.0,4.0,4.0,13.0,14.0,7.0,3.0,0,2,0,1,1.55,4.0,4.75,1.6,3.95,4.6,1.61,4.32,4.96,1.6,3.9,4.8,1.6,4.0,5.0,1.64,4.32,5.01,1.58,4.06,4.75,1.65,2.2,1.62,2.3,1.67,2.3,1.62,2.21,-1.0,2.1,1.77,2.08,1.76,2.1,1.82,2.02,1.76,1.55,4.0,4.75,1.55,4.0,4.8,1.55,4.61,5.29,1.55,4.2,5.0,1.6,4.1,4.8,1.61,4.61,5.29,1.56,4.2,4.8,1.57,2.35,1.5,2.62,1.6,2.62,1.53,2.4,-1.0,2.0,1.85,1.94,1.91,2.03,1.92,1.97,1.81,2,2,0.08974312691374875,0.5807895244061099,0.22602153905459454,0.19318893653929553,2021.0,1.0,5.0,0,0,0,0,0,medium,0,0,0,strong,medium
SC3,2021-03-20,15:00,Annan Athletic,Cowdenbeath,0,0,D,0,0,D,G Ross,5.0,6.0,1.0,0.0,18.0,14.0,6.0,5.0,2,2,1,0,2.37,3.5,2.6,2.35,3.2,2.75,2.37,3.5,2.93,2.38,3.2,2.8,2.45,3.3,2.7,2.45,3.5,2.93,2.36,3.36,2.79,1.85,1.95,1.86,1.95,1.88,2.02,1.81,1.93,-0.25,2.1,1.7,2.05,1.8,2.12,1.8,2.05,1.75,2.05,3.6,3.1,2.1,3.35,3.15,2.11,3.68,3.35,2.25,3.2,3.0,2.1,3.5,3.13,2.2,3.68,3.39,2.1,3.47,3.12,1.72,2.07,1.79,2.05,1.81,2.07,1.75,2.01,-0.25,1.85,2.0,1.83,2.03,1.95,2.04,1.86,1.95,0,0,0.0797708002464701,0.39242477520470187,0.2756316873461596,0.33194353744913846,2021.0,3.0,5.0,0,0,0,0,0,medium,0,0,0,medium,strong
SC3,2021-03-20,15:00,Elgin,Edinburgh City,1,2,A,1,2,A,D Lowe,9.0,9.0,2.0,4.0,15.0,16.0,4.0,4.0,2,1,0,0,2.3,3.6,2.5,2.35,3.45,2.55,,,,2.2,3.5,2.88,2.4,3.4,2.7,2.48,3.75,2.7,2.38,3.52,2.62,1.8,2.0,,,1.83,2.02,1.77,1.97,0.0,1.7,2.1,,,1.86,2.02,1.82,1.99,2.45,3.6,2.3,2.6,3.05,2.55,2.68,3.29,2.73,2.2,3.5,2.88,2.63,3.3,2.5,2.73,3.6,2.9,2.55,3.25,2.56,1.83,2.02,1.88,1.96,1.94,2.02,1.83,1.91,0.0,2.0,1.85,1.91,1.94,2.02,1.94,1.93,1.87,3,-1,0.08593836563077684,0.3869170484485392,0.2616086861669101,0.35147426538455084,2021.0,3.0,5.0,0,0,0,0,0,medium,0,0,0,medium,strong
SC3,2021-03-20,15:00,Queens Park,Stranraer,3,0,H,2,0,H,D Williams,8.0,3.0,4.0,0.0,5.0,15.0,3.0,1.0,4,0,0,1,1.61,3.8,4.2,1.67,3.9,4.2,1.69,4.25,4.36,1.6,3.9,4.75,1.6,4.0,4.75,1.71,4.25,4.75,1.65,4.02,4.37,1.75,2.05,1.77,2.05,1.8,2.1,1.73,2.03,-0.75,1.93,1.93,1.91,1.93,1.95,1.97,1.87,1.92,1.61,3.8,4.2,1.7,3.65,4.4,1.69,4.17,4.57,1.65,3.7,4.6,1.65,3.75,4.8,1.71,4.17,4.8,1.67,3.84,4.4,1.83,2.02,1.88,1.94,1.92,2.06,1.81,1.93,-0.75,1.93,1.93,1.91,1.94,1.95,1.97,1.88,1.92,3,3,0.08364977691115882,0.5592771935856661,0.2295540719941167,0.21116873442021716,2021.0,3.0,5.0,0,0,0,0,0,medium,0,0,0,strong,medium
SC3,2021-03-20,15:00,Stenhousemuir,Albion Rvs,2,0,H,1,0,H,L Wilson,8.0,3.0,2.0,0.0,8.0,10.0,2.0,5.0,2,3,0,0,1.33,5.25,6.5,1.4,4.4,6.0,1.42,4.78,6.91,1.42,4.2,7.0,1.4,4.6,7.0,1.44,5.25,7.0,1.4,4.62,6.44,1.57,2.35,1.57,2.41,1.62,2.45,1.54,2.34,-1.25,1.93,1.93,1.91,1.93,2.0,1.93,1.92,1.88,1.55,4.33,4.75,1.63,3.7,4.8,1.61,4.18,5.25,1.4,4.4,6.5,1.6,3.8,5.25,1.64,4.33,6.0,1.59,3.92,4.96,1.9,1.95,1.78,2.07,1.9,2.1,1.75,2.0,-1.0,2.05,1.75,2.12,1.75,2.12,1.81,2.05,1.76,2,2,0.08601543384152088,0.6577123050259965,0.1993067590987868,0.14298093587521662,2021.0,3.0,5.0,0,0,0,0,0,medium,0,0,0,strong,medium
SC3,2021-03-20,15:00,Stirling,Brechin,1,0,H,0,0,D,B Cook,7.0,6.0,4.0,3.0,12.0,15.0,5.0,5.0,3,1,0,0,1.22,5.5,8.5,1.27,5.0,8.75,1.26,5.82,10.64,1.25,5.0,11.0,1.29,5.25,9.5,1.3,6.0,11.0,1.26,5.43,9.43,1.61,2.25,1.57,2.39,1.62,2.42,1.57,2.29,-1.5,1.9,1.95,1.86,1.98,1.9,2.0,1.85,1.95,1.22,5.5,8.5,1.3,5.0,8.75,1.29,5.66,10.04,1.24,5.25,11.0,1.29,5.0,9.5,1.36,6.0,10.04,1.27,5.39,8.82,1.65,2.2,1.64,2.29,1.65,2.45,1.58,2.26,-1.5,1.9,1.95,1.9,1.95,1.9,2.0,1.86,1.94,1,1,0.0838573949721515,0.7322465089341256,0.16991355455929988,0.09783993650657458,2021.0,3.0,5.0,0,0,0,0,0,medium,0,0,0,strong,medium
SC3,2021-03-23,19:30,Stranraer,Brechin,2,0,H,0,0,D,K Graham,13.0,5.0,4.0,1.0,7.0,10.0,4.0,3.0,0,1,0,0,1.22,6.0,12.0,1.25,5.5,10.0,1.22,6.55,12.46,1.22,5.25,12.0,1.2,6.0,12.0,1.26,6.7,12.46,1.22,5.84,10.7,1.57,2.35,1.57,2.4,1.62,2.4,1.57,2.28,-1.75,1.95,1.9,1.95,1.88,2.0,1.94,1.92,1.85,1.22,5.75,11.0,1.22,5.75,10.0,1.22,6.93,10.88,1.2,6.0,12.0,1.2,6.0,12.0,1.23,7.01,12.0,1.21,6.19,10.44,1.53,2.4,1.52,2.52,1.53,2.52,1.5,2.43,-1.75,1.88,1.98,1.87,1.96,1.95,2.01,1.84,1.95,2,2,0.08436295178510345,0.7559020066096668,0.15791103562736186,0.08618695776297136,2021.0,3.0,1.0,0,0,0,0,0,medium,0,0,0,strong,medium
SC3,2021-03-23,19:45,Albion Rvs,Edinburgh City,1,2,A,0,1,A,D Williams,,,,,,,,,4,0,0,0,6.0,4.2,1.4,6.0,4.2,1.45,6.52,4.58,1.47,5.8,4.2,1.47,6.5,4.4,1.44,6.58,4.75,1.52,5.92,4.39,1.45,1.61,2.25,1.62,2.32,1.65,2.5,1.57,2.29,1.25,1.77,2.02,1.83,2.03,1.83,2.1,1.8,2.02,7.0,4.33,1.33,6.25,4.5,1.4,6.79,4.8,1.44,7.0,4.33,1.4,7.0,4.5,1.4,7.0,4.9,1.47,6.4,4.57,1.4,1.57,2.35,1.57,2.44,1.62,2.73,1.53,2.38,1.25,1.93,1.93,1.91,1.94,1.97,1.98,1.9,1.9,3,-1,0.08636452413453455,0.15549009118600426,0.20968139859251603,0.6348285102214796,2021.0,3.0,1.0,0,0,0,0,0,medium,0,0,0,medium,strong
SC3,2021-03-27,15:00,Albion Rvs,Annan Athletic,1,1,D,0,0,D,M MacDermid,8.0,9.0,2.0,3.0,9.0,13.0,5.0,7.0,1,0,0,1,3.1,3.5,2.1,2.9,3.4,2.2,3.06,3.7,2.21,3.0,3.4,2.15,3.0,3.5,2.15,3.1,3.74,2.28,2.95,3.49,2.17,1.7,2.1,1.7,2.15,1.8,2.15,1.7,2.06,0.25,1.9,1.95,1.91,1.93,1.95,1.98,1.87,1.91,2.87,3.4,2.25,2.9,3.15,2.3,3.06,3.54,2.3,2.9,3.3,2.25,2.9,3.25,2.3,3.07,3.57,2.3,2.93,3.35,2.25,1.95,1.85,1.94,1.89,2.0,1.99,1.9,1.84,0.25,1.83,2.02,1.86,1.99,1.86,2.04,1.81,1.97,2,0,0.0863454952244136,0.3120398182140311,0.2637585855963873,0.4242015961895815,2021.0,3.0,5.0,0,0,0,0,0,medium,0,0,0,medium,strong
SC3,2021-03-27,15:00,Brechin,Queens Park,0,2,A,0,2,A,P Stuart,5.0,20.0,2.0,8.0,10.0,12.0,0.0,6.0,2,1,1,0,9.0,5.0,1.28,9.5,5.0,1.27,10.86,5.42,1.28,10.0,5.0,1.27,10.0,5.0,1.29,11.0,5.75,1.3,9.72,5.25,1.27,1.7,2.1,1.68,2.2,1.7,2.28,1.65,2.14,1.5,1.95,1.9,2.01,1.83,2.03,1.95,1.93,1.86,17.0,6.0,1.16,15.0,6.0,1.17,17.78,6.95,1.17,17.0,6.0,1.15,17.0,6.5,1.15,20.0,7.5,1.19,15.32,6.35,1.16,1.7,2.1,1.74,2.1,1.76,2.13,1.7,2.06,2.0,1.8,2.05,1.85,1.99,1.85,2.1,1.78,2.0,2,-2,0.08075842371555408,0.09519302017792206,0.17624307735798142,0.7285639024640964,2021.0,3.0,5.0,0,0,0,0,0,medium,0,0,0,medium,strong
SC3,2021-03-27,15:00,Cowdenbeath,Stranraer,1,1,D,1,0,H,D Williams,5.0,15.0,1.0,4.0,13.0,14.0,1.0,4.0,2,2,0,0,3.4,3.75,1.9,3.5,3.4,1.95,3.62,3.8,1.95,3.5,3.4,1.95,3.6,3.5,1.95,3.69,3.8,2.0,3.48,3.57,1.93,1.9,1.95,1.78,2.04,1.93,2.04,1.81,1.94,0.5,1.88,1.98,1.88,1.95,1.88,2.02,1.84,1.94,3.8,3.8,1.75,3.7,3.55,1.83,3.87,4.02,1.85,3.8,3.7,1.8,4.2,3.8,1.73,4.2,4.02,1.9,3.78,3.74,1.81,1.8,2.0,1.79,2.04,1.85,2.06,1.79,1.96,0.5,2.02,1.83,2.01,1.85,2.1,1.89,1.98,1.81,2,0,0.08560308168291453,0.26469740800073754,0.2580243641015593,0.477278227897703,2021.0,3.0,5.0,0,0,0,0,0,medium,0,0,0,medium,strong
SC3,2021-03-27,15:00,Edinburgh City,Stenhousemuir,3,1,H,1,0,H,G Grainger,15.0,9.0,7.0,3.0,15.0,12.0,3.0,2.0,2,1,0,1,1.83,3.75,3.5,1.95,3.45,3.45,1.96,3.74,3.65,1.95,3.4,3.6,1.87,3.6,3.7,1.98,3.75,3.9,1.92,3.57,3.54,1.72,2.07,1.7,2.16,1.8,2.16,1.71,2.06,-0.5,1.93,1.93,1.96,1.88,1.96,1.95,1.91,1.88,1.9,3.5,3.6,1.95,3.2,3.7,1.94,3.65,3.88,1.95,3.4,3.5,2.0,3.3,3.6,2.02,3.69,3.88,1.95,3.4,3.61,2.05,1.75,2.06,1.78,2.08,1.86,1.98,1.76,-0.5,1.95,1.9,1.94,1.91,2.03,1.91,1.96,1.83,4,2,0.0834312538574753,0.480725778842862,0.25854159534406024,0.2607326258130777,2021.0,3.0,5.0,0,0,0,0,0,medium,0,0,0,strong,medium
SC3,2021-03-27,15:00,Elgin,Stirling,1,1,D,0,0,D,G Irvine,8.0,11.0,3.0,3.0,7.0,13.0,2.0,2.0,0,5,0,0,2.1,3.6,2.87,2.25,3.45,2.75,2.28,3.93,2.79,2.2,3.5,2.88,2.25,3.5,2.9,2.3,3.93,3.04,2.21,3.59,2.82,1.72,2.07,1.68,2.19,1.77,2.19,1.69,2.08,-0.25,1.98,1.88,2.01,1.83,2.01,1.91,1.95,1.84,2.25,3.6,2.7,2.4,3.1,2.8,2.45,3.43,2.9,2.35,3.5,2.62,2.3,3.3,2.9,2.47,3.6,2.92,2.36,3.31,2.79,2.05,1.75,2.02,1.83,2.05,1.87,1.95,1.79,-0.25,2.05,1.8,2.11,1.76,2.11,1.83,2.05,1.77,2,0,0.08565014889424583,0.41679051786956717,0.25657577840995643,0.3266337037204764,2021.0,3.0,5.0,0,0,0,0,0,medium,0,0,0,medium,strong
SC3,2021-03-30,19:45,Albion Rvs,Queens Park,0,3,A,0,2,A,D Dickinson,3.0,14.0,1.0,7.0,8.0,10.0,2.0,10.0,0,0,0,0,11.0,6.0,1.2,10.0,5.75,1.22,10.24,5.7,1.27,10.0,5.25,1.25,12.0,6.0,1.2,12.0,6.5,1.28,10.02,5.75,1.24,1.53,2.4,1.57,2.38,1.57,2.6,1.52,2.43,1.75,1.93,1.93,1.93,1.91,1.98,1.95,1.9,1.89,13.0,6.0,1.16,13.0,6.0,1.17,13.72,7.21,1.19,13.0,6.0,1.18,15.0,6.0,1.18,15.0,7.4,1.23,12.84,6.33,1.18,1.61,2.25,1.6,2.33,1.63,2.38,1.58,2.28,1.75,2.02,1.83,2.09,1.76,2.09,1.88,1.97,1.81,3,-3,0.08016505558308351,0.09239365658586648,0.16100598938963168,0.7466003540245019,2021.0,3.0,1.0,0,0,0,0,0,medium,0,0,0,weak,strong
SC3,2021-03-30,19:45,Brechin,Elgin,1,2,A,1,0,H,C Scott,10.0,21.0,6.0,6.0,10.0,11.0,7.0,8.0,4,1,1,0,7.0,5.0,1.33,6.5,4.7,1.37,7.04,4.98,1.4,7.0,4.8,1.35,7.0,4.75,1.33,7.81,5.41,1.44,6.62,4.86,1.38,1.5,2.5,1.49,2.61,1.5,2.7,1.47,2.55,1.25,2.02,1.83,2.01,1.85,2.08,1.88,1.98,1.81,6.5,4.75,1.36,6.5,4.6,1.37,7.41,4.95,1.4,7.0,4.8,1.35,7.0,4.75,1.33,7.81,5.41,1.4,6.75,4.84,1.37,1.47,2.6,1.55,2.48,1.55,2.7,1.49,2.51,1.25,2.0,1.85,1.99,1.86,2.05,1.88,1.97,1.83,3,-1,0.08145639984453723,0.13967960412865815,0.1902631644715467,0.6700572313997951,2021.0,3.0,1.0,0,0,0,0,0,medium,0,0,0,medium,strong
SC3,2021-03-30,19:45,Cowdenbeath,Edinburgh City,1,3,A,1,2,A,M MacDermid,7.0,11.0,4.0,8.0,7.0,5.0,5.0,7.0,2,0,0,0,4.2,4.5,1.57,4.3,3.7,1.67,4.64,4.02,1.69,4.5,3.7,1.67,5.0,3.7,1.65,5.0,4.5,1.7,4.55,3.84,1.66,1.9,1.9,1.87,1.97,1.97,1.97,1.84,1.91,0.75,1.98,1.88,1.95,1.9,1.98,1.95,1.92,1.86,4.0,4.33,1.65,4.1,3.6,1.73,4.39,4.1,1.74,4.33,3.6,1.73,4.33,3.7,1.73,4.61,4.4,1.75,4.21,3.81,1.71,1.85,1.95,1.88,1.96,1.97,1.96,1.84,1.91,0.75,1.9,1.95,1.91,1.94,1.91,2.02,1.84,1.94,4,-2,0.08260652500110344,0.20301024860347647,0.24054599769422344,0.5564437537023,2021.0,3.0,1.0,0,0,0,0,0,medium,0,0,0,medium,strong
SC3,2021-03-30,19:45,Stirling,Stenhousemuir,1,0,H,0,0,D,G Grainger,19.0,3.0,10.0,0.0,12.0,13.0,8.0,3.0,1,2,0,1,1.9,3.75,3.3,2.0,3.3,3.4,2.01,3.61,3.61,2.05,3.3,3.4,1.95,3.5,3.5,2.05,3.75,3.61,1.99,3.51,3.41,1.75,2.05,1.77,2.05,1.85,2.11,1.76,2.0,-0.5,2.0,1.85,2.02,1.84,2.1,1.85,1.99,1.81,1.9,3.75,3.3,2.0,3.3,3.4,2.03,3.62,3.61,2.05,3.3,3.3,2.0,3.4,3.5,2.09,3.83,3.68,2.0,3.48,3.37,1.95,1.85,1.84,2.0,1.97,2.08,1.82,1.94,-0.25,1.75,2.13,1.76,2.11,1.81,2.13,1.75,2.05,1,1,0.0806679796791645,0.46500180653382495,0.26363350284966147,0.27136469061651364,2021.0,3.0,1.0,0,0,0,0,0,medium,0,0,0,strong,medium
SC3,2021-04-03,15:00,Annan Athletic,Elgin,0,3,A,0,2,A,S Reid,10.0,8.0,1.0,5.0,11.0,16.0,5.0,3.0,1,2,0,0,3.6,3.8,1.72,3.85,3.6,1.8,4.07,4.0,1.79,4.0,3.6,1.78,4.1,3.6,1.8,4.2,4.0,1.85,3.92,3.69,1.78,1.85,1.95,1.78,2.04,1.95,2.04,1.81,1.94,0.5,2.02,1.83,2.05,1.79,2.05,1.83,1.99,1.79,2.5,3.6,2.3,2.7,3.15,2.35,2.79,3.56,2.47,4.0,3.6,1.78,2.7,3.4,2.4,2.91,3.6,2.5,2.66,3.38,2.4,1.8,2.0,1.83,2.01,1.88,2.05,1.8,1.96,0.0,2.05,1.8,2.05,1.81,2.11,1.87,2.0,1.81,3,-3,0.0879025036524157,0.23448980028989022,0.24910569570091323,0.5164045040091965,2021.0,4.0,5.0,0,0,0,0,0,medium,0,0,0,medium,strong
SC3,2021-04-03,15:00,Cowdenbeath,Albion Rvs,0,1,A,0,1,A,K Graham,5.0,3.0,1.0,1.0,12.0,13.0,5.0,4.0,2,4,0,0,1.8,3.75,3.5,1.9,3.5,3.6,1.91,3.89,3.7,1.8,3.5,4.0,1.83,3.5,4.0,1.94,3.92,4.0,1.85,3.62,3.71,1.9,1.9,1.88,1.93,1.92,1.94,1.86,1.88,-0.5,1.9,1.95,1.91,1.93,1.95,2.0,1.85,1.93,2.15,3.6,2.8,2.25,3.2,2.95,2.19,3.5,3.31,1.88,3.5,3.7,2.25,3.3,3.0,2.27,3.6,3.31,2.19,3.34,3.04,1.85,1.95,1.89,1.94,1.96,1.95,1.88,1.87,-0.25,1.98,1.88,1.89,1.96,1.98,1.96,1.93,1.88,1,-1,0.08632541343893374,0.4975862056189724,0.25429129292682295,0.24812250145420456,2021.0,4.0,5.0,0,0,0,0,0,medium,0,0,0,strong,medium
SC3,2021-04-03,15:00,Queens Park,Stirling,1,0,H,1,0,H,D McFarlane,6.0,5.0,3.0,0.0,17.0,16.0,5.0,4.0,5,2,0,0,1.5,4.2,5.0,1.53,3.7,5.5,1.55,4.17,5.87,1.55,3.8,5.5,1.55,3.8,5.75,1.65,4.2,5.87,1.56,3.91,5.34,1.95,1.85,1.95,1.86,2.0,1.91,1.94,1.81,-1.0,2.05,1.8,2.03,1.82,2.16,1.84,2.03,1.77,1.45,4.33,5.5,1.53,3.65,5.75,1.56,4.09,6.04,1.52,3.75,6.0,1.53,3.9,5.75,1.58,4.33,6.23,1.54,3.92,5.56,2.0,1.8,2.03,1.81,2.28,1.94,1.97,1.79,-1.0,2.02,1.83,2.04,1.82,2.07,1.92,1.99,1.82,1,1,0.084046034331962,0.5913269554282995,0.23592584410950063,0.1727472004621999,2021.0,4.0,5.0,0,0,0,0,0,medium,0,0,0,strong,medium
SC3,2021-04-06,19:00,Brechin,Stenhousemuir,1,1,D,1,1,D,S Lambie,9.0,18.0,4.0,5.0,10.0,11.0,2.0,8.0,2,2,0,0,4.75,4.2,1.5,5.0,3.85,1.55,5.73,3.92,1.6,5.25,3.8,1.57,5.25,4.0,1.57,5.8,4.57,1.62,5.26,3.95,1.57,1.7,2.1,1.72,2.12,1.8,2.16,1.71,2.07,1.0,1.83,2.02,1.83,2.02,1.86,2.04,1.81,1.99,4.75,3.6,1.65,4.4,3.6,1.7,4.87,3.84,1.71,4.75,3.75,1.63,4.6,3.8,1.67,5.1,4.0,1.74,4.65,3.77,1.66,1.72,2.07,1.76,2.09,1.77,2.19,1.71,2.07,0.75,1.93,1.93,1.93,1.92,2.05,1.95,1.94,1.85,2,0,0.08022130056232557,0.17599548198327314,0.23436360385620672,0.5896409141605201,2021.0,4.0,1.0,0,0,0,0,0,medium,0,0,0,medium,strong
SC3,2021-04-06,19:00,Edinburgh City,Annan Athletic,1,1,D,0,0,D,G Ross,10.0,9.0,7.0,3.0,12.0,11.0,3.0,5.0,2,2,0,0,1.4,4.33,5.75,1.43,4.2,6.25,1.42,4.78,7.16,1.4,4.33,7.0,1.44,4.4,6.5,1.46,4.8,7.16,1.42,4.46,6.46,1.65,2.2,1.68,2.2,1.73,2.26,1.67,2.14,-1.25,2.0,1.85,2.02,1.83,2.04,1.85,1.98,1.82,1.44,4.33,5.25,1.53,4.0,5.25,1.55,4.48,5.53,1.47,4.2,5.8,1.5,4.2,6.0,1.55,4.75,6.0,1.5,4.31,5.41,1.7,2.1,1.66,2.25,1.7,2.26,1.65,2.17,-1.0,1.88,1.98,1.93,1.93,1.93,2.05,1.83,1.98,2,0,0.08323936035935464,0.6501105645561622,0.20698587481384537,0.14290356062999232,2021.0,4.0,1.0,0,0,0,0,0,medium,0,0,0,strong,medium
SC3,2021-04-06,19:00,Queens Park,Cowdenbeath,3,0,H,1,0,H,S Luke,17.0,1.0,9.0,0.0,11.0,10.0,9.0,0.0,2,2,0,0,1.14,6.0,17.0,1.15,5.75,19.0,1.16,7.07,18.81,1.14,6.0,21.0,1.15,6.0,20.0,1.18,7.4,25.0,1.16,6.37,17.47,1.95,1.85,1.95,1.87,2.0,1.96,1.91,1.85,-1.75,1.88,1.98,1.84,2.0,1.89,2.04,1.83,1.96,1.14,6.5,23.0,1.17,5.5,16.0,1.16,7.06,18.97,1.14,6.0,19.0,1.17,6.0,19.0,1.19,7.2,26.0,1.16,6.36,16.93,1.95,1.85,1.93,1.89,1.97,1.95,1.89,1.86,-1.75,1.88,1.98,1.89,1.94,1.91,2.01,1.85,1.94,3,3,0.07629582133376123,0.8009591307796338,0.14585754971811227,0.05318331950225388,2021.0,4.0,1.0,0,0,0,0,0,low,0,0,0,strong,medium
SC3,2021-04-06,19:00,Stirling,Albion Rvs,1,1,D,0,1,A,C Graham,16.0,9.0,8.0,5.0,15.0,14.0,8.0,3.0,1,2,0,0,1.33,4.5,6.5,1.43,4.1,6.25,1.43,4.69,7.16,1.4,4.33,7.0,1.44,4.2,6.5,1.46,4.92,7.9,1.41,4.42,6.65,1.8,2.0,1.84,2.0,1.84,2.07,1.79,1.98,-1.25,2.05,1.8,2.05,1.81,2.06,1.83,2.01,1.79,1.28,4.75,7.5,1.35,4.4,7.5,1.38,4.97,7.84,1.35,4.4,8.0,1.36,4.5,8.0,1.4,5.31,9.1,1.35,4.7,7.55,1.75,2.05,1.76,2.08,1.81,2.12,1.76,2.01,-1.25,1.88,1.98,1.86,2.0,1.95,2.0,1.85,1.94,2,0,0.08584014189705513,0.6531531031049939,0.2083587953343985,0.1384881015606077,2021.0,4.0,1.0,0,0,0,0,0,medium,0,0,0,strong,medium
SC3,2021-04-06,19:30,Elgin,Stranraer,2,1,H,0,0,D,P Stuart,12.0,13.0,4.0,6.0,8.0,15.0,6.0,3.0,4,2,0,0,2.2,3.75,2.62,2.3,3.4,2.7,2.28,3.96,2.82,2.25,3.3,2.9,2.25,3.5,2.88,2.31,3.96,2.96,2.23,3.65,2.79,1.66,2.15,1.7,2.18,1.75,2.27,1.67,2.14,-0.25,2.02,1.83,2.01,1.85,2.06,1.89,1.96,1.83,2.37,3.6,2.45,2.45,3.25,2.55,2.62,3.48,2.67,2.6,3.3,2.6,2.55,3.4,2.55,2.75,3.85,2.72,2.52,3.43,2.54,1.72,2.07,1.74,2.12,1.76,2.23,1.71,2.07,0.0,1.88,1.98,1.91,1.94,1.98,1.99,1.89,1.9,3,1,0.08082603508136899,0.41489608754639495,0.2534844589667016,0.33161945348690347,2021.0,4.0,1.0,0,0,0,0,0,medium,0,0,0,medium,strong
SC3,2021-04-08,19:00,Stenhousemuir,Cowdenbeath,1,0,H,0,0,D,L Watson,9.0,3.0,4.0,1.0,9.0,12.0,7.0,3.0,0,5,0,0,1.72,3.6,3.8,1.8,3.5,3.9,1.81,3.73,4.1,1.8,3.5,4.0,,,,1.87,3.81,4.2,1.8,3.58,3.93,1.85,1.95,1.89,1.93,1.92,1.96,1.86,1.88,-0.5,1.83,2.02,1.83,2.02,1.83,2.05,1.8,1.97,1.75,3.6,3.75,1.83,3.35,4.0,1.81,3.75,4.35,1.78,3.4,4.2,1.75,3.5,4.33,1.83,3.77,4.57,1.79,3.54,4.13,1.95,1.85,1.95,1.88,2.01,1.91,1.93,1.83,-0.5,1.85,2.0,1.81,2.05,1.85,2.09,1.8,2.0,1,1,0.08933809070275456,0.5099936927727875,0.2564214097740272,0.23358489745318511,2021.0,4.0,3.0,0,0,0,0,0,medium,0,0,0,strong,medium
SC3,2021-04-10,15:00,Annan Athletic,Stirling,1,2,A,0,1,A,S Lambie,7.0,13.0,5.0,5.0,7.0,12.0,4.0,6.0,2,0,1,0,3.2,3.3,2.0,3.25,3.4,2.05,3.34,3.76,2.06,3.4,3.4,2.0,3.4,3.4,2.05,3.47,3.78,2.09,3.29,3.51,2.02,1.85,1.95,1.88,1.93,1.97,1.95,1.87,1.88,0.25,2.05,1.8,2.05,1.8,2.1,1.82,2.02,1.79,3.4,3.4,1.9,3.4,3.3,2.0,3.63,3.7,2.0,3.3,3.5,2.0,3.4,3.4,2.05,3.7,3.73,2.06,3.44,3.48,1.98,2.07,1.72,2.07,1.77,2.08,1.87,1.99,1.77,0.5,1.83,2.02,1.86,2.0,1.86,2.06,1.8,1.99,3,-1,0.08390115763193506,0.28042351061347337,0.2628471082388397,0.4567293811476868,2021.0,4.0,5.0,0,0,0,0,0,medium,0,0,0,medium,strong
SC3,2021-04-10,15:00,Brechin,Albion Rvs,2,4,A,1,2,A,G Ross,11.0,11.0,5.0,8.0,10.0,9.0,2.0,6.0,1,0,1,0,2.62,3.6,2.15,2.65,3.35,2.35,2.78,3.69,2.38,2.75,3.4,2.3,2.8,3.5,2.3,2.92,3.72,2.39,2.73,3.52,2.3,1.7,2.1,1.75,2.09,1.75,2.15,1.7,2.08,0.25,1.8,2.05,1.78,2.08,1.84,2.1,1.78,2.02,2.7,3.6,2.15,2.9,3.2,2.25,3.03,3.68,2.26,3.0,3.2,2.25,2.88,3.4,2.3,3.03,3.68,2.43,2.87,3.42,2.27,1.9,1.9,1.9,1.93,1.92,2.03,1.85,1.9,0.25,1.88,1.98,1.88,1.97,1.88,2.1,1.82,1.99,6,-2,0.08517388408692761,0.33754992787038346,0.26179298383129174,0.4006570882983248,2021.0,4.0,5.0,0,0,0,0,0,medium,0,0,0,medium,strong
SC3,2021-04-10,15:00,Cowdenbeath,Elgin,1,0,H,1,0,H,D Dickinson,16.0,7.0,6.0,1.0,8.0,12.0,5.0,8.0,1,2,0,0,3.5,3.6,1.83,3.4,3.6,1.9,3.58,3.99,1.92,3.6,3.5,1.91,3.75,3.5,1.9,3.75,4.1,1.98,3.51,3.71,1.89,1.85,1.95,1.85,1.97,1.96,1.98,1.84,1.91,0.5,1.93,1.93,1.92,1.92,1.95,1.97,1.9,1.9,4.2,3.8,1.65,3.95,3.7,1.75,4.01,4.41,1.75,4.2,3.4,1.78,4.1,3.6,1.8,4.27,4.41,1.8,3.97,3.94,1.74,1.85,1.95,1.87,1.97,1.96,1.98,1.85,1.9,0.75,1.85,2.0,1.86,1.99,1.88,2.05,1.82,1.97,1,1,0.08354259297655542,0.2629340892983699,0.24875974486180008,0.4883061658398299,2021.0,4.0,5.0,0,0,0,0,0,medium,0,0,0,medium,strong
SC3,2021-04-10,15:00,Stenhousemuir,Queens Park,1,3,A,0,2,A,C Graham,5.0,17.0,3.0,10.0,9.0,11.0,3.0,5.0,2,0,0,1,5.0,3.8,1.53,5.5,3.75,1.53,5.57,4.4,1.54,5.25,3.8,1.57,5.5,3.9,1.57,6.0,4.5,1.6,5.33,4.0,1.55,1.85,1.95,1.84,1.98,1.94,1.98,1.85,1.9,1.0,1.77,2.02,1.85,1.98,1.92,2.07,1.81,1.99,7.0,4.2,1.36,7.0,4.0,1.43,6.95,4.66,1.44,7.5,4.2,1.4,8.0,4.2,1.4,8.0,4.7,1.47,6.82,4.32,1.42,2.0,1.8,2.08,1.76,2.08,1.95,1.96,1.8,1.25,1.83,2.02,1.8,2.07,1.87,2.1,1.78,2.03,4,-2,0.08277855111057297,0.17327389852297978,0.23088746978187055,0.5958386316951498,2021.0,4.0,5.0,0,0,0,0,0,medium,0,0,0,medium,strong
SC3,2021-04-10,15:00,Stranraer,Edinburgh City,0,1,A,0,1,A,M Roncone,8.0,9.0,2.0,3.0,9.0,5.0,5.0,4.0,1,1,0,0,2.8,2.8,2.62,2.7,2.75,2.6,2.9,2.84,2.84,2.9,2.9,2.5,2.7,3.2,2.5,2.9,3.2,2.84,2.78,2.88,2.65,1.85,1.95,1.89,1.93,1.89,1.99,1.84,1.91,0.0,1.98,1.88,1.94,1.89,2.03,1.89,1.95,1.85,2.4,2.8,3.1,2.45,2.95,2.75,2.64,3.17,2.86,2.55,3.0,2.75,2.5,3.2,2.75,2.7,3.25,3.1,2.53,3.03,2.81,1.9,1.9,1.88,1.94,1.97,1.94,1.87,1.87,0.0,1.77,2.1,1.85,2.01,1.85,2.16,1.8,2.02,1,-1,0.0842929430040873,0.3317481982491068,0.3202291635876794,0.3480226381632139,2021.0,4.0,5.0,0,0,0,0,0,medium,0,0,0,medium,strong
SC3,2021-04-13,19:00,Albion Rvs,Cowdenbeath,0,0,D,0,0,D,S Lambie,6.0,3.0,1.0,1.0,12.0,17.0,8.0,4.0,1,2,0,0,2.6,3.25,2.37,2.6,3.1,2.5,2.62,3.54,2.59,2.55,3.25,2.55,2.63,3.25,2.55,2.73,3.57,2.63,2.59,3.32,2.52,2.05,1.8,2.01,1.83,2.08,1.85,1.99,1.77,0.0,1.98,1.88,1.93,1.92,1.99,1.92,1.92,1.87,2.4,3.25,2.55,2.5,3.0,2.6,2.63,3.37,2.73,2.6,3.1,2.62,2.63,3.25,2.55,2.65,3.4,2.76,2.54,3.24,2.61,2.05,1.75,2.06,1.79,2.11,1.85,2.0,1.76,0.0,1.9,1.95,1.88,1.96,2.0,1.97,1.88,1.91,0,0,0.08413060220289137,0.3561382598331347,0.27783075089392134,0.366030989272944,2021.0,4.0,1.0,0,0,0,0,0,medium,0,0,0,medium,strong
SC3,2021-04-13,19:00,Edinburgh City,Brechin,2,1,H,1,1,D,K Graham,9.0,9.0,4.0,4.0,3.0,11.0,5.0,7.0,0,3,0,0,1.25,5.0,9.0,1.27,5.25,9.0,1.27,5.96,10.79,1.24,5.25,11.0,1.25,5.5,10.0,1.29,6.0,11.0,1.26,5.53,9.62,1.57,2.35,1.61,2.35,1.62,2.45,1.57,2.31,-1.5,1.85,2.0,1.85,2.0,1.86,2.02,1.81,1.98,1.28,4.75,8.5,1.3,5.0,8.25,1.32,6.03,7.72,1.27,5.25,9.0,1.25,5.5,9.5,1.33,6.03,10.5,1.29,5.43,8.13,1.53,2.4,1.56,2.47,1.59,2.55,1.53,2.4,-1.5,1.9,1.95,1.88,1.97,1.98,2.07,1.86,1.94,3,1,0.07843272400234413,0.7359298136886548,0.16768021071387074,0.09638997559747454,2021.0,4.0,1.0,0,0,0,0,0,medium,0,0,0,strong,medium
SC3,2021-04-13,19:00,Queens Park,Annan Athletic,1,0,H,1,0,H,M MacDermid,18.0,3.0,5.0,0.0,10.0,5.0,15.0,2.0,1,1,0,0,1.22,5.0,12.0,1.27,4.8,10.0,1.3,5.07,11.99,1.25,4.75,12.0,1.25,5.0,12.0,1.32,5.45,12.25,1.27,4.98,10.72,1.9,1.9,1.9,1.93,1.93,1.98,1.86,1.9,-1.5,1.93,1.93,1.91,1.94,1.95,2.01,1.87,1.93,1.22,5.5,12.0,1.25,5.0,11.0,1.28,5.46,11.79,1.25,4.8,12.0,1.25,5.25,10.0,1.29,6.01,12.0,1.25,5.21,10.65,1.75,2.05,1.79,2.04,1.87,2.08,1.78,1.97,-1.5,1.88,1.98,1.84,2.02,1.95,2.08,1.84,1.96,1,1,0.08148836974410734,0.72807216132103,0.18567302105978076,0.0862548176191892,2021.0,4.0,1.0,0,0,0,0,0,medium,0,0,0,strong,medium
SC3,2021-04-13,19:00,Stenhousemuir,Elgin,2,0,H,0,0,D,C Scott,13.0,10.0,4.0,4.0,15.0,7.0,9.0,8.0,4,2,0,0,2.62,3.4,2.25,2.55,3.3,2.45,2.65,3.71,2.48,2.62,3.4,2.4,2.7,3.5,2.4,2.75,3.75,2.51,2.61,3.51,2.4,1.72,2.07,1.72,2.12,1.76,2.15,1.71,2.07,0.0,2.0,1.85,1.99,1.86,2.03,1.9,1.98,1.82,2.7,3.4,2.2,2.7,3.3,2.35,2.87,3.72,2.34,2.75,3.4,2.3,2.7,3.5,2.38,2.88,3.74,2.47,2.7,3.51,2.33,1.72,2.07,1.74,2.12,1.81,2.15,1.73,2.05,0.0,2.08,1.73,2.14,1.74,2.14,1.86,2.02,1.78,2,2,0.084708714019059,0.35322087625948145,0.26265142080833237,0.38412770293218607,2021.0,4.0,1.0,0,0,0,0,0,medium,0,0,0,medium,strong
SC3,2021-04-13,19:00,Stirling,Stranraer,0,1,A,0,0,D,D Williams,9.0,9.0,3.0,4.0,23.0,12.0,7.0,2.0,3,2,1,0,2.15,3.4,2.87,2.3,3.05,3.0,2.34,3.43,3.08,2.3,3.2,2.9,2.3,3.13,3.1,2.36,3.55,3.16,2.27,3.27,2.98,2.25,1.61,2.34,1.61,2.36,1.75,2.2,1.63,-0.25,2.0,1.85,2.01,1.85,2.01,1.88,1.97,1.82,2.05,3.5,3.0,2.15,3.15,3.25,2.26,3.3,3.33,2.15,3.1,3.3,2.15,3.13,3.4,2.3,3.62,3.5,2.14,3.28,3.21,2.15,1.66,2.19,1.69,2.3,1.71,2.16,1.65,-0.25,1.93,1.93,1.94,1.91,1.94,2.1,1.86,1.93,1,-1,0.08190950171340794,0.40717697151524523,0.28265801998153106,0.31016500850322376,2021.0,4.0,1.0,0,0,0,0,0,medium,0,0,0,medium,strong
SC3,2021-04-15,19:00,Stranraer,Stenhousemuir,4,0,H,3,0,H,P Stuart,19.0,4.0,11.0,1.0,6.0,14.0,10.0,1.0,1,2,0,0,1.9,3.8,3.0,2.0,3.65,3.1,2.02,4.03,3.24,1.95,3.7,3.25,1.93,3.4,3.25,2.06,4.1,3.4,1.99,3.75,3.18,1.8,2.0,1.71,2.14,1.8,2.14,1.72,2.05,-0.5,2.02,1.83,2.02,1.82,2.03,1.85,1.99,1.79,1.95,3.8,2.9,2.05,3.25,3.4,2.09,3.63,3.44,1.95,3.4,3.5,1.95,3.4,3.6,2.09,3.8,3.6,2.02,3.47,3.35,1.95,1.85,1.97,1.86,2.0,1.97,1.9,1.85,-0.5,2.02,1.83,2.08,1.78,2.08,1.85,2.01,1.78,4,4,0.08364463828576829,0.46372449515276665,0.24608313209440152,0.29019237275283194,2021.0,4.0,3.0,0,0,0,0,0,medium,0,0,0,strong,medium
SC3,2021-04-17,12:00,Annan Athletic,Brechin,3,0,H,3,0,H,C Graham,10.0,6.0,7.0,3.0,5.0,12.0,4.0,7.0,1,2,0,1,1.53,3.8,4.75,1.57,3.9,4.8,1.61,4.22,5.05,1.55,3.9,5.25,1.57,4.0,5.25,1.63,4.33,5.25,1.58,3.98,4.87,1.7,2.1,1.72,2.12,1.81,2.12,1.72,2.06,-1.0,2.05,1.8,2.12,1.74,2.12,1.8,2.04,1.76,1.75,3.6,3.75,1.8,3.4,3.95,1.85,3.82,4.08,1.7,3.5,4.6,1.75,3.5,4.5,1.87,3.83,4.75,1.79,3.58,4.07,2.0,1.8,1.96,1.88,2.11,1.89,1.96,1.79,-0.75,2.08,1.73,2.1,1.76,2.12,1.87,2.02,1.79,3,3,0.08950648284700602,0.5809156736279282,0.23061476490756946,0.18846956146450236,2021.0,4.0,5.0,0,0,0,0,0,medium,0,0,0,strong,medium
SC3,2021-04-17,12:00,Cowdenbeath,Stirling,1,5,A,1,3,A,C Scott,2.0,17.0,1.0,8.0,10.0,11.0,3.0,5.0,3,1,0,0,3.6,3.75,1.8,3.95,3.35,1.83,4.38,3.59,1.83,3.75,3.3,1.91,4.0,3.4,1.87,4.38,3.75,1.94,4.01,3.47,1.83,2.0,1.8,1.96,1.86,2.0,1.87,1.92,1.82,0.5,1.98,1.88,2.01,1.83,2.01,1.94,1.93,1.85,5.0,4.0,1.53,5.25,3.65,1.6,5.35,3.92,1.65,4.0,3.4,1.83,5.5,3.75,1.57,5.5,4.12,1.74,5.07,3.79,1.61,2.0,1.8,1.96,1.88,2.05,1.88,1.95,1.8,0.75,2.05,1.8,2.02,1.84,2.07,1.96,2.01,1.8,6,-4,0.08400908407553098,0.23005024797939366,0.26585057475428486,0.5040991772663215,2021.0,4.0,5.0,0,0,0,0,0,medium,0,0,0,medium,strong
SC3,2021-04-17,12:00,Edinburgh City,Queens Park,2,3,A,0,1,A,G Grainger,8.0,17.0,3.0,6.0,10.0,9.0,3.0,5.0,1,2,0,0,4.33,3.6,1.72,4.3,3.35,1.77,4.62,3.65,1.78,4.2,3.4,1.78,4.2,3.5,1.8,4.7,3.75,1.89,4.3,3.53,1.76,2.0,1.8,1.97,1.85,2.04,1.86,1.96,1.79,0.5,2.02,1.83,2.07,1.77,2.07,1.83,2.01,1.77,4.75,3.6,1.66,4.5,3.4,1.73,5.19,3.89,1.67,4.2,3.4,1.8,4.5,3.6,1.73,5.19,3.89,1.82,4.43,3.61,1.72,2.0,1.8,1.95,1.88,2.01,1.95,1.91,1.84,0.75,1.9,1.95,1.99,1.87,2.04,2.05,1.85,1.95,5,-1,0.0840260766968719,0.2145318683140077,0.2613277716006326,0.5241403600853597,2021.0,4.0,5.0,0,0,0,0,0,medium,0,0,0,medium,strong
SC3,2021-04-17,12:00,Elgin,Albion Rvs,2,5,A,1,2,A,M MacDermid,11.0,7.0,7.0,6.0,13.0,10.0,8.0,5.0,0,0,0,0,1.36,4.2,6.0,1.43,4.4,6.0,1.4,4.97,7.06,1.4,4.6,6.5,1.4,4.6,7.0,1.44,5.25,7.2,1.4,4.72,6.43,1.57,2.35,1.55,2.46,1.6,2.46,1.54,2.37,-1.25,1.95,1.9,1.95,1.88,1.96,1.95,1.9,1.88,1.4,4.2,5.75,1.45,4.2,6.0,1.46,4.61,6.68,1.4,4.5,6.5,1.44,4.33,6.5,1.5,5.0,6.8,1.43,4.43,6.09,1.65,2.2,1.66,2.24,1.67,2.38,1.63,2.2,-1.25,2.02,1.83,2.09,1.79,2.09,1.85,2.0,1.8,7,-3,0.08167111639974545,0.6603538760128461,0.19586767508855604,0.1437784488985979,2021.0,4.0,5.0,0,0,0,0,0,medium,0,0,0,strong,medium
SC3,2021-04-20,19:45,Albion Rvs,Stranraer,0,2,A,0,1,A,L Wilson,4.0,13.0,3.0,6.0,6.0,7.0,3.0,5.0,0,1,0,0,4.75,4.0,1.66,4.2,3.6,1.73,4.68,3.78,1.74,4.4,3.6,1.7,4.5,3.8,1.67,4.75,4.1,1.74,4.36,3.78,1.7,1.61,2.25,1.65,2.24,1.68,2.3,1.64,2.19,0.75,1.93,1.93,1.93,1.93,1.95,1.95,1.89,1.89,4.5,4.0,1.7,4.0,3.65,1.73,4.36,4.02,1.75,4.2,3.6,1.73,4.6,3.8,1.67,4.6,4.02,1.77,4.27,3.81,1.71,1.65,2.2,1.67,2.22,1.7,2.25,1.64,2.18,0.75,1.93,1.93,1.92,1.93,1.95,1.97,1.88,1.9,2,-2,0.08214335683304919,0.21194770241566288,0.24446877844769588,0.5435835191366414,2021.0,4.0,1.0,0,0,0,0,0,medium,0,0,0,medium,strong
SC3,2021-04-20,19:45,Annan Athletic,Stenhousemuir,5,1,H,3,1,H,G Irvine,14.0,14.0,10.0,5.0,10.0,5.0,4.0,1.0,0,0,0,0,2.5,3.4,2.7,2.4,3.3,2.6,2.47,3.89,2.58,2.45,3.3,2.62,2.4,3.5,2.63,2.5,3.93,2.7,2.4,3.57,2.59,1.7,2.1,1.67,2.21,1.8,2.21,1.69,2.1,0.0,1.85,2.0,1.88,1.97,1.88,2.05,1.82,1.98,2.5,3.4,2.7,2.4,3.3,2.6,2.48,3.88,2.61,2.4,3.25,2.7,2.38,3.5,2.7,2.5,3.95,2.7,2.39,3.56,2.62,1.7,2.1,1.68,2.2,1.8,2.2,1.7,2.1,0.0,1.83,2.02,1.88,1.98,1.88,2.08,1.8,2.0,6,4,0.0828790975849798,0.38477671939176794,0.25867342480118855,0.3565498558070437,2021.0,4.0,1.0,0,0,0,0,0,medium,0,0,0,medium,strong
SC3,2021-04-20,19:45,Brechin,Cowdenbeath,0,0,D,0,0,D,M MacDermid,6.0,17.0,2.0,9.0,13.0,6.0,1.0,8.0,3,1,0,0,3.1,3.4,2.25,3.05,3.25,2.15,3.21,3.52,2.2,3.0,3.3,2.2,3.0,3.4,2.2,3.23,3.6,2.25,3.04,3.41,2.17,1.75,2.05,1.8,2.01,1.82,2.05,1.77,2.0,0.25,1.9,1.95,1.93,1.92,1.95,1.97,1.87,1.91,3.1,3.4,2.25,3.05,3.25,2.15,3.22,3.55,2.21,3.0,3.3,2.2,3.0,3.4,2.2,3.22,3.6,2.25,3.04,3.41,2.18,1.75,2.05,1.81,2.02,1.81,2.05,1.77,2.0,0.25,1.88,1.98,1.93,1.92,1.95,1.98,1.87,1.92,0,0,0.08303199347341961,0.3037282096958901,0.27077236289604273,0.4254994274080672,2021.0,4.0,1.0,0,0,0,0,0,medium,0,0,0,medium,strong
SC3,2021-04-20,19:45,Queens Park,Elgin,0,0,D,0,0,D,S Reid,15.0,4.0,4.0,2.0,12.0,4.0,6.0,4.0,0,2,0,0,1.4,4.5,7.5,1.43,4.2,6.5,1.41,4.79,7.13,1.4,4.33,7.0,1.4,4.5,7.0,1.45,5.0,7.5,1.41,4.53,6.69,1.72,2.07,1.74,2.1,1.77,2.11,1.72,2.06,-1.25,2.0,1.85,1.98,1.87,2.0,1.91,1.95,1.84,1.3,5.0,10.0,1.33,4.6,7.5,1.32,5.6,8.51,1.3,5.0,8.5,1.3,5.0,9.0,1.35,5.75,10.0,1.32,5.0,8.15,1.61,2.25,1.65,2.27,1.75,2.3,1.65,2.17,-1.5,2.02,1.83,2.0,1.86,2.1,1.88,1.98,1.81,0,0,0.07944724112358892,0.6570213264131431,0.20450332676435581,0.138475346822501,2021.0,4.0,1.0,0,0,0,0,0,medium,0,0,0,strong,medium
SC3,2021-04-20,19:45,Stirling,Edinburgh City,0,1,A,0,1,A,D Lowe,9.0,6.0,1.0,3.0,9.0,11.0,4.0,3.0,2,0,0,0,2.37,3.5,2.8,2.3,3.3,2.8,2.33,3.7,2.85,2.3,3.3,2.88,2.3,3.5,2.8,2.38,3.7,3.1,2.29,3.48,2.8,1.75,2.05,1.78,2.05,1.8,2.08,1.75,2.01,-0.25,2.05,1.8,2.05,1.82,2.06,1.83,2.01,1.78,2.15,3.5,3.1,2.2,3.35,2.9,2.26,3.75,2.98,2.25,3.4,2.88,2.2,3.4,3.0,2.3,3.79,3.11,2.22,3.51,2.88,1.75,2.05,1.79,2.05,1.81,2.08,1.76,2.01,-0.25,2.0,1.85,1.98,1.88,2.02,1.88,1.96,1.83,1,-1,0.08118040168936114,0.4038930247210386,0.26578018006068344,0.330326795218278,2021.0,4.0,1.0,0,0,0,0,0,medium,0,0,0,medium,strong
SC3,2021-04-23,19:45,Queens Park,Stranraer,0,1,A,0,1,A,B Cook,8.0,5.0,1.0,3.0,11.0,6.0,8.0,5.0,4,2,0,1,1.9,3.6,3.5,1.95,3.25,3.7,1.92,3.65,3.97,1.85,3.4,3.9,1.91,3.4,3.8,1.95,3.7,4.0,1.88,3.47,3.79,2.05,1.75,2.04,1.81,2.06,1.85,1.98,1.78,-0.5,1.93,1.93,1.92,1.93,1.97,1.98,1.88,1.91,1.75,3.6,4.0,1.8,3.35,4.2,1.8,3.73,4.47,1.83,3.4,4.0,1.87,3.4,4.0,1.87,3.73,4.5,1.8,3.54,4.12,2.05,1.8,2.01,1.83,2.05,1.85,1.98,1.78,-0.5,1.8,2.05,1.8,2.07,1.88,2.07,1.8,1.98,1,-1,0.0839515744014303,0.4907183182152306,0.26586467960940446,0.24341700217536505,2021.0,4.0,4.0,0,0,0,0,0,medium,0,0,0,strong,medium
SC3,2021-04-24,15:00,Albion Rvs,Annan Athletic,1,0,H,0,0,D,S Lambie,6.0,10.0,2.0,2.0,15.0,10.0,1.0,8.0,3,4,0,1,2.8,3.4,2.25,2.7,3.45,2.3,2.78,3.72,2.31,2.88,3.25,2.3,2.88,3.4,2.3,2.88,3.73,2.4,2.78,3.47,2.31,1.85,1.95,1.86,1.96,1.9,1.98,1.83,1.92,0.25,1.8,2.05,1.8,2.05,1.81,2.12,1.77,2.03,2.8,3.4,2.25,2.8,3.25,2.3,2.9,3.74,2.31,2.88,3.25,2.3,2.9,3.3,2.3,2.97,3.74,2.38,2.83,3.47,2.28,1.9,1.9,1.91,1.93,1.92,1.95,1.87,1.88,0.25,1.83,2.02,1.84,2.02,1.9,2.05,1.81,2.0,1,1,0.08079710115660621,0.33282123890865756,0.26664064673373716,0.40053811435760517,2021.0,4.0,5.0,0,0,0,0,0,medium,0,0,0,medium,strong
SC3,2021-04-24,15:00,Edinburgh City,Stirling,0,1,A,0,1,A,L Watson,11.0,16.0,1.0,7.0,14.0,9.0,6.0,10.0,3,2,0,0,2.15,3.3,3.0,2.1,3.45,3.05,2.11,3.7,3.16,2.1,3.4,3.1,2.2,3.4,3.0,2.2,3.7,3.19,2.11,3.53,3.07,1.72,2.07,1.7,2.11,1.76,2.13,1.71,2.07,-0.25,1.98,1.88,1.85,1.98,1.98,2.0,1.87,1.92,2.25,3.3,2.87,2.25,3.35,2.85,2.24,3.91,2.92,2.1,3.4,3.1,2.25,3.5,2.88,2.25,3.94,3.04,2.21,3.58,2.86,1.8,2.0,1.76,2.08,1.8,2.1,1.74,2.03,-0.25,2.02,1.83,1.97,1.88,2.06,1.95,1.95,1.84,1,-1,0.08295266729207085,0.43763099127330585,0.26158679648347744,0.3007822122432167,2021.0,4.0,5.0,0,0,0,0,0,medium,0,0,0,medium,medium
SC3,2021-04-24,15:00,Stenhousemuir,Cowdenbeath,0,2,A,0,0,D,D Williams,3.0,10.0,2.0,5.0,16.0,15.0,8.0,8.0,3,1,0,0,1.9,3.4,3.6,2.05,3.4,3.2,2.1,3.64,3.34,2.05,3.25,3.4,2.0,3.4,3.5,2.1,3.75,3.6,2.03,3.5,3.3,1.9,1.9,1.88,1.93,1.92,1.97,1.85,1.89,-0.25,,,1.83,2.02,1.83,2.1,1.78,2.02,2.1,3.3,3.2,2.15,3.2,3.15,2.14,3.74,3.22,2.05,3.3,3.3,2.15,3.3,3.2,2.2,3.74,3.4,2.12,3.39,3.19,2.05,1.75,1.8,2.04,2.05,2.04,1.94,1.81,-0.25,1.9,1.95,1.87,1.99,1.9,2.0,1.85,1.94,2,-2,0.0813554261830125,0.45554942020982886,0.26421866372170066,0.2802319160684704,2021.0,4.0,5.0,0,0,0,0,0,medium,0,0,0,medium,medium
SC3,2021-04-27,19:00,Annan Athletic,Stenhousemuir,1,1,D,0,0,D,l Wilson,8.0,9.0,6.0,3.0,10.0,17.0,3.0,3.0,1,4,0,0,2.0,3.5,3.0,2.1,3.2,3.15,2.15,3.53,3.3,2.05,3.25,3.25,2.15,3.3,3.25,2.16,3.56,3.38,2.09,3.39,3.2,1.95,1.85,1.96,1.86,2.01,1.89,1.92,1.83,-0.25,1.88,1.98,1.87,1.97,1.9,2.02,1.83,1.95,2.0,3.5,3.0,2.05,3.25,3.3,2.12,3.59,3.39,2.05,3.3,3.2,2.05,3.4,3.3,2.12,3.63,3.55,2.06,3.43,3.24,1.95,1.85,1.96,1.88,2.0,1.89,1.92,1.83,-0.25,1.9,1.95,1.84,2.02,1.87,2.06,1.8,2.0,2,0,0.08595415025899422,0.4405976987218281,0.27163692930047806,0.2877653719776939,2021.0,4.0,1.0,0,0,0,0,0,medium,0,0,0,medium,medium
SC3,2021-04-27,19:00,Cowdenbeath,Brechin,0,2,A,0,1,A,M Roncone,7.0,5.0,6.0,3.0,8.0,9.0,8.0,3.0,2,2,0,0,1.75,3.5,3.8,1.85,3.35,3.85,1.83,3.68,4.23,1.78,3.5,4.2,1.75,3.6,4.33,1.9,3.8,4.5,1.79,3.58,4.1,1.93,1.93,1.94,1.88,1.95,1.93,1.88,1.87,-0.75,2.1,1.77,2.1,1.75,2.11,1.83,2.02,1.79,1.75,3.5,3.8,1.9,3.55,3.55,1.86,3.8,4.07,1.88,3.4,3.75,1.85,3.5,3.9,1.95,3.8,4.11,1.86,3.54,3.8,1.95,1.85,1.95,1.88,2.01,1.9,1.92,1.82,-0.5,1.88,1.98,1.86,2.0,1.95,2.0,1.87,1.91,2,-2,0.08189126584003259,0.5163727959697734,0.2581863979848867,0.2254408060453401,2021.0,4.0,1.0,0,0,0,0,0,medium,0,0,0,strong,medium
SC3,2021-04-27,19:00,Stirling,Queens Park,1,2,A,0,1,A,D McFarlane,5.0,6.0,1.0,2.0,14.0,14.0,2.0,3.0,1,2,0,0,3.25,3.6,1.9,3.4,3.3,2.0,3.53,3.76,1.99,3.4,3.4,2.0,3.7,3.4,1.95,3.7,3.79,2.03,3.43,3.54,1.97,1.98,1.88,1.98,1.84,1.98,1.91,1.93,1.83,0.25,2.08,1.73,2.12,1.74,2.12,1.92,2.04,1.75,3.25,3.6,1.9,3.45,3.2,2.0,3.58,3.64,2.03,3.5,3.3,2.0,3.7,3.4,1.95,3.7,3.73,2.04,3.42,3.46,1.99,2.05,1.75,2.11,1.74,2.11,1.81,2.02,1.74,0.5,1.83,2.02,1.83,2.03,1.84,2.05,1.79,2.0,3,-1,0.08164527840855729,0.2695386327884946,0.2611631385493041,0.46929822866220133,2021.0,4.0,1.0,0,0,0,0,0,medium,0,0,0,medium,strong
SC3,2021-04-27,19:00,Stranraer,Elgin,1,4,A,0,4,A,C Scott,6.0,12.0,2.0,8.0,12.0,13.0,5.0,8.0,1,2,1,0,1.8,3.8,3.25,1.83,3.55,3.65,1.83,4.08,3.82,1.8,3.7,3.75,1.85,3.6,3.8,1.87,4.08,4.0,1.82,3.81,3.72,1.75,2.05,1.72,2.12,1.78,2.15,1.72,2.05,-0.5,1.88,1.98,1.83,2.01,1.91,2.02,1.83,1.95,1.75,4.0,3.5,1.9,3.45,3.6,1.88,3.98,3.81,1.83,3.6,3.6,1.85,3.6,3.8,1.94,4.0,3.91,1.85,3.72,3.62,1.75,2.05,1.74,2.12,1.81,2.12,1.74,2.03,-0.5,1.9,1.95,1.88,1.98,1.94,2.0,1.85,1.93,5,-3,0.08073494535267445,0.5084045369433743,0.2428599100359426,0.24873555302068315,2021.0,4.0,1.0,0,0,0,0,0,medium,0,0,0,strong,medium
SC3,2021-04-29,19:00,Brechin,Annan Athletic,0,3,A,0,1,A,D Lowe,12.0,9.0,2.0,5.0,9.0,9.0,5.0,0.0,1,3,0,0,2.63,3.75,2.38,3.0,3.25,2.2,3.07,3.53,2.27,2.88,3.3,2.3,2.9,3.3,2.3,3.18,3.75,2.4,2.94,3.35,2.25,1.98,1.88,1.96,1.88,2.0,1.91,1.91,1.84,0.25,1.83,2.03,1.88,1.97,1.91,2.03,1.81,1.97,2.88,3.75,2.2,3.05,3.3,2.15,3.14,3.63,2.22,3.0,3.2,2.25,3.1,3.3,2.2,3.28,3.75,2.27,3.02,3.4,2.19,1.98,1.88,2.02,1.83,2.05,1.88,1.94,1.81,0.25,1.9,1.95,1.93,1.93,1.95,2.01,1.86,1.92,3,-3,0.0830879615527802,0.31404287232048,0.27560777451409285,0.4103493531654272,2021.0,4.0,3.0,0,0,0,0,0,medium,0,0,0,medium,strong
SC3,2021-04-29,19:00,Elgin,Stirling,3,1,H,2,0,H,S Lambie,13.0,10.0,6.0,7.0,9.0,10.0,2.0,4.0,0,4,0,0,2.6,3.5,2.5,2.6,3.05,2.5,2.74,3.48,2.52,2.6,3.25,2.5,2.6,3.3,2.55,2.75,3.58,2.63,2.61,3.31,2.5,1.93,1.93,1.96,1.88,2.0,1.98,1.9,1.85,0.0,1.95,1.9,2.01,1.85,2.01,1.94,1.93,1.86,2.6,3.5,2.5,2.55,3.1,2.5,2.69,3.52,2.58,2.6,3.25,2.5,2.6,3.3,2.55,2.7,3.52,2.67,2.6,3.34,2.51,1.93,1.93,1.91,1.93,2.0,1.96,1.89,1.86,0.0,1.93,1.93,1.97,1.88,1.97,1.94,1.91,1.87,4,2,0.08525656607748511,0.3530425656275198,0.27838099585734943,0.36857643851513067,2021.0,4.0,3.0,0,0,0,0,0,medium,0,0,0,medium,strong
SC3,2021-04-29,19:00,Queens Park,Edinburgh City,2,0,H,1,0,H,L Wilson,8.0,9.0,3.0,3.0,8.0,6.0,4.0,5.0,2,0,0,0,1.75,3.8,4.5,1.8,3.3,4.2,1.8,3.72,4.48,1.73,3.4,4.6,1.73,3.4,4.75,1.81,3.8,4.75,1.77,3.51,4.29,2.15,1.68,2.13,1.73,2.2,1.75,2.1,1.69,-0.75,2.03,1.83,2.08,1.78,2.11,1.83,2.03,1.77,1.66,4.0,4.75,1.65,3.55,4.8,1.71,3.89,4.81,1.63,3.6,5.0,1.62,3.7,5.25,1.73,3.97,5.25,1.66,3.73,4.7,1.98,1.88,1.97,1.87,2.02,1.87,1.94,1.8,-0.75,1.88,1.98,1.94,1.91,1.95,2.0,1.86,1.92,2,2,0.08297226941294733,0.5216862586137009,0.2630725577624646,0.21524118362383463,2021.0,4.0,3.0,0,0,0,0,0,medium,0,0,0,strong,medium
SC3,2021-04-29,19:00,Stenhousemuir,Albion Rvs,0,1,A,0,1,A,S Luke,14.0,15.0,6.0,6.0,14.0,13.0,7.0,7.0,2,2,0,0,1.91,3.8,3.6,1.95,3.3,3.5,1.97,3.55,3.81,1.91,3.25,3.8,1.9,3.4,3.9,2.05,3.8,3.9,1.94,3.41,3.64,1.88,1.98,1.88,1.94,1.95,1.98,1.86,1.89,-0.5,1.93,1.93,1.98,1.88,2.01,1.93,1.93,1.85,2.0,3.8,3.4,2.05,3.25,3.35,2.05,3.72,3.44,2.05,3.25,3.4,2.0,3.4,3.5,2.12,3.76,3.5,2.03,3.49,3.31,1.88,1.98,1.78,2.05,1.97,2.1,1.79,1.95,-0.5,2.05,1.8,2.05,1.81,2.1,1.81,2.02,1.77,1,-1,0.08344432421585735,0.47576410342897885,0.2706693139742577,0.2535665825967634,2021.0,4.0,3.0,0,0,0,0,0,medium,0,0,0,strong,medium
SC3,2021-05-01,15:00,Albion Rvs,Brechin,1,1,D,0,0,D,S Reid,10.0,7.0,1.0,1.0,12.0,12.0,4.0,2.0,2,1,1,0,1.5,4.33,5.0,1.57,3.85,4.9,1.6,4.3,5.24,1.55,4.0,5.25,1.55,4.1,5.25,1.62,4.33,5.5,1.56,4.12,5.04,1.7,2.1,1.7,2.17,1.73,2.17,1.68,2.11,-1.0,1.98,1.88,2.03,1.83,2.03,1.88,1.97,1.81,,,,1.55,4.0,4.8,1.57,4.52,5.16,1.55,4.0,5.25,1.57,4.0,5.25,1.6,4.6,5.5,1.55,4.24,4.93,,,1.59,2.38,1.73,2.38,1.61,2.24,-1.0,,,1.97,1.88,2.02,1.89,1.96,1.83,2,0,0.0821567860402812,0.5923593043954538,0.2242913871011913,0.18334930850335476,2021.0,5.0,5.0,0,0,0,0,0,medium,0,0,0,strong,medium
SC3,2021-05-01,15:00,Annan Athletic,Cowdenbeath,1,1,D,0,0,D,B Cook,12.0,9.0,7.0,5.0,14.0,12.0,7.0,6.0,5,1,0,1,2.15,3.6,2.88,2.2,3.3,2.95,2.22,3.71,3.02,2.15,3.4,3.0,2.25,3.5,2.9,2.3,3.78,3.1,2.2,3.53,2.93,1.73,2.08,1.76,2.06,1.8,2.09,1.75,2.01,-0.25,1.93,1.93,1.95,1.9,2.02,1.95,1.92,1.85,,,,2.2,3.25,3.0,2.21,3.67,3.14,2.25,3.5,2.8,2.2,3.4,3.0,2.25,3.7,3.14,2.17,3.48,3.0,,,1.86,1.98,1.87,2.05,1.8,1.95,-0.25,,,1.92,1.93,1.98,1.95,1.9,1.88,2,0,0.07912850185326947,0.4212153175130015,0.2625137956171681,0.31627088686983046,2021.0,5.0,5.0,0,0,0,0,0,medium,0,0,0,medium,strong
SC3,2021-05-01,15:00,Edinburgh City,Elgin,2,0,H,2,0,H,M MacDermid,7.0,6.0,5.0,2.0,13.0,5.0,3.0,6.0,2,1,0,0,2.15,3.6,2.8,2.25,3.5,2.7,2.26,3.97,2.81,2.2,3.7,2.75,2.2,3.7,2.8,2.3,3.98,2.88,2.23,3.74,2.74,1.58,2.35,1.56,2.44,1.6,2.45,1.55,2.37,-0.25,2.0,1.85,2.0,1.85,2.05,1.85,1.97,1.81,,,,2.3,3.55,2.65,2.3,3.9,2.83,2.2,3.7,2.75,2.3,3.6,2.75,2.3,3.96,2.88,2.24,3.71,2.73,,,1.61,2.34,1.61,2.45,1.57,2.32,-0.25,,,2.02,1.83,2.02,1.86,1.98,1.81,2,2,0.08077367606756258,0.4149161875455503,0.24739655032796176,0.337687262126488,2021.0,5.0,5.0,0,0,0,0,0,medium,0,0,0,medium,strong
SC3,2021-05-01,15:00,Stirling,Stranraer,2,2,D,1,1,D,C Scott,12.0,8.0,6.0,4.0,13.0,12.0,6.0,7.0,0,2,0,0,2.45,3.75,2.38,2.4,3.45,2.5,2.61,3.74,2.54,2.55,3.4,2.45,2.6,3.3,2.55,2.81,3.75,2.65,2.56,3.5,2.47,1.9,1.85,1.92,1.92,1.96,1.95,1.87,1.87,0.0,1.95,1.9,1.93,1.92,1.98,1.96,1.91,1.86,,,,2.25,3.45,2.75,2.39,3.69,2.81,2.55,3.4,2.45,2.63,3.2,2.6,2.7,3.84,2.82,2.4,3.47,2.66,,,1.93,1.91,1.97,1.92,1.88,1.86,0.0,,,1.78,2.09,1.93,2.09,1.84,1.94,4,0,0.08119758530942733,0.3612891901605637,0.2642572362317266,0.37445357360770976,2021.0,5.0,5.0,0,0,0,0,0,medium,0,0,0,medium,strong
SC3,2021-05-04,19:00,Brechin,Stenhousemuir,0,1,A,0,0,D,G Ross,3.0,15.0,1.0,9.0,8.0,6.0,2.0,4.0,1,0,0,0,3.4,3.8,1.83,3.35,3.45,1.97,3.58,3.73,2.01,3.5,3.4,1.95,3.5,3.6,1.93,3.75,3.8,2.01,3.47,3.59,1.94,1.65,2.15,1.69,2.18,1.85,2.22,1.68,2.11,0.5,1.88,1.98,1.85,2.01,1.95,2.04,1.85,1.93,,,,3.2,3.4,2.05,3.45,3.74,2.05,3.4,3.4,2.0,3.5,3.6,1.93,3.7,3.75,2.06,3.34,3.55,2.0,,,1.64,2.28,1.76,2.28,1.65,2.16,0.5,,,1.81,2.05,1.88,2.08,1.8,1.97,1,-1,0.08219988759954511,0.26629501753098034,0.25739379131824563,0.4763111911507742,2021.0,5.0,1.0,0,0,0,0,0,medium,0,0,0,medium,strong
SC3,2021-05-04,19:00,Cowdenbeath,Albion Rvs,2,0,H,1,0,H,A Newlands,8.0,6.0,4.0,2.0,10.0,12.0,1.0,7.0,0,1,0,1,2.15,3.6,2.63,2.25,3.25,2.9,2.33,3.53,3.01,2.25,3.3,2.9,2.3,3.4,2.88,2.39,3.62,3.02,2.26,3.41,2.88,1.7,2.1,1.72,2.14,1.75,2.17,1.69,2.1,-0.25,2.03,1.83,2.02,1.84,2.05,1.86,1.97,1.81,,,,2.3,3.3,2.8,2.28,3.72,2.96,2.3,3.4,2.8,2.3,3.5,2.75,2.38,3.75,2.96,2.28,3.51,2.79,,,1.65,2.25,1.75,2.25,1.66,2.15,-0.25,,,1.99,1.86,2.1,1.86,1.99,1.8,2,2,0.08295523029322638,0.4085837195563358,0.270791556069595,0.3206247243740691,2021.0,5.0,1.0,0,0,0,0,0,medium,0,0,0,medium,strong
SC3,2021-05-04,19:00,Elgin,Queens Park,3,2,H,0,0,D,D Williams,8.0,6.0,4.0,5.0,7.0,11.0,3.0,4.0,1,2,0,0,3.4,3.5,2.1,3.2,3.25,2.1,3.52,3.46,2.12,3.2,3.3,2.1,3.25,3.4,2.1,3.57,3.6,2.15,3.27,3.39,2.07,1.78,2.03,1.78,2.06,1.8,2.08,1.74,2.02,0.25,2.03,1.83,2.03,1.83,2.06,1.89,1.96,1.82,,,,3.1,3.35,2.1,3.23,3.68,2.16,3.2,3.3,2.1,3.3,3.4,2.05,3.3,3.81,2.17,3.14,3.49,2.09,,,1.68,2.2,1.79,2.21,1.7,2.07,0.25,,,1.97,1.88,2.01,1.88,1.95,1.82,5,1,0.08388743573059365,0.2821422109643567,0.27215487606296357,0.44570291297267955,2021.0,5.0,1.0,0,0,0,0,0,medium,0,0,0,medium,strong
SC3,2021-05-04,19:00,Stranraer,Edinburgh City,2,1,H,2,1,H,G Grainger,8.0,7.0,3.0,0.0,9.0,10.0,3.0,2.0,0,1,0,0,2.0,3.3,3.75,2.0,3.05,3.65,2.07,3.28,3.88,1.95,3.4,3.5,1.95,3.3,3.7,2.1,3.56,3.95,2.0,3.26,3.64,1.93,1.93,1.9,1.93,1.93,2.0,1.85,1.9,-0.5,1.05,1.8,2.07,1.8,2.07,1.9,1.96,1.81,,,,1.85,3.2,4.1,1.85,3.49,4.53,1.88,3.4,3.8,2.0,3.3,3.6,2.05,3.61,4.8,1.87,3.35,4.08,,,1.93,1.91,1.99,1.92,1.89,1.85,-0.5,,,1.85,2.0,2.0,2.14,1.85,1.93,3,1,0.08147374098294335,0.46233207617741484,0.28363931053829133,0.2540286132842938,2021.0,5.0,1.0,0,0,0,0,0,medium,0,0,0,strong,medium
