ï»¿Div,Date,Time,HomeTeam,AwayTeam,FTHG,FTAG,FTR,HTHG,HTAG,HTR,HS,AS,HST,AST,HF,AF,HC,AC,HY,AY,HR,AR,B365H,B365D,B365A,BFDH,BFDD,BFDA,BMGMH,BMGMD,BMGMA,BVH,BVD,BVA,BWH,BWD,BWA,CLH,CLD,CLA,LBH,LBD,LBA,MaxH,MaxD,MaxA,AvgH,AvgD,AvgA,BFEH,BFED,BFEA,B365>2.5,B365<2.5,Max>2.5,Max<2.5,Avg>2.5,Avg<2.5,BFE>2.5,BFE<2.5,AHh,B365AHH,B365AHA,MaxAHH,MaxAHA,AvgAHH,AvgAHA,BFEAHH,BFEAHA,B365CH,B365CD,B365CA,BFDCH,BFDCD,BFDCA,BMGMCH,BMGMCD,BMGMCA,BVCH,BVCD,BVCA,BWCH,BWCD,BWCA,CLCH,CLCD,CLCA,LBCH,LBCD,LBCA,MaxCH,MaxCD,MaxCA,AvgCH,AvgCD,AvgCA,BFECH,BFECD,BFECA,B365C>2.5,B365C<2.5,MaxC>2.5,MaxC<2.5,AvgC>2.5,AvgC<2.5,BFEC>2.5,BFEC<2.5,AHCh,B365CAHH,B365CAHA,MaxCAHH,MaxCAHA,AvgCAHH,AvgCAHA,BFECAHH,BFECAHA,TotalGoals,GoalDifference,Overround,prob_home_market,prob_draw_market,prob_away_market,Year,Month,DayOfWeek,is_extreme_favorite_home,is_extreme_favorite_away,is_mismatch,is_high_scoring_match,is_very_high_scoring,draw_prob_category,has_extreme_draw_odds,has_extreme_home_odds,has_extreme_away_odds,home_team_strength_category,away_team_strength_category
G1,2025-08-23,18:00,Aris,Volos NFC,2,0,H,0,0,D,12,10,4,5,16,13,5,4,2,4,0,0,1.7,4.0,4.5,1.62,3.5,5.0,1.68,3.8,4.4,2.15,3.6500000000000004,3.25,1.68,3.7,4.75,1.65,3.5,4.4,1.65,3.5,4.4,1.7,4.0,5.0,1.67,3.66,4.55,1.72,3.7,5.1,2.05,1.75,2.05,1.77,1.98,1.74,2.04,1.79,-0.75,1.9,1.9,1.9,1.9,1.87,1.79,1.93,1.95,1.67,3.9,4.75,1.62,3.4,5.0,1.72,3.75,4.35,1.65,3.6,5.25,1.66,3.6,5.25,1.61,3.4,4.8,1.61,3.4,4.8,1.72,4.0,5.25,1.66,3.61,4.83,1.71,3.95,5.8,2.15,1.67,2.15,1.74,2.05,1.69,2.18,1.82,-0.75,1.88,1.93,1.9,1.93,1.85,1.81,1.92,2.04,2,2,0.09180665870564764,0.5484509463602921,0.2502494755250513,0.20129957811465662,2025.0,8.0,5.0,0,0,0,0,0,medium,0,0,0,strong,medium
G1,2025-08-23,18:00,Olympiakos,Asteras Tripolis,2,0,H,0,0,D,22,3,3,1,10,10,12,3,0,3,0,0,1.22,6.0,13.0,1.18,5.5,13.0,1.18,6.25,14.0,1.2,5.5,13.0,1.23,6.0,12.0,1.2,5.5,10.0,1.2,5.5,10.0,1.23,6.25,15.0,1.19,5.8,12.75,1.22,6.2,16.0,1.7,2.1,1.7,2.1,1.67,2.08,1.68,2.2,-1.75,1.9,1.9,1.9,1.92,1.81,1.86,1.89,1.94,1.22,5.5,17.0,1.2,5.0,13.0,1.18,6.25,14.0,1.18,6.0,17.0,1.22,6.0,14.5,1.18,5.5,12.0,1.18,5.5,12.0,1.22,6.25,17.0,1.19,5.79,13.97,1.23,6.6,22.0,1.85,1.95,1.85,2.1,1.74,1.98,1.9,2.08,-1.75,1.95,1.85,1.95,1.92,1.82,1.84,1.98,1.96,2,2,0.09118130010624936,0.7701159599893778,0.1580065504116137,0.07187748959900858,2025.0,8.0,5.0,0,0,0,0,0,medium,0,0,0,strong,medium
G1,2025-08-23,20:00,Panetolikos,Atromitos,0,2,A,0,1,A,11,14,0,3,12,15,1,4,1,2,0,0,3.1,3.0,2.45,2.88,2.88,2.4,2.8,3.05,2.5,2.88,2.9,2.45,2.85,3.1,2.45,2.75,3.0,2.37,2.75,3.0,2.37,3.1,3.1,2.57,2.87,2.97,2.45,3.1,2.94,2.56,2.5,1.5,2.55,1.53,2.44,1.49,2.6,1.52,0.25,1.75,2.05,1.75,2.1,1.67,2.03,1.73,2.17,3.2,3.0,2.4,3.1,2.88,2.3,2.8,3.05,2.5,3.13,3.0,2.38,3.1,3.0,2.37,3.0,2.87,2.3,3.0,2.87,2.3,3.33,3.05,2.5,3.04,2.94,2.39,3.6,2.92,2.56,2.5,1.5,2.55,1.5,2.49,1.48,2.74,1.54,0.25,1.8,2.0,1.8,2.08,1.71,1.96,1.86,2.14,2,-2,0.0932956577555879,0.3186988380292486,0.30796823742220314,0.37333292454854833,2025.0,8.0,5.0,0,0,0,0,0,medium,0,0,0,medium,strong
G1,2025-08-24,18:15,AEK,Panserraikos,2,0,H,2,0,H,25,6,8,1,10,14,9,1,1,1,0,0,1.22,6.0,13.0,1.18,5.5,12.0,1.23,5.75,10.5,1.2,5.75,11.5,1.24,6.25,11.0,1.22,5.5,9.5,1.22,5.5,9.5,1.24,6.33,13.0,1.21,5.74,11.13,1.23,6.4,13.0,1.6,2.3,1.6,2.35,1.57,2.25,1.6,2.34,-1.75,1.82,1.87,1.84,1.9,1.82,1.87,1.84,1.86,1.18,7.0,15.0,1.17,6.0,13.0,1.23,5.75,10.5,1.17,6.5,15.0,1.19,6.75,15.0,1.17,6.0,12.0,1.17,6.0,12.0,1.23,7.0,15.0,1.19,6.19,12.69,1.2,7.6,21.0,1.53,2.4,1.58,2.4,1.54,2.31,1.58,2.58,-2.0,1.95,1.85,2.0,1.85,1.93,1.79,2.0,1.91,2,2,0.09050956852488046,0.7578533053218962,0.15975653300339623,0.08239016167470749,2025.0,8.0,6.0,0,0,0,0,0,medium,0,0,0,strong,medium
G1,2025-08-24,19:00,PAOK,Larisa,1,0,H,0,0,D,19,7,7,2,8,12,9,2,1,2,0,0,1.29,5.25,11.0,1.25,5.0,10.0,1.22,6.0,10.5,1.22,5.25,11.5,1.25,6.0,10.5,1.22,5.5,9.0,1.22,5.5,9.0,1.29,6.0,11.5,1.24,5.48,10.19,1.09,5.5,11.0,1.67,2.15,1.67,2.4,1.57,2.27,1.67,1.41,-1.75,2.05,1.75,2.05,1.85,1.93,1.75,1.77,1.43,1.3,5.0,11.0,1.25,5.0,9.5,1.26,5.5,9.5,1.29,5.0,10.5,1.3,5.25,9.5,1.28,5.0,8.0,1.28,5.0,8.0,1.3,5.5,11.0,1.28,5.16,9.46,1.29,6.2,15.0,1.7,2.1,1.7,2.23,1.64,2.13,1.76,2.24,-1.5,1.9,1.9,1.9,1.97,1.82,1.89,1.98,1.98,1,1,0.08706879161715042,0.741858858539696,0.16786587310022316,0.09027526836008076,2025.0,8.0,6.0,0,0,0,0,0,medium,0,0,0,strong,medium
G1,2025-08-25,17:30,Levadeiakos,Kifisia,3,2,H,2,2,D,13,9,5,5,14,23,7,3,2,3,1,0,1.85,3.4,4.5,1.83,3.2,4.0,2.4,3.55,2.85,2.15,3.6500000000000004,3.25,1.88,3.4,4.0,1.83,3.2,3.8,1.83,3.2,3.8,1.9,3.4,4.5,1.86,3.27,4.04,1.04,1.02,1.04,2.2,1.65,2.2,1.65,2.16,1.63,1.39,1.59,-0.5,1.85,1.95,1.9,1.95,1.85,1.87,1.04,1.01,1.91,3.0,4.75,1.95,3.0,3.75,2.24,3.7,2.95,2.0,3.13,3.9,1.98,3.1,4.0,2.0,3.0,3.6,2.0,3.0,3.6,2.05,3.4,4.75,1.96,3.08,3.96,2.12,3.2,4.5,2.5,1.5,2.5,1.64,2.33,1.54,2.56,1.61,-0.5,1.95,1.85,2.02,1.86,1.92,1.79,2.12,1.87,5,1,0.09096955863091472,0.4928042256988742,0.2803106604892679,0.22688511381185794,2025.0,8.0,0.0,0,0,0,0,0,medium,0,0,0,strong,medium
G1,2025-08-30,17:00,Volos NFC,Olympiakos,0,2,A,0,0,D,9,14,4,7,14,14,4,8,2,0,0,0,15.0,5.0,1.22,13.0,5.0,1.2,11.5,5.6,1.23,13.0,5.0,1.22,13.5,5.5,1.24,11.0,5.0,1.22,11.0,5.0,1.22,15.0,5.6,1.25,12.5,5.24,1.22,14.5,5.9,1.24,1.95,1.85,1.95,1.94,1.83,1.87,1.93,1.91,1.5,2.0,1.8,2.0,1.8,1.96,1.75,2.04,1.81,11.0,4.33,1.3,10.0,4.5,1.29,9.5,5.0,1.29,11.0,4.8,1.29,10.5,5.0,1.31,9.0,4.6,1.28,9.0,4.6,1.28,11.0,5.0,1.32,10.0,4.71,1.29,15.0,5.4,1.32,1.95,1.85,1.95,1.85,1.9,1.81,2.04,1.92,1.5,1.74,1.94,1.83,1.95,1.78,1.92,1.86,2.11,2,-2,0.09051182580402961,0.07336004810494957,0.17500011475417357,0.7516398371408768,2025.0,8.0,5.0,0,0,0,0,0,medium,0,0,0,weak,strong
G1,2025-08-30,17:30,Panserraikos,OFI Crete,0,1,A,0,0,D,13,14,1,6,12,13,3,6,2,2,0,0,3.0,3.4,2.25,3.0,3.1,2.25,2.8,3.55,2.25,2.9,3.25,2.25,2.9,3.4,2.3,2.8,3.2,2.2,2.8,3.2,2.2,3.1,3.55,2.3,2.9,3.33,2.24,3.05,3.35,2.32,1.98,1.83,1.98,1.83,1.91,1.8,2.0,1.87,0.25,1.83,1.98,1.83,1.98,1.79,1.92,1.82,1.99,3.0,3.4,2.25,2.8,3.1,2.38,2.8,3.55,2.25,2.9,3.3,2.38,2.9,3.4,2.3,2.8,3.2,2.2,2.8,3.2,2.2,3.0,3.55,2.45,2.84,3.32,2.29,3.1,3.4,2.52,2.0,1.8,2.0,1.83,1.91,1.8,2.06,1.89,0.25,1.8,2.0,1.8,2.05,1.74,1.99,1.81,2.15,1,-1,0.09155645793576817,0.315904490051753,0.27511201836338844,0.4089834915848587,2025.0,8.0,5.0,0,0,0,0,0,medium,0,0,0,medium,strong
G1,2025-08-30,19:00,Aris,Panetolikos,0,2,A,0,0,D,18,12,8,4,11,16,7,2,0,6,0,0,1.41,4.33,7.0,1.44,3.75,7.0,1.48,4.1,6.1,2.15,3.6500000000000004,3.25,1.49,4.1,6.5,1.44,3.9,5.75,1.44,3.9,5.75,1.49,4.33,7.0,1.45,4.04,6.37,1.49,4.2,8.4,2.0,1.8,2.0,1.8,1.95,1.76,2.16,1.83,-1.0,1.78,2.03,1.82,2.03,1.78,1.93,1.8,2.01,1.39,4.33,7.5,1.36,4.0,8.0,1.47,4.1,6.1,1.4,4.2,7.5,1.43,4.2,7.5,1.4,4.0,6.5,1.4,4.0,6.5,1.47,4.33,8.0,1.42,4.13,7.05,1.45,4.7,9.6,2.05,1.75,2.05,1.8,1.98,1.74,2.14,1.85,-1.25,2.0,1.8,2.08,1.8,1.98,1.72,2.07,1.89,2,-2,0.09416579616062615,0.630302258427159,0.22622234522756943,0.14347539634527165,2025.0,8.0,5.0,0,0,0,0,0,medium,0,0,0,strong,medium
G1,2025-08-30,19:30,Larisa,Kifisia,1,1,D,0,0,D,15,15,4,5,13,14,2,5,4,5,0,0,2.1,3.2,3.4,2.15,3.0,3.3,2.4,3.55,2.85,2.15,3.1,3.25,2.2,3.1,3.4,2.1,3.0,3.2,2.1,3.0,3.2,2.2,3.2,3.75,2.15,3.05,3.35,2.1,1.09,3.6,2.3,1.6,2.3,1.6,2.24,1.58,1.45,1.25,-0.25,1.85,1.95,1.85,1.95,1.82,1.89,1.86,1.97,2.25,2.85,3.5,2.2,2.8,3.4,2.24,3.7,2.95,2.25,2.9,3.5,2.25,2.87,3.6,2.15,2.75,3.4,2.15,2.75,3.4,2.3,2.9,4.0,2.23,2.81,3.53,2.4,2.94,3.9,2.88,1.37,2.88,1.43,2.72,1.41,2.98,1.47,-0.25,1.95,1.85,1.95,1.86,1.87,1.84,2.01,1.96,2,0,0.09149259421535105,0.42612866228756124,0.30038577833385466,0.27348555937858404,2025.0,8.0,5.0,0,0,0,0,0,medium,0,0,0,medium,medium
G1,2025-08-31,18:00,AEK,Asteras Tripolis,1,0,H,1,0,H,15,4,4,2,17,7,5,3,3,2,0,0,1.22,6.0,10.0,1.22,5.0,11.0,1.26,5.4,10.0,1.22,5.25,11.0,1.26,5.75,10.5,1.22,5.25,9.0,1.22,5.25,9.0,1.26,6.0,11.0,1.24,5.35,10.13,1.27,5.5,1.09,1.7,2.1,1.74,2.2,1.69,2.05,1.48,2.12,-1.5,1.8,2.0,1.83,2.0,1.78,1.92,1.65,1.92,1.19,6.0,12.0,1.2,5.5,12.0,1.25,5.5,10.0,1.22,5.5,13.0,1.23,6.0,12.0,1.2,5.5,10.0,1.2,5.5,10.0,1.25,6.0,13.0,1.22,5.54,11.16,1.27,6.4,15.0,1.7,2.1,1.73,2.1,1.69,2.05,1.77,2.26,-1.75,1.95,1.85,2.02,1.85,1.96,1.73,2.02,1.93,1,1,0.09208418387314032,0.7384518746925701,0.17115520086332467,0.09039292444410531,2025.0,8.0,6.0,0,0,0,0,0,medium,0,0,0,strong,medium
G1,2025-08-31,19:00,PAOK,Atromitos,1,0,H,0,0,D,26,1,5,1,11,18,6,1,1,6,0,1,1.33,4.75,8.5,1.3,4.5,8.5,1.3,5.1,8.5,1.33,4.5,8.0,1.37,4.8,7.75,1.33,4.5,7.0,1.33,4.5,7.0,1.37,5.1,8.5,1.32,4.73,7.98,1.3,3.9,7.6,1.75,2.05,1.75,2.05,1.72,2.0,1.26,1.35,-1.5,2.05,1.75,2.05,1.8,1.97,1.74,1.37,1.54,1.35,4.5,8.0,1.33,4.33,8.0,1.35,4.8,7.5,1.36,4.6,8.0,1.38,4.75,7.5,1.35,4.4,6.5,1.35,4.4,6.5,1.38,4.8,8.5,1.35,4.59,7.59,1.36,5.6,10.5,1.73,2.08,1.75,2.08,1.72,2.0,1.86,2.14,-1.25,1.79,1.89,1.8,1.95,1.75,1.92,1.86,2.06,1,1,0.09430553127003538,0.6922890691199614,0.19319694952184965,0.11451398135818909,2025.0,8.0,6.0,0,0,0,0,0,medium,0,0,0,strong,medium
G1,2025-08-31,20:00,Panathinaikos,Levadeiakos,1,1,D,1,0,H,20,7,1,1,11,14,7,3,1,1,0,0,1.3,5.0,9.5,1.29,4.6,9.0,1.25,5.6,9.5,1.29,4.8,9.0,1.31,5.25,9.0,1.28,4.8,8.0,1.28,4.8,8.0,1.32,5.6,9.5,1.28,5.08,8.91,1.32,5.2,11.0,1.7,2.1,1.71,2.17,1.66,2.1,1.72,2.14,-1.5,1.95,1.85,1.95,1.97,1.84,1.86,1.98,1.87,1.39,4.5,7.0,1.36,4.2,7.5,1.32,4.9,8.0,1.4,4.4,8.0,1.39,4.6,7.5,1.36,4.33,6.5,1.36,4.33,6.5,1.4,5.0,8.5,1.36,4.52,7.58,1.39,5.1,10.0,1.8,2.0,1.8,2.02,1.77,1.94,1.9,2.06,-1.25,1.92,1.77,1.92,2.08,1.78,1.9,2.0,1.92,2,0,0.09033383926756633,0.716523666297293,0.18054139623238877,0.10293493747031819,2025.0,8.0,6.0,0,0,0,0,0,medium,0,0,0,strong,medium
G1,2025-09-13,16:00,Olympiakos,Panserraikos,5,0,H,0,0,D,29,2,12,1,8,14,11,0,0,3,0,1,1.1,8.0,26.0,1.09,7.5,19.0,1.15,7.0,14.0,1.08,8.0,21.0,1.11,9.25,20.0,1.1,8.0,15.0,1.1,8.0,15.0,1.16,9.25,26.0,1.11,7.75,19.27,1.12,9.2,26.0,1.5,2.5,1.52,2.55,1.49,2.47,1.49,2.7,-2.25,1.83,1.98,1.93,1.98,1.83,1.89,1.86,1.96,1.07,9.5,26.0,1.06,8.5,21.0,1.09,9.0,20.0,1.07,10.0,23.0,1.1,10.5,23.0,1.07,9.0,19.0,1.07,9.0,19.0,1.1,10.5,31.0,1.08,9.19,22.94,1.08,14.5,55.0,1.36,3.1,1.4,3.1,1.36,2.93,1.42,3.15,-2.5,1.88,1.93,1.88,1.95,1.82,1.89,1.89,2.05,5,5,0.08182729492805318,0.8327585235874596,0.11927251112026842,0.04796896529227194,2025.0,9.0,5.0,0,0,0,0,0,low,0,0,0,strong,medium
G1,2025-09-13,18:00,Atromitos,Aris,1,2,A,1,1,D,7,11,2,5,12,17,4,7,1,2,0,0,3.2,3.2,2.25,3.1,2.88,2.3,3.35,3.1,2.18,2.15,3.6500000000000004,3.25,3.1,3.1,2.37,2.9,2.9,2.3,2.9,2.9,2.3,3.35,3.2,2.37,3.15,3.03,2.26,3.35,3.0,2.38,2.4,1.53,2.5,1.54,2.4,1.51,2.22,1.57,0.25,1.83,1.98,1.89,1.98,1.85,1.89,1.83,1.98,3.1,3.2,2.3,2.75,2.88,2.5,2.8,3.1,2.55,2.88,3.1,2.5,3.0,3.0,2.4,2.75,2.87,2.45,2.75,2.87,2.45,3.1,3.2,2.55,2.87,3.01,2.47,3.1,3.1,2.7,2.35,1.57,2.55,1.57,2.38,1.52,2.48,1.66,0.25,1.78,2.03,1.78,2.12,1.68,2.09,1.75,2.26,3,-1,0.08997119686684218,0.2912556940705108,0.3027905730436003,0.40595373288588893,2025.0,9.0,5.0,0,0,0,0,0,medium,0,0,0,medium,strong
G1,2025-09-13,18:00,Panetolikos,Volos NFC,1,2,A,1,2,A,7,10,1,2,14,16,7,3,5,6,0,0,2.57,3.1,2.75,2.6,2.88,2.63,2.45,3.1,2.85,2.55,3.0,2.7,2.6,3.1,2.75,2.5,2.9,2.62,2.5,2.9,2.62,2.6,3.2,2.85,2.53,3.03,2.73,2.74,3.05,2.86,2.4,1.53,2.45,1.53,2.41,1.51,2.22,1.56,0.0,1.85,1.95,1.85,1.95,1.81,1.92,1.9,1.97,2.57,3.1,2.7,2.6,2.88,2.63,2.55,3.1,2.7,2.63,3.0,2.75,2.65,3.0,2.7,2.6,2.9,2.6,2.6,2.9,2.6,2.65,3.15,2.8,2.58,3.01,2.7,2.82,3.1,2.98,2.4,1.53,2.45,1.53,2.41,1.51,2.56,1.6,0.0,1.88,1.93,1.88,1.95,1.83,1.9,1.92,2.06,3,-1,0.09159028659674373,0.3620927392349211,0.3023414621334489,0.3355657986316301,2025.0,9.0,5.0,0,0,0,0,0,medium,0,0,0,medium,strong
G1,2025-09-14,16:00,Asteras Tripolis,Larisa,2,2,D,2,0,H,10,16,2,5,12,15,4,2,4,4,0,0,1.86,3.2,4.33,1.91,3.0,4.0,1.88,3.1,4.35,1.87,3.1,4.2,1.9,3.1,4.33,1.85,3.0,4.0,1.85,3.0,4.0,1.95,3.33,4.35,1.89,3.11,4.14,1.89,3.3,4.5,2.5,1.5,2.5,1.54,2.41,1.51,2.22,1.56,-0.5,1.9,1.9,1.93,1.9,1.86,1.84,1.89,1.94,1.81,3.25,4.5,1.83,3.1,4.2,1.83,3.2,4.5,1.83,3.25,4.5,1.9,3.2,4.33,1.85,3.1,4.0,1.85,3.1,4.0,1.9,3.33,4.5,1.84,3.19,4.33,1.92,3.4,5.0,2.4,1.53,2.45,1.58,2.35,1.54,2.56,1.62,-0.5,1.83,1.98,1.85,1.98,1.81,1.9,1.93,2.04,4,0,0.09218983118046453,0.4844400799160205,0.29440249229623106,0.22115742778774847,2025.0,9.0,6.0,0,0,0,0,0,medium,0,0,0,strong,medium
G1,2025-09-14,16:00,Kifisia,Panathinaikos,3,2,H,1,1,D,10,12,4,4,22,20,3,6,5,4,0,0,10.0,4.75,1.3,9.0,4.6,1.29,2.4,3.55,2.85,2.15,3.6500000000000004,3.25,9.75,5.0,1.32,8.5,4.6,1.28,8.5,4.6,1.28,10.0,5.33,1.32,9.08,4.79,1.3,1.04,1.01,1.09,1.75,2.05,1.75,2.05,1.72,2.01,1.26,1.15,1.5,1.83,1.98,1.85,1.98,1.81,1.9,1.8849999999999998,1.8849999999999998,9.5,4.33,1.35,8.0,4.2,1.33,2.24,3.7,2.95,8.5,4.4,1.36,7.5,4.4,1.41,7.0,4.2,1.4,7.0,4.2,1.4,9.5,4.5,1.41,7.85,4.34,1.38,9.0,4.9,1.43,1.95,1.85,1.95,1.85,1.9,1.82,2.0,1.95,1.25,1.88,1.93,1.88,1.93,1.83,1.89,1.92,1.99,5,1,0.08813119504445943,0.101212205928724,0.19185946343065008,0.706928330640626,2025.0,9.0,6.0,0,0,0,0,0,medium,0,0,0,medium,strong
G1,2025-09-14,18:00,Levadeiakos,AEK,0,1,A,0,0,D,13,19,4,6,9,20,2,8,2,2,0,0,7.5,3.9,1.45,7.0,4.0,1.4,7.5,4.3,1.41,7.0,3.9,1.44,7.0,4.2,1.44,6.0,4.0,1.4,6.0,4.0,1.4,7.5,4.35,1.46,6.88,4.08,1.43,7.2,4.2,1.46,2.0,1.8,2.0,1.8,1.93,1.78,1.84,1.82,1.25,1.73,2.08,1.83,2.08,1.75,1.99,1.74,2.12,5.0,4.0,1.62,5.0,3.5,1.62,5.6,3.75,1.57,5.5,3.75,1.6,4.8,3.7,1.68,4.8,3.6,1.6,4.8,3.6,1.6,5.6,4.0,1.68,5.11,3.7,1.62,5.7,4.0,1.71,2.05,1.75,2.05,1.78,2.0,1.73,2.14,1.85,0.75,2.0,1.8,2.05,1.83,1.97,1.77,2.05,1.92,1,-1,0.08974757572568803,0.13337844510689661,0.22491267214104133,0.6417088827520621,2025.0,9.0,6.0,0,0,0,0,0,medium,0,0,0,medium,strong
G1,2025-09-14,19:30,OFI Crete,PAOK,1,2,A,0,2,A,7,14,2,4,10,16,5,2,2,1,0,0,5.25,3.7,1.62,4.5,3.6,1.67,5.1,3.65,1.63,2.15,3.6500000000000004,3.25,4.6,3.8,1.68,4.33,3.6,1.65,4.33,3.6,1.65,5.25,3.8,1.68,4.75,3.67,1.65,1.04,3.9,1.14,1.75,2.05,1.75,2.12,1.7,2.05,1.75,1.33,0.75,1.98,1.83,1.98,1.83,1.93,1.8,1.81,1.21,8.0,4.5,1.33,7.0,4.33,1.36,6.5,4.1,1.46,7.5,4.75,1.36,7.25,4.75,1.4,6.5,4.4,1.36,6.5,4.4,1.36,8.0,4.75,1.47,7.05,4.43,1.39,8.2,4.8,1.48,1.67,2.15,1.67,2.2,1.65,2.13,1.72,2.32,1.25,1.98,1.83,1.98,1.89,1.88,1.84,1.95,1.97,3,-1,0.08906648588277744,0.1933089655392571,0.25019552760530556,0.5564955068554372,2025.0,9.0,6.0,0,0,0,0,0,medium,0,0,0,medium,strong
G1,2025-09-20,16:00,Kifisia,Aris,0,1,A,0,0,D,7,15,1,4,14,20,2,4,1,3,1,0,4.0,3.4,1.91,4.0,3.0,1.91,2.4,3.55,2.85,2.15,3.6500000000000004,3.25,4.0,3.25,1.93,3.8,3.1,1.91,3.8,3.1,1.91,4.25,3.4,1.95,3.94,3.17,1.92,4.1,3.2,1.87,2.35,1.57,2.38,1.57,2.33,1.54,1.49,1.58,0.5,1.85,1.95,1.85,1.95,1.83,1.89,1.86,1.87,4.5,3.6,1.76,4.5,3.1,1.8,2.24,3.7,2.95,4.6,3.3,1.8,4.4,3.3,1.85,4.2,3.1,1.8,4.2,3.1,1.8,4.6,3.6,1.86,4.39,3.27,1.81,4.8,3.6,1.89,2.25,1.62,2.38,1.62,2.28,1.57,2.44,1.65,0.5,2.03,1.78,2.03,1.83,1.92,1.78,2.07,1.89,1,-1,0.09009785318152952,0.23282965456562485,0.28938449179449904,0.4777858536398761,2025.0,9.0,5.0,0,0,0,0,0,medium,0,0,0,medium,strong
G1,2025-09-20,16:00,Panserraikos,Atromitos,1,1,D,0,1,A,15,11,2,2,19,21,3,7,5,3,0,0,3.5,3.0,2.2,3.3,2.88,2.2,3.5,2.8,2.25,3.4,2.9,2.2,3.4,2.95,2.3,3.2,2.8,2.2,3.2,2.8,2.2,4.2,3.0,2.37,3.46,2.82,2.23,2.7,2.68,2.02,2.6,1.48,3.0,1.5,2.63,1.44,1.51,1.25,0.25,1.9,1.9,1.9,1.9,1.85,1.85,1.58,1.72,3.0,2.82,2.57,2.88,3.0,2.38,3.45,3.0,2.16,2.88,3.25,2.4,3.1,3.0,2.35,3.0,2.9,2.25,2.9,2.9,2.3,3.45,3.25,2.62,3.06,2.99,2.35,3.55,3.05,2.5,2.08,1.73,2.25,1.73,2.11,1.66,2.2,1.8,0.25,1.65,2.2,1.78,2.2,1.69,2.07,1.88,2.09,2,0,0.09205776339201921,0.2646538953605818,0.3247171907615649,0.4106289138778534,2025.0,9.0,5.0,0,0,0,0,0,medium,0,0,0,medium,strong
G1,2025-09-20,18:00,Volos NFC,Asteras Tripolis,2,1,H,1,0,H,16,11,5,4,16,21,7,3,3,4,0,0,2.35,3.25,3.0,2.4,3.0,2.8,2.48,3.1,2.8,2.45,3.1,2.8,2.5,3.2,2.8,2.4,3.0,2.7,2.4,3.0,2.7,2.5,3.33,3.0,2.43,3.1,2.8,2.24,3.15,3.0,2.25,1.62,2.25,1.62,2.24,1.59,1.45,1.25,-0.25,2.05,1.75,2.08,1.75,2.06,1.68,1.94,1.72,2.01,3.3,3.6,2.0,3.1,3.6,1.95,3.25,3.7,2.05,3.2,3.6,2.05,3.1,3.7,2.0,3.0,3.5,2.0,3.0,3.5,2.05,3.3,4.0,2.0,3.14,3.65,2.18,3.25,4.1,2.35,1.57,2.35,1.6,2.25,1.58,2.46,1.64,-0.5,2.05,1.75,2.05,1.8,1.98,1.75,2.18,1.81,3,1,0.09124613604900333,0.37711256897076073,0.29560759438675765,0.32727983664248167,2025.0,9.0,5.0,0,0,0,0,0,medium,0,0,0,medium,strong
G1,2025-09-20,18:30,PAOK,Panetolikos,0,0,D,0,0,D,24,3,8,2,10,19,12,1,1,5,0,1,1.17,6.0,19.0,1.17,6.0,13.0,2.4,3.55,2.85,1.15,6.0,15.0,1.18,7.0,14.5,1.15,6.5,12.0,1.15,6.5,12.0,1.18,7.0,19.0,1.16,6.22,14.59,1.18,7.2,16.0,1.67,2.15,1.67,2.25,1.63,2.16,1.7,2.16,-2.0,2.03,1.78,2.03,1.83,1.95,1.78,1.55,1.38,1.11,7.0,26.0,1.13,6.5,17.0,1.11,7.5,20.0,1.12,7.5,23.0,1.15,7.5,19.0,1.12,6.5,15.0,1.12,6.5,15.0,1.15,7.5,26.0,1.13,6.98,19.6,1.15,9.0,30.0,1.73,2.08,1.73,2.1,1.7,2.05,1.79,2.2,-2.0,1.85,1.95,1.85,1.95,1.82,1.9,1.89,2.05,0,0,0.09138076565344022,0.7898883621987755,0.14731036979912854,0.06280126800209591,2025.0,9.0,5.0,0,0,0,0,0,low,0,0,0,strong,medium
G1,2025-09-21,15:30,Larisa,AEK,1,1,D,0,0,D,14,24,3,4,13,15,4,6,4,0,0,0,8.0,4.5,1.37,8.0,4.0,1.36,8.5,4.5,1.36,8.0,4.2,1.36,7.5,4.4,1.4,7.0,4.2,1.36,7.0,4.2,1.36,8.5,4.75,1.4,7.71,4.33,1.37,8.8,4.5,1.11,1.88,1.93,1.93,1.93,1.87,1.84,1.9,1.92,1.25,1.85,1.95,1.92,1.95,1.86,1.85,1.77,1.69,6.5,4.33,1.42,6.5,3.75,1.44,6.5,3.95,1.47,7.0,4.2,1.44,6.75,4.2,1.46,6.0,4.0,1.44,6.0,4.0,1.44,7.0,4.33,1.47,6.53,4.08,1.45,8.2,4.5,1.5,1.85,1.95,1.98,1.95,1.87,1.84,1.95,2.0,1.0,2.05,1.75,2.05,1.8,2.01,1.74,2.16,1.81,2,0,0.09057557563827978,0.1189295717043812,0.2117660503096487,0.6693043779859701,2025.0,9.0,6.0,0,0,0,0,0,medium,0,0,0,medium,strong
G1,2025-09-21,16:00,Levadeiakos,OFI Crete,4,0,H,1,0,H,17,5,6,2,16,19,7,3,1,3,0,2,2.01,3.6,3.4,2.05,3.2,3.25,2.2,3.4,3.0,2.05,3.3,3.3,2.15,3.4,3.2,2.05,3.25,3.1,2.05,3.25,3.1,2.2,3.6,3.6,2.09,3.31,3.21,1.32,1.68,3.55,1.98,1.83,1.98,1.85,1.9,1.81,1.96,1.3,-0.5,2.03,1.78,2.05,1.78,2.03,1.69,1.32,1.65,1.96,3.5,3.75,1.95,3.25,3.5,1.98,3.5,3.4,1.95,3.4,3.7,2.0,3.4,3.5,1.95,3.3,3.5,1.85,3.3,3.5,2.0,3.5,4.0,1.95,3.38,3.59,1.97,3.6,4.3,1.95,1.85,1.95,1.86,1.9,1.81,2.0,1.96,-0.5,1.98,1.83,1.98,1.83,1.91,1.8,1.99,2.0,4,4,0.09211018289768758,0.438114127140554,0.27663399568693586,0.28525187717251016,2025.0,9.0,6.0,0,0,0,0,0,medium,0,0,0,medium,medium
G1,2025-09-21,19:00,Panathinaikos,Olympiakos,1,1,D,0,0,D,6,9,2,3,16,18,1,4,4,4,0,0,3.4,3.2,2.15,3.2,3.0,2.2,3.25,3.2,2.18,3.25,3.1,2.15,3.1,3.2,2.3,3.0,3.0,2.2,3.0,3.0,2.2,3.4,3.25,2.3,3.21,3.11,2.18,3.65,3.2,2.3,2.35,1.57,2.35,1.6,2.26,1.58,2.36,1.6,0.25,1.93,1.88,1.93,1.88,1.87,1.84,1.97,1.94,3.5,3.2,2.15,3.2,3.0,2.2,3.25,3.2,2.14,3.3,3.13,2.2,3.25,3.2,2.2,3.1,3.0,2.15,3.1,3.0,2.15,3.5,3.2,2.2,3.25,3.12,2.17,3.55,3.25,2.38,2.15,1.67,2.2,1.67,2.16,1.64,2.34,1.72,0.25,1.93,1.88,1.93,1.88,1.88,1.84,1.95,2.01,2,0,0.09178548444118251,0.285336711460521,0.29451152533384967,0.42015176320562947,2025.0,9.0,6.0,0,0,0,0,0,medium,0,0,0,medium,strong
G1,2025-09-27,16:00,Olympiakos,Levadeiakos,3,2,H,1,0,H,19,6,5,4,13,17,10,3,2,5,0,0,1.17,6.5,13.0,1.17,6.0,13.0,1.2,6.0,12.5,1.17,6.0,15.0,1.2,6.75,13.5,1.17,6.0,11.0,1.17,6.0,11.0,1.2,6.75,15.0,1.18,6.02,12.96,1.19,7.0,19.0,1.67,2.15,1.67,2.15,1.64,2.13,1.68,2.18,-1.75,1.83,1.98,1.83,1.98,1.77,1.94,1.82,1.98,1.24,5.75,11.0,1.2,5.5,12.0,1.23,5.5,11.5,1.22,5.75,12.0,1.24,6.0,11.0,1.2,5.5,10.0,1.2,5.5,10.0,1.24,6.0,15.0,1.22,5.6,11.5,1.23,7.4,17.0,1.7,2.1,1.7,2.15,1.66,2.1,1.71,2.26,-1.75,2.0,1.8,2.0,1.87,1.89,1.83,1.99,1.89,5,1,0.09073107775643585,0.776962942012994,0.15229506172347723,0.07074199626352877,2025.0,9.0,5.0,0,0,0,0,0,medium,0,0,0,strong,medium
G1,2025-09-27,18:30,Aris,Panserraikos,1,1,D,1,0,H,25,8,4,2,11,12,10,1,2,4,0,0,1.33,5.0,8.0,1.36,4.33,7.5,1.4,4.4,6.75,2.15,3.6500000000000004,3.25,1.37,5.0,7.5,1.33,4.6,6.5,1.33,4.6,6.5,1.4,5.0,8.0,1.36,4.58,7.25,1.37,4.9,7.6,1.73,2.08,1.73,2.1,1.71,2.03,1.67,2.0,-1.25,1.83,1.98,1.83,1.98,1.79,1.97,1.79,1.87,1.27,5.25,9.0,1.3,4.6,8.5,1.4,4.4,6.75,1.3,5.0,9.5,1.33,5.0,8.75,1.3,4.6,7.5,1.3,4.6,7.5,1.4,5.25,9.5,1.32,4.75,8.25,1.35,5.7,11.5,1.7,2.1,1.73,2.1,1.7,2.04,1.77,2.24,-1.5,1.93,1.88,1.95,1.88,1.9,1.8,2.04,1.91,2,0,0.09156576348352918,0.6736141259144152,0.20002515529336348,0.12636071879222133,2025.0,9.0,5.0,0,0,0,0,0,medium,0,0,0,strong,medium
G1,2025-09-28,15:00,AEK,Volos NFC,1,0,H,0,0,D,14,3,2,1,16,19,2,1,3,2,0,0,1.22,6.5,10.0,1.2,5.5,12.0,1.21,6.0,11.5,1.2,5.5,12.0,1.24,6.0,12.0,1.22,5.5,10.0,1.22,5.5,10.0,1.25,6.5,12.0,1.21,5.66,11.29,1.24,6.4,14.5,1.67,2.15,1.67,2.2,1.64,2.14,1.67,2.18,-1.75,1.98,1.83,1.98,1.93,1.86,1.85,1.95,1.86,1.27,5.25,10.0,1.29,4.6,9.0,1.33,4.75,8.5,1.29,5.25,10.0,1.32,5.25,8.5,1.3,4.8,7.0,1.3,4.8,7.0,1.35,5.25,10.0,1.3,4.96,8.6,1.33,5.7,12.5,1.67,2.15,1.73,2.15,1.67,2.1,1.77,2.26,-1.5,1.95,1.85,1.95,1.85,1.89,1.82,2.03,1.9,1,1,0.09169868547739624,0.75702782460559,0.1618381038467781,0.08113407154763189,2025.0,9.0,6.0,0,0,0,0,0,medium,0,0,0,strong,medium
G1,2025-09-28,17:00,OFI Crete,Kifisia,1,3,A,0,1,A,6,22,3,9,18,20,3,6,2,6,1,0,1.86,3.5,4.1,1.95,3.1,3.75,2.4,3.55,2.85,1.91,3.25,3.8,1.95,3.25,3.8,1.91,3.1,3.6,1.91,3.1,3.6,1.95,3.5,4.1,1.92,3.22,3.78,1.95,3.45,4.2,2.15,1.67,2.2,1.67,2.13,1.64,2.02,1.25,-0.5,1.9,1.9,1.95,1.9,1.88,1.81,1.95,1.9,1.91,3.4,3.8,1.95,3.1,3.75,2.24,3.7,2.95,1.95,3.3,3.9,2.0,3.25,3.75,1.95,3.1,3.5,1.95,3.1,3.5,2.0,3.4,4.0,1.96,3.22,3.75,2.1,3.4,4.1,2.2,1.65,2.2,1.67,2.18,1.63,2.32,1.72,-0.5,1.98,1.83,1.98,1.83,1.92,1.78,2.1,1.87,4,-2,0.09594260409477817,0.47523778287963264,0.2833715972449983,0.24139061987536897,2025.0,9.0,6.0,0,0,0,0,0,medium,0,0,0,strong,medium
G1,2025-09-28,18:30,Asteras Tripolis,PAOK,3,3,D,2,3,A,9,14,8,4,9,12,4,4,7,4,1,0,6.5,4.0,1.49,5.5,3.6,1.53,5.5,3.85,1.55,6.0,3.8,1.5,5.75,3.9,1.57,5.25,3.7,1.53,5.25,3.7,1.53,6.5,4.0,1.6,5.66,3.78,1.53,6.0,3.85,1.22,1.95,1.85,1.95,1.86,1.9,1.81,1.83,1.76,1.0,1.9,1.9,1.9,1.95,1.81,1.91,1.75,1.85,5.5,4.33,1.49,5.5,3.75,1.53,5.5,3.85,1.55,6.0,3.9,1.53,5.75,4.0,1.55,5.25,3.75,1.5,5.25,3.75,1.5,6.0,4.33,1.55,5.59,3.9,1.53,7.0,4.3,1.57,1.9,1.9,1.91,1.9,1.87,1.84,1.95,1.99,1.0,1.88,1.93,1.88,1.95,1.83,1.89,1.95,1.96,6,0,0.09482348102177651,0.16137619286790558,0.24163736815670522,0.5969864389753893,2025.0,9.0,6.0,0,0,0,0,0,medium,0,0,0,medium,strong
G1,2025-09-28,19:00,Panetolikos,Panathinaikos,1,2,A,1,0,H,8,12,1,5,12,16,2,5,2,3,0,0,8.0,4.33,1.41,8.0,3.75,1.4,2.4,3.55,2.85,8.0,3.9,1.4,7.25,4.2,1.44,6.5,4.0,1.4,6.5,4.0,1.4,8.0,4.33,1.44,7.43,4.0,1.41,7.6,4.3,1.5,2.15,1.67,2.15,1.7,2.1,1.66,2.14,1.72,1.0,2.08,1.73,2.1,1.73,2.06,1.7,2.12,1.8,5.5,3.9,1.56,5.5,3.6,1.53,5.3,3.85,1.54,6.0,3.9,1.53,5.5,4.0,1.57,5.25,3.75,1.53,5.25,3.75,1.53,6.33,4.0,1.57,5.59,3.84,1.54,7.0,4.1,1.6,1.98,1.83,1.98,1.83,1.93,1.79,2.06,1.9,1.0,1.75,2.05,1.8,2.05,1.79,1.94,1.88,2.01,3,-1,0.09380936017487107,0.12304658098493987,0.2285590241795258,0.6483943948355342,2025.0,9.0,6.0,0,0,0,0,0,medium,0,0,0,medium,strong
G1,2025-09-29,16:00,Atromitos,Larisa,1,1,D,1,0,H,14,6,3,2,17,18,2,3,1,6,0,1,1.91,3.6,3.8,1.9,3.1,4.0,1.87,3.35,3.95,2.15,3.6500000000000004,3.25,1.95,3.4,3.75,1.91,3.2,3.6,1.91,3.2,3.6,1.95,3.6,4.0,1.9,3.31,3.81,1.04,1.02,1.04,2.2,1.65,2.25,1.65,2.2,1.61,1.41,1.25,-0.5,1.95,1.85,1.95,1.88,1.88,1.84,1.04,1.01,1.96,3.3,3.9,1.95,3.1,3.75,1.85,3.4,3.95,2.0,3.2,3.8,2.0,3.4,3.5,1.95,3.25,3.3,1.95,3.25,3.3,2.08,3.4,3.95,1.96,3.25,3.7,2.16,3.3,4.0,2.25,1.62,2.25,1.67,2.17,1.62,2.36,1.7,-0.5,2.03,1.78,2.03,1.9,1.91,1.8,2.16,1.83,2,0,0.09089778470011178,0.48246114059015033,0.27694144021791106,0.2405974191919385,2025.0,9.0,0.0,0,0,0,0,0,medium,0,0,0,strong,medium
G1,2025-10-04,16:00,OFI Crete,Aris,3,0,H,1,0,H,9,12,6,6,17,19,2,5,4,0,0,0,4.33,3.4,1.86,3.75,3.3,1.9,3.6,3.5,1.9,4.0,3.4,1.83,3.7,3.5,1.93,3.5,3.3,1.85,3.5,3.3,1.85,4.33,3.75,1.93,3.77,3.42,1.87,4.1,3.55,1.88,1.95,1.85,1.95,1.85,1.89,1.81,1.95,1.88,0.5,1.95,1.85,1.95,1.85,1.87,1.82,1.96,1.88,3.9,3.7,1.86,3.75,3.25,1.9,3.7,3.55,1.86,4.1,3.4,1.87,3.9,3.5,1.88,3.7,3.3,1.83,3.7,3.3,1.83,4.1,3.7,1.91,3.82,3.45,1.87,4.2,3.65,2.0,2.03,1.78,2.03,1.84,1.93,1.79,2.14,1.86,0.5,1.9,1.9,1.9,1.9,1.86,1.84,1.95,2.01,3,3,0.09240900849740386,0.24281380630023505,0.26766317244207194,0.48952302125769304,2025.0,10.0,5.0,0,0,0,0,0,medium,0,0,0,medium,strong
G1,2025-10-04,16:00,Panserraikos,Asteras Tripolis,2,1,H,1,0,H,10,10,2,5,25,18,2,4,5,4,0,0,3.0,3.2,2.35,2.88,3.0,2.38,2.6,3.2,2.55,2.88,3.1,2.38,2.8,3.3,2.4,2.7,3.1,2.3,2.7,3.1,2.3,3.0,3.33,2.55,2.79,3.14,2.4,3.05,3.25,2.4,2.1,1.7,2.1,1.7,2.09,1.67,2.12,1.56,0.25,1.75,2.05,1.75,2.05,1.71,2.01,1.78,2.04,2.57,3.2,2.7,2.63,3.0,2.6,2.88,3.1,2.38,2.63,3.2,2.63,2.7,3.1,2.55,2.75,3.0,2.37,2.75,3.0,2.37,2.88,3.2,2.8,2.69,3.08,2.56,2.9,3.2,2.88,2.1,1.7,2.1,1.7,2.09,1.67,2.22,1.78,0.0,1.85,1.95,1.95,1.95,1.87,1.85,1.99,1.99,3,1,0.09356094331438491,0.32775762636674405,0.2912241329819159,0.38101824065134,2025.0,10.0,5.0,0,0,0,0,0,medium,0,0,0,medium,strong
G1,2025-10-04,18:30,Larisa,Volos NFC,2,5,A,1,2,A,15,20,5,12,16,21,10,2,4,3,0,0,2.4,3.25,2.85,2.38,3.0,2.88,2.43,3.1,2.8,2.38,3.1,2.88,2.4,3.2,2.9,2.3,3.0,2.8,2.3,3.0,2.8,2.5,3.25,3.0,2.39,3.07,2.86,2.48,3.15,3.15,2.2,1.65,2.25,1.65,2.21,1.61,1.01,1.64,-0.25,2.08,1.73,2.08,1.73,2.05,1.69,2.09,1.85,2.4,2.82,3.25,2.4,2.88,3.0,2.23,3.1,3.15,2.45,3.1,2.9,2.5,3.0,2.95,2.37,2.87,2.9,2.37,2.87,2.9,2.5,3.1,3.33,2.4,2.94,3.05,2.68,2.94,3.4,2.4,1.53,2.4,1.57,2.33,1.54,2.52,1.61,-0.25,2.05,1.75,2.05,1.83,1.98,1.76,2.22,1.8,7,-3,0.09379329051415519,0.3825311834234454,0.297801149310109,0.31966766726644563,2025.0,10.0,5.0,0,0,0,0,0,medium,0,0,0,medium,strong
G1,2025-10-05,16:00,Kifisia,AEK,2,3,A,2,1,H,16,9,7,3,20,18,6,3,3,6,0,1,9.0,5.75,1.25,11.0,4.6,1.25,2.4,3.55,2.85,11.0,5.0,1.25,10.5,5.25,1.29,9.0,4.8,1.25,9.0,4.8,1.25,11.0,5.75,1.29,10.05,4.97,1.26,7.4,5.1,1.33,1.93,1.88,1.93,1.91,1.86,1.84,1.94,1.86,1.5,1.88,1.93,1.88,1.93,1.84,1.86,1.8849999999999998,1.8849999999999998,8.0,4.75,1.33,7.5,4.2,1.36,0.0,0.0,0.0,10.0,4.8,1.3,7.75,4.5,1.4,7.0,4.2,1.36,7.0,4.2,1.36,10.0,4.8,1.4,7.9,4.46,1.36,10.0,4.9,1.42,1.85,1.95,1.88,1.95,1.83,1.88,1.92,2.0,1.25,1.85,1.95,2.03,1.95,1.92,1.8,1.93,1.99,5,-1,0.09436052467374711,0.09092295026984176,0.1838582797207062,0.7252187700094521,2025.0,10.0,6.0,0,0,0,0,0,medium,0,0,0,weak,strong
G1,2025-10-05,16:00,Levadeiakos,Panetolikos,6,0,H,4,0,H,17,8,10,1,11,9,6,2,0,3,0,2,1.62,3.5,5.75,1.62,3.25,5.5,2.4,3.55,2.85,1.67,3.3,5.25,1.68,3.4,5.25,1.65,3.25,5.0,1.65,3.25,5.0,1.69,3.5,5.75,1.66,3.35,5.26,1.65,3.2,3.55,2.35,1.57,2.38,1.57,2.34,1.54,1.01,1.58,-0.75,1.85,1.95,1.86,1.95,1.85,1.85,1.8849999999999998,1.8849999999999998,1.68,3.5,5.0,1.67,3.3,5.0,1.68,3.5,4.8,1.73,3.4,5.0,1.71,3.5,5.0,1.61,3.3,5.0,1.65,3.3,4.8,1.73,3.5,5.75,1.67,3.41,5.07,1.74,3.7,6.0,2.25,1.62,2.25,1.62,2.24,1.59,2.34,1.7,-0.75,1.95,1.85,1.95,1.9,1.87,1.85,1.95,1.98,6,6,0.09103116968184866,0.5521470470269729,0.27360122330291786,0.17425172967010932,2025.0,10.0,6.0,0,0,0,0,0,medium,0,0,0,strong,medium
G1,2025-10-05,18:30,PAOK,Olympiakos,2,1,H,0,1,A,10,9,5,2,13,14,1,3,4,3,0,0,2.5,3.1,2.75,2.5,3.0,2.75,2.55,3.15,2.63,2.5,3.1,2.7,2.5,3.1,2.8,2.4,3.0,2.7,2.4,3.0,2.7,2.55,3.33,2.8,2.5,3.09,2.69,2.66,3.3,2.74,2.25,1.62,2.25,1.62,2.2,1.61,2.02,1.68,0.0,1.8,2.0,1.8,2.0,1.78,1.94,1.8849999999999998,1.8849999999999998,3.0,3.2,2.35,2.75,3.0,2.5,2.5,3.15,2.65,2.7,3.2,2.55,2.75,3.1,2.55,2.62,3.0,2.45,2.62,3.0,2.45,3.0,3.2,2.65,2.7,3.08,2.54,3.0,3.15,2.74,2.1,1.7,2.15,1.7,2.1,1.67,2.22,1.79,0.0,2.05,1.75,2.05,1.83,1.94,1.79,2.08,1.89,3,1,0.0953718073651666,0.3651728091872015,0.29544725662394944,0.339379934188849,2025.0,10.0,6.0,0,0,0,0,0,medium,0,0,0,medium,strong
G1,2025-10-05,19:30,Panathinaikos,Atromitos,1,0,H,0,0,D,19,3,8,0,18,17,6,2,0,2,0,0,1.42,4.5,6.25,1.4,4.0,7.0,1.44,4.2,6.5,1.4,4.2,7.0,1.47,4.4,6.25,1.44,4.2,5.75,1.44,4.2,5.75,1.48,4.5,7.0,1.43,4.19,6.44,1.19,1.01,1.19,1.8,2.0,1.94,2.0,1.84,1.86,1.02,1.92,-1.0,1.75,2.05,1.75,2.05,1.71,2.04,1.8849999999999998,1.8849999999999998,1.27,5.5,9.0,1.25,5.0,10.0,1.3,4.9,8.5,1.29,5.0,10.5,1.29,5.25,10.0,1.25,4.8,9.0,1.25,4.8,9.0,1.3,5.5,10.5,1.28,5.07,9.44,1.31,5.9,13.0,1.73,2.08,1.78,2.1,1.7,2.05,1.78,2.2,-1.5,1.85,1.95,1.88,1.95,1.85,1.86,1.9,2.03,1,1,0.09324368689316298,0.6396567459611943,0.21830767224928585,0.14203558178951983,2025.0,10.0,6.0,0,0,0,0,0,medium,0,0,0,strong,medium
G1,2025-10-18,15:00,Larisa,Olympiakos,0,2,A,0,2,A,4,14,2,5,14,21,1,6,3,1,0,0,13.0,6.0,1.19,11.0,5.0,1.22,10.0,5.25,1.27,13.0,5.5,1.2,11.5,6.0,1.24,10.0,5.5,1.22,10.0,5.5,1.22,15.0,6.0,1.27,11.5,5.54,1.22,15.0,7.0,1.24,1.7,2.1,1.7,2.15,1.67,2.09,1.72,2.34,1.75,1.78,2.03,1.9,2.03,1.8,1.92,1.86,1.34,13.0,5.75,1.19,12.0,5.5,1.2,11.5,5.8,1.22,13.0,5.5,1.22,12.0,5.75,1.24,10.0,5.25,1.22,10.0,5.25,1.22,15.0,6.5,1.24,12.06,5.69,1.21,17.0,6.8,1.25,1.7,2.1,1.7,2.17,1.65,2.11,1.78,2.22,1.75,1.78,2.03,1.9,2.03,1.84,1.86,1.91,2.03,2,-2,0.08713406804912638,0.07998693472570023,0.16603786089269906,0.7539752043816006,2025.0,10.0,5.0,0,0,0,0,0,medium,0,0,0,weak,strong
G1,2025-10-18,17:30,Atromitos,Levadeiakos,2,2,D,2,1,H,7,9,4,3,19,11,1,5,6,0,0,0,2.45,3.3,2.7,2.5,3.0,2.75,2.5,3.2,2.63,2.45,3.13,2.7,2.5,3.25,2.75,2.4,3.1,2.62,2.4,3.1,2.62,2.6,3.3,2.8,2.48,3.15,2.69,2.58,3.45,2.72,2.15,1.67,2.15,1.7,2.1,1.66,2.12,1.73,0.0,1.83,1.98,1.83,2.0,1.78,1.94,1.87,1.99,3.2,3.3,2.2,3.0,3.0,2.3,2.95,3.2,2.3,3.2,3.13,2.25,3.0,3.2,2.3,2.9,3.0,2.25,2.9,3.0,2.25,3.25,3.33,2.3,3.05,3.14,2.27,3.5,3.3,2.42,2.25,1.62,2.25,1.65,2.17,1.62,2.34,1.72,0.25,1.88,1.93,1.88,1.97,1.79,1.92,1.94,2.05,4,0,0.0924333358078413,0.36910792927554914,0.29059925860424185,0.3402928121202089,2025.0,10.0,5.0,0,0,0,0,0,medium,0,0,0,medium,strong
G1,2025-10-18,18:00,Panetolikos,OFI Crete,4,2,H,0,0,D,10,14,5,5,14,7,4,7,4,4,1,1,2.65,3.2,2.57,2.8,2.88,2.5,2.75,3.15,2.48,2.7,3.1,2.5,2.8,3.1,2.5,2.7,3.0,2.45,2.7,3.0,2.45,2.8,3.2,2.6,2.74,3.06,2.51,3.0,3.05,2.64,2.25,1.62,2.25,1.63,2.18,1.61,2.06,1.66,0.0,1.93,1.88,1.95,1.88,1.92,1.8,2.07,1.85,2.45,3.25,2.7,2.6,3.0,2.63,2.75,3.15,2.48,2.55,3.2,2.7,2.6,3.1,2.7,2.5,3.0,2.6,2.5,3.0,2.6,2.75,3.25,2.9,2.6,3.07,2.66,2.8,3.2,2.98,2.05,1.75,2.15,1.75,2.1,1.67,2.26,1.77,0.0,1.8,2.0,1.85,2.0,1.79,1.93,1.92,2.06,6,2,0.09016726377254214,0.33477752981379455,0.29976811493130623,0.3654543552548992,2025.0,10.0,5.0,0,0,0,0,0,medium,0,0,0,medium,strong
G1,2025-10-19,14:00,Asteras Tripolis,Kifisia,2,2,D,0,1,A,9,9,4,6,14,24,3,5,6,5,0,0,1.96,3.2,4.0,2.0,3.1,3.6,2.4,3.55,2.85,2.0,3.13,3.7,2.05,3.2,3.7,2.0,3.1,3.5,2.0,3.1,3.5,2.05,3.33,4.0,2.0,3.16,3.67,2.04,3.2,3.9,2.25,1.62,2.25,1.62,2.21,1.6,2.04,1.66,-0.5,2.03,1.78,2.03,1.8,1.96,1.75,1.8849999999999998,1.8849999999999998,2.2,3.05,3.3,2.2,3.1,3.1,0.0,0.0,0.0,2.25,3.25,3.1,2.25,3.2,3.1,2.2,3.1,3.0,2.2,3.1,3.0,2.28,3.25,3.3,2.23,3.14,3.13,2.4,3.25,3.5,2.08,1.73,2.08,1.75,2.03,1.71,2.22,1.81,-0.25,1.98,1.83,1.98,1.83,1.91,1.8,2.04,1.93,4,0,0.08893526023522913,0.45916411953819114,0.29061020223936146,0.2502256782224475,2025.0,10.0,6.0,0,0,0,0,0,medium,0,0,0,strong,medium
G1,2025-10-19,15:30,Volos NFC,Panserraikos,2,1,H,1,0,H,13,7,6,3,8,19,11,2,0,3,0,0,1.62,3.75,5.0,1.67,3.5,4.5,1.68,3.7,4.5,1.67,3.6,4.6,1.73,3.7,4.33,1.7,3.5,4.0,1.7,3.5,4.0,1.73,3.8,5.0,1.68,3.64,4.51,1.76,3.75,5.1,1.88,1.93,1.88,1.93,1.83,1.86,1.01,1.94,-0.75,1.9,1.9,1.9,1.9,1.85,1.86,1.8849999999999998,1.8849999999999998,1.61,3.8,5.25,1.62,3.6,4.6,1.68,3.7,4.5,1.65,3.7,5.0,1.68,3.6,4.8,1.65,3.5,4.5,1.65,3.5,4.5,1.68,3.8,5.25,1.65,3.67,4.77,1.71,3.95,5.7,1.88,1.93,1.88,1.93,1.83,1.86,1.94,1.98,-0.75,1.83,1.98,1.83,1.98,1.8,1.91,1.91,2.03,3,1,0.09169285998554288,0.5452431879475496,0.2516507021296382,0.20310610992281225,2025.0,10.0,6.0,0,0,0,0,0,medium,0,0,0,strong,medium
G1,2025-10-19,17:30,Aris,Panathinaikos,1,1,D,0,1,A,14,14,3,4,13,16,2,2,1,2,0,0,3.2,3.25,2.2,3.1,3.0,2.25,3.15,3.25,2.16,3.1,3.13,2.2,3.1,3.25,2.25,2.9,3.1,2.2,2.9,3.1,2.2,3.2,3.25,2.3,3.08,3.15,2.22,3.2,3.15,2.34,2.15,1.67,2.2,1.7,2.1,1.66,1.98,1.76,0.25,1.85,1.95,1.88,1.95,1.83,1.88,1.8849999999999998,1.8849999999999998,3.9,3.25,1.96,3.5,3.1,2.0,3.25,3.2,2.14,3.6,3.3,2.0,3.6,3.2,2.05,3.4,3.1,2.0,3.4,3.1,2.0,4.0,3.33,2.14,3.54,3.21,2.03,4.1,3.35,2.14,2.05,1.75,2.17,1.75,2.07,1.68,2.18,1.79,0.5,1.8,2.0,1.8,2.1,1.72,2.01,1.89,2.11,2,0,0.0925860925860924,0.29716223451722296,0.2905586293057291,0.41227913617704803,2025.0,10.0,6.0,0,0,0,0,0,medium,0,0,0,medium,strong
G1,2025-10-19,19:00,AEK,PAOK,0,2,A,0,1,A,13,11,5,5,20,14,5,3,2,1,1,0,2.25,3.25,3.05,2.25,3.1,3.0,2.28,3.25,2.9,2.3,3.2,2.9,2.3,3.25,3.0,2.2,3.1,2.9,2.2,3.1,2.9,2.45,3.25,3.2,2.3,3.11,2.98,2.46,3.15,3.2,2.05,1.75,2.05,1.75,2.0,1.72,2.06,1.76,-0.25,2.03,1.78,2.03,1.78,1.96,1.75,1.8849999999999998,1.8849999999999998,2.25,3.2,3.3,2.25,3.1,3.0,2.25,3.35,2.9,2.25,3.4,3.0,2.25,3.25,3.1,2.15,3.1,3.0,2.15,3.1,3.0,2.3,3.4,3.33,2.24,3.19,3.05,2.42,3.35,3.4,1.9,1.9,1.91,1.9,1.88,1.83,2.02,1.96,-0.25,1.95,1.85,1.95,1.85,1.92,1.8,2.07,1.93,2,-2,0.09189648685443852,0.3981903174248544,0.2944815852338151,0.30732809734133054,2025.0,10.0,6.0,0,0,0,0,0,medium,0,0,0,medium,strong
G1,2025-10-25,15:00,Kifisia,Panetolikos,1,1,D,1,1,D,11,12,4,3,16,14,4,4,6,1,1,0,1.76,3.4,4.5,1.9,3.2,3.75,2.4,3.55,2.85,1.8,3.3,4.2,1.88,3.4,4.1,1.83,3.2,3.8,1.91,3.2,3.6,1.95,3.4,4.5,1.85,3.3,4.05,1.91,3.3,4.7,2.1,1.7,2.1,1.7,2.08,1.68,1.39,1.73,-0.5,1.8,2.0,1.95,2.0,1.81,1.9,1.91,2.04,1.71,3.5,4.75,1.73,3.3,4.33,2.24,3.7,2.95,1.73,3.6,4.6,1.78,3.4,4.6,1.75,3.25,4.2,1.75,3.25,4.2,1.8,3.6,4.75,1.75,3.41,4.48,1.8,3.65,5.4,2.0,1.8,2.1,1.8,1.98,1.75,2.1,1.87,-0.75,1.98,1.83,1.98,1.83,1.94,1.77,2.04,1.94,2,0,0.09048442381775712,0.4956884561891515,0.27788595271210015,0.22642559109874827,2025.0,10.0,5.0,0,0,0,0,0,medium,0,0,0,strong,medium
G1,2025-10-25,17:30,Panserraikos,Larisa,0,2,A,0,2,A,9,20,1,7,17,18,1,6,2,3,1,0,2.3,3.2,3.05,2.3,3.1,2.88,2.25,3.25,3.0,2.3,3.2,2.88,2.3,3.3,2.95,2.2,3.1,2.87,2.2,3.1,2.87,2.3,3.4,3.1,2.26,3.22,2.96,2.3,3.3,3.3,2.08,1.73,2.08,1.8,2.0,1.73,1.37,1.79,-0.25,2.0,1.8,2.0,1.8,1.94,1.77,1.98,1.86,2.25,3.05,3.3,2.3,3.0,3.0,2.25,3.15,3.05,2.25,3.2,3.13,2.3,3.1,3.1,2.2,3.0,3.1,2.25,3.0,3.0,2.33,3.2,3.4,2.25,3.09,3.13,2.44,3.15,3.4,2.15,1.67,2.2,1.68,2.13,1.64,2.28,1.75,-0.25,1.95,1.85,1.95,1.85,1.91,1.79,2.04,1.87,2,-2,0.0908747201552127,0.4056174993616478,0.28468805855817514,0.309694442080177,2025.0,10.0,5.0,0,0,0,0,0,medium,0,0,0,medium,strong
G1,2025-10-25,18:00,OFI Crete,Atromitos,1,3,A,1,1,D,18,11,2,4,16,18,4,8,2,2,0,0,2.01,3.25,3.7,2.05,3.1,3.4,2.08,3.25,3.15,2.05,3.25,3.3,2.05,3.4,3.3,2.0,3.25,3.2,2.0,3.25,3.2,2.1,3.4,3.75,2.04,3.24,3.37,1.97,2.74,2.74,2.05,1.75,2.1,1.75,2.01,1.72,1.36,1.25,-0.5,2.05,1.75,2.05,1.75,2.0,1.71,1.95,1.01,1.96,3.4,3.8,2.0,3.2,3.4,1.83,3.45,3.95,1.95,3.4,3.7,2.05,3.4,3.5,2.0,3.2,3.3,2.0,3.2,3.3,2.05,3.45,4.0,1.95,3.32,3.68,2.12,3.4,4.0,1.98,1.83,2.0,1.83,1.93,1.78,2.02,1.89,-0.5,2.0,1.8,2.0,1.8,1.94,1.77,2.12,1.85,4,-2,0.09557395878452479,0.44743312352478365,0.28171715184893786,0.27084972462627854,2025.0,10.0,5.0,0,0,0,0,0,medium,0,0,0,medium,medium
G1,2025-10-26,15:00,Levadeiakos,Aris,1,1,D,0,1,A,15,8,4,2,15,19,5,7,1,3,0,0,2.57,3.2,2.57,2.6,3.0,2.6,2.55,3.15,2.6,2.6,3.13,2.55,2.6,3.3,2.55,2.5,3.1,2.5,2.5,3.1,2.5,2.6,3.33,2.63,2.56,3.15,2.58,1.33,1.01,1.33,2.1,1.7,2.1,1.73,2.05,1.7,1.01,1.25,0.0,1.9,1.9,1.9,1.9,1.87,1.85,1.8849999999999998,1.8849999999999998,2.15,3.25,3.3,2.2,3.1,3.1,2.33,3.15,2.95,2.15,3.25,3.3,2.3,3.1,3.2,2.2,3.0,3.0,2.2,3.0,3.0,2.33,3.25,3.5,2.22,3.13,3.16,2.3,3.3,3.75,2.1,1.7,2.12,1.7,2.1,1.66,2.24,1.78,-0.25,1.88,1.93,1.98,1.93,1.9,1.81,1.95,2.03,2,0,0.09568221668512367,0.3565130418761351,0.2897375832390177,0.3537493748848472,2025.0,10.0,6.0,0,0,0,0,0,medium,0,0,0,medium,strong
G1,2025-10-26,15:30,Panathinaikos,Asteras Tripolis,2,0,H,1,0,H,17,3,6,0,17,11,6,2,3,3,0,0,1.19,6.0,12.0,1.22,5.5,10.0,1.29,5.0,9.0,1.22,5.5,10.5,1.24,6.0,10.5,1.22,5.5,9.0,1.22,5.5,9.0,1.29,6.33,12.0,1.23,5.57,10.06,1.22,6.2,15.0,1.53,2.4,1.68,2.4,1.58,2.25,1.54,2.42,-1.5,1.68,2.15,1.83,2.15,1.73,2.01,1.8849999999999998,1.8849999999999998,1.19,6.25,12.0,1.18,5.5,12.0,1.25,5.5,10.0,1.2,6.0,13.0,1.23,6.0,12.0,1.2,5.5,10.0,1.2,5.5,10.0,1.25,6.5,13.0,1.21,5.79,11.16,1.25,6.8,15.0,1.57,2.35,1.62,2.35,1.58,2.26,1.68,2.4,-1.75,1.85,1.95,1.88,1.95,1.84,1.87,1.96,1.97,2,2,0.091944922254652,0.7445504928972045,0.16441599753385305,0.09103350956894249,2025.0,10.0,6.0,0,0,0,0,0,medium,0,0,0,strong,medium
G1,2025-10-26,17:30,PAOK,Volos NFC,3,0,H,0,0,D,8,2,3,1,11,12,6,0,2,2,0,0,1.25,5.5,9.5,1.25,5.0,10.0,1.29,5.1,9.0,1.25,5.25,9.5,1.29,5.5,9.5,1.25,5.0,8.5,1.25,5.0,8.5,1.3,5.5,10.0,1.27,5.19,9.25,1.11,3.35,5.2,1.6,2.3,1.7,2.3,1.6,2.2,1.01,1.25,-1.5,1.83,1.98,1.83,1.98,1.81,1.89,1.8849999999999998,1.8849999999999998,1.27,5.25,8.5,1.25,5.0,9.0,1.28,5.1,9.5,1.29,5.25,9.5,1.3,5.25,9.5,1.28,5.0,8.0,1.28,5.0,8.0,1.32,5.6,9.5,1.28,5.17,8.84,1.3,6.2,13.0,1.6,2.3,1.63,2.3,1.59,2.23,1.66,2.44,-1.5,1.88,1.93,1.88,1.96,1.81,1.89,1.91,2.02,3,3,0.08818791027156592,0.7235897103531018,0.1770633780632831,0.09934691158361507,2025.0,10.0,6.0,0,0,0,0,0,medium,0,0,0,strong,medium
G1,2025-10-26,19:00,Olympiakos,AEK,2,0,H,1,0,H,11,6,5,1,9,17,4,4,3,2,0,0,1.76,3.6,4.33,1.8,3.3,4.2,1.81,3.45,4.1,1.75,3.5,4.33,1.8,3.6,4.1,1.75,3.4,3.9,1.75,3.4,3.9,1.81,3.66,4.33,1.77,3.48,4.17,1.8,3.3,1.09,1.98,1.83,2.02,1.83,1.95,1.77,1.01,1.25,-0.5,1.78,2.03,1.8,2.03,1.76,1.95,1.8849999999999998,1.8849999999999998,1.71,3.5,4.75,1.73,3.3,4.5,1.8,3.45,4.2,1.75,3.5,4.6,1.82,3.4,4.4,1.75,3.2,4.2,1.75,3.2,4.2,1.82,3.5,4.75,1.76,3.39,4.46,1.83,3.8,5.1,2.08,1.73,2.1,1.73,2.03,1.71,2.12,1.85,-0.5,1.75,2.05,1.77,2.1,1.73,1.99,1.82,2.19,2,2,0.09213622672872801,0.5173088645769836,0.26311399146587955,0.21957714395713693,2025.0,10.0,6.0,0,0,0,0,0,medium,0,0,0,strong,medium
G1,2025-11-01,16:00,Volos NFC,Panathinaikos,1,0,H,1,0,H,5,15,2,4,16,16,0,5,5,1,0,0,5.5,3.6,1.61,5.0,3.6,1.6,5.1,3.8,1.6,5.25,3.75,1.57,5.25,3.8,1.62,4.8,3.6,1.57,4.8,3.6,1.57,5.5,4.2,1.62,5.07,3.77,1.59,,,,1.9,1.9,1.93,1.9,1.88,1.83,,,0.75,2.03,1.78,2.03,1.78,1.99,1.74,1.8849999999999998,1.8849999999999998,5.25,3.5,1.66,5.0,3.6,1.6,5.1,3.8,1.6,5.0,3.7,1.65,5.0,3.75,1.66,4.6,3.5,1.61,4.6,3.5,1.61,5.25,4.0,1.7,4.93,3.68,1.63,5.5,3.85,1.73,1.98,1.83,1.98,1.83,1.9,1.8,2.06,1.9,0.75,1.9,1.9,2.0,1.9,1.93,1.79,2.01,1.92,1,1,0.09142146577710353,0.1807172251616696,0.24303350970017643,0.5762492651381541,2025.0,11.0,5.0,0,0,0,0,0,medium,0,0,0,medium,strong
G1,2025-11-01,17:30,Atromitos,Kifisia,1,2,A,0,0,D,20,23,3,8,5,18,3,9,1,4,0,0,2.2,3.05,3.4,2.2,3.0,3.2,2.4,3.55,2.85,2.2,3.13,3.13,2.25,3.25,3.0,2.2,3.1,2.9,2.2,3.1,2.9,2.25,3.3,3.4,2.2,3.12,3.16,,,,2.2,1.65,2.2,1.65,2.15,1.64,,,-0.25,1.9,1.9,1.9,1.9,1.87,1.83,1.8849999999999998,1.8849999999999998,2.85,3.05,2.5,2.63,3.0,2.6,2.24,3.7,2.95,2.75,3.2,2.5,2.6,3.1,2.65,2.62,3.0,2.45,2.62,3.0,2.45,2.88,3.2,2.66,2.73,3.03,2.56,2.94,3.2,2.72,2.1,1.7,2.15,1.7,2.07,1.68,2.2,1.81,0.0,2.03,1.78,2.03,1.83,1.95,1.77,2.04,1.88,3,-1,0.09151397126080663,0.4164357640062175,0.29364060282489696,0.2899236331688856,2025.0,11.0,5.0,0,0,0,0,0,medium,0,0,0,medium,medium
G1,2025-11-01,18:00,Olympiakos,Aris,2,1,H,0,0,D,12,12,5,4,12,11,5,7,2,1,1,0,1.3,4.5,11.0,1.29,4.5,9.5,1.3,4.9,8.5,1.29,4.75,9.5,1.32,4.8,10.0,1.28,4.5,9.0,1.28,4.5,9.0,1.32,5.25,11.0,1.29,4.72,9.56,,,,1.85,1.95,1.9,2.0,1.8,1.9,,,-1.5,2.03,1.78,2.03,1.83,1.91,1.79,1.8849999999999998,1.8849999999999998,1.25,5.75,9.5,1.25,4.6,11.0,1.28,5.1,9.5,1.29,5.0,10.5,1.3,5.25,10.0,1.28,4.8,9.0,1.28,4.8,9.0,1.3,5.75,12.0,1.28,5.01,10.09,1.28,6.0,15.5,1.75,2.05,1.8,2.05,1.76,1.95,1.84,2.12,-1.5,1.78,2.03,1.9,2.03,1.83,1.87,1.94,1.95,3,1,0.09166071568952439,0.7101050603987134,0.19407532371066533,0.09581961589062137,2025.0,11.0,5.0,0,0,0,0,0,medium,0,0,0,strong,medium
G1,2025-11-02,15:30,Larisa,Levadeiakos,0,2,A,0,1,A,15,12,5,6,14,12,3,11,3,4,0,0,3.25,3.2,2.2,3.0,3.0,2.3,2.95,3.25,2.25,2.15,3.6500000000000004,3.25,3.1,3.2,2.3,2.9,3.1,2.2,2.9,3.1,2.2,3.25,3.25,2.3,3.06,3.15,2.24,,,,2.15,1.67,2.2,1.68,2.11,1.65,,,0.25,1.85,1.95,1.85,1.95,1.8,1.92,1.8849999999999998,1.8849999999999998,3.9,3.25,1.96,3.5,3.1,2.0,3.25,3.3,2.1,3.6,3.3,2.0,3.5,3.3,2.05,3.3,3.2,2.0,3.3,3.2,2.0,3.9,3.3,2.12,3.53,3.21,2.03,4.1,3.3,2.1,2.05,1.75,2.1,1.79,1.99,1.74,2.08,1.88,0.5,1.8,2.0,1.8,2.07,1.72,2.02,1.86,2.1,2,-2,0.09068627450980382,0.299625468164794,0.2910647405029428,0.40930979133226325,2025.0,11.0,6.0,0,0,0,0,0,medium,0,0,0,medium,strong
G1,2025-11-02,17:30,Panserraikos,PAOK,0,5,A,0,2,A,7,16,1,7,10,7,2,4,0,0,0,0,12.0,5.5,1.22,10.0,5.0,1.25,9.0,5.0,1.29,2.15,3.6500000000000004,3.25,11.0,5.25,1.28,9.5,4.8,1.25,9.5,4.8,1.25,12.0,6.0,1.29,9.93,5.21,1.26,,,,1.57,2.35,1.68,2.35,1.59,2.22,,,1.5,2.0,1.8,2.0,1.83,1.96,1.76,1.8849999999999998,1.8849999999999998,15.0,6.25,1.17,13.0,6.0,1.17,12.0,6.25,1.19,15.0,6.5,1.17,13.5,6.5,1.2,11.0,6.0,1.18,11.0,6.0,1.18,15.0,7.0,1.2,13.0,6.31,1.18,21.0,8.0,1.2,1.57,2.35,1.57,2.55,1.52,2.39,1.59,2.58,2.0,1.8,2.0,1.83,2.0,1.77,1.95,1.9,2.02,5,-5,0.0862943078470968,0.09270501908582904,0.1766911400234707,0.7306038408907002,2025.0,11.0,6.0,0,0,0,0,0,medium,0,0,0,medium,strong
G1,2025-11-02,19:00,AEK,Panetolikos,1,0,H,0,0,D,18,5,3,1,16,12,8,2,4,2,0,0,1.17,7.0,11.0,1.18,5.5,13.0,2.4,3.55,2.85,2.15,3.6500000000000004,3.25,1.21,6.5,12.5,1.18,6.0,10.0,1.18,6.0,10.0,1.21,7.0,16.0,1.18,6.13,12.41,1.16,4.8,4.8,1.62,2.25,1.62,2.25,1.6,2.21,1.53,2.14,-2.0,2.03,1.78,2.03,1.78,1.97,1.77,1.8849999999999998,1.8849999999999998,1.19,6.5,11.0,1.18,5.5,12.0,2.24,3.7,2.95,1.2,6.0,13.0,1.21,6.25,13.0,1.18,5.75,11.0,1.18,5.75,11.0,1.22,6.5,13.0,1.2,5.92,12.0,1.23,7.0,19.5,1.62,2.25,1.62,2.3,1.59,2.23,1.71,2.38,-1.75,1.83,1.98,1.83,1.98,1.79,1.92,1.91,2.03,1,1,0.09116994142602941,0.7766504509931036,0.1495020443999775,0.07384750460691879,2025.0,11.0,6.0,0,0,0,0,0,low,0,0,0,strong,medium
G1,2025-11-03,15:00,Asteras Tripolis,OFI Crete,3,0,H,1,0,H,21,7,7,3,13,11,10,1,2,4,0,1,2.25,3.25,3.05,2.25,3.1,3.0,2.18,3.35,3.0,2.15,3.6500000000000004,3.25,2.25,3.3,3.0,2.2,3.1,2.87,2.2,3.1,2.87,2.28,3.35,3.1,2.23,3.23,2.97,,,,1.98,1.83,2.0,1.83,1.93,1.78,,,-0.25,2.0,1.8,2.0,1.8,1.95,1.78,1.8849999999999998,1.8849999999999998,2.05,3.3,3.5,2.1,3.2,3.2,2.18,3.35,3.0,2.1,3.3,3.4,2.25,3.2,3.2,2.15,3.1,3.0,2.15,3.1,3.0,2.25,3.35,3.6,2.12,3.23,3.26,2.14,3.45,3.85,1.98,1.83,2.0,1.83,1.93,1.78,2.08,1.91,-0.25,1.8,2.0,1.8,2.0,1.77,1.95,1.85,2.13,3,3,0.09472835319369355,0.409627184648428,0.28280762283776917,0.3075651925138028,2025.0,11.0,0.0,0,0,0,0,0,medium,0,0,0,medium,strong
G1,2025-11-08,15:00,Panetolikos,Larisa,3,0,H,1,0,H,9,16,5,3,7,9,4,2,1,1,0,0,2.2,3.25,3.25,2.2,3.0,3.2,2.14,3.2,3.25,2.15,3.1,3.2,2.2,3.2,3.2,2.15,3.1,3.1,2.15,3.1,3.1,2.25,3.25,3.3,2.18,3.13,3.21,2.28,3.2,3.45,2.25,1.62,2.25,1.62,2.21,1.6,2.32,1.64,-0.25,1.9,1.9,1.9,1.9,1.85,1.86,1.94,1.9,2.05,3.25,3.6,2.15,3.1,3.2,2.17,3.15,3.25,2.1,3.4,3.3,2.15,3.25,3.3,2.05,3.1,3.2,2.05,3.1,3.2,2.17,3.4,3.6,2.11,3.19,3.33,2.22,3.35,3.75,1.95,1.85,2.12,1.85,2.01,1.73,2.14,1.83,-0.25,1.8,2.0,1.84,2.0,1.81,1.9,1.9,2.05,3,3,0.08973089397242773,0.4209439219054402,0.2931813896977188,0.28587468839684105,2025.0,11.0,5.0,0,0,0,0,0,medium,0,0,0,medium,medium
G1,2025-11-09,13:00,Aris,Asteras Tripolis,0,0,D,0,0,D,6,12,2,4,19,23,4,6,2,6,1,0,1.66,3.5,5.5,1.7,3.4,4.6,1.71,3.55,4.5,1.67,3.5,4.75,1.73,3.6,4.6,1.7,3.4,4.2,1.7,3.4,4.2,1.73,3.6,5.5,1.69,3.5,4.71,1.69,3.65,5.2,1.98,1.83,2.0,1.83,1.95,1.77,1.96,1.87,-0.75,1.9,1.9,1.9,1.9,1.86,1.84,1.84,1.89,1.62,3.6,5.25,1.62,3.4,5.0,1.77,3.45,4.35,1.67,3.6,5.0,1.68,3.6,5.0,1.65,3.4,4.6,1.65,3.4,4.6,1.77,3.6,5.33,1.68,3.5,4.86,1.74,3.75,5.9,2.05,1.75,2.14,1.75,2.04,1.7,2.16,1.83,-0.75,1.88,1.93,1.97,1.93,1.9,1.82,1.96,2.0,0,0,0.08974448709872518,0.5429859782146845,0.26218465805223334,0.19482936373308213,2025.0,11.0,6.0,0,0,0,0,0,medium,0,0,0,strong,medium
G1,2025-11-09,13:00,Kifisia,Olympiakos,1,3,A,0,1,A,9,18,3,8,14,14,1,10,5,1,1,0,11.0,5.25,1.25,10.0,5.0,1.25,2.4,3.55,2.85,10.5,5.0,1.25,9.75,5.5,1.29,8.5,5.0,1.25,8.5,5.0,1.25,11.0,5.5,1.3,9.75,5.08,1.27,11.0,5.3,1.29,1.73,2.08,1.77,2.08,1.72,2.01,1.65,2.08,1.5,1.9,1.9,1.9,1.9,1.84,1.85,1.9,1.79,7.0,4.33,1.42,7.0,4.33,1.36,2.24,3.7,2.95,7.0,4.5,1.4,6.75,4.6,1.42,6.0,4.33,1.4,6.0,4.33,1.4,8.0,4.6,1.43,7.03,4.41,1.39,9.6,5.0,1.43,1.7,2.1,1.7,2.1,1.67,2.08,1.77,2.2,1.25,1.8,2.0,1.86,2.0,1.81,1.9,1.99,1.97,4,-2,0.08681607106803946,0.09437116849340517,0.18112576630131896,0.7245030652052759,2025.0,11.0,6.0,0,0,0,0,0,medium,0,0,0,medium,strong
G1,2025-11-09,15:00,Levadeiakos,Panserraikos,5,2,H,2,1,H,17,8,9,2,6,11,6,4,1,4,0,0,1.39,4.33,9.0,1.36,4.2,7.5,1.47,4.2,6.0,1.36,4.4,7.5,1.42,4.6,7.0,1.4,4.2,6.5,1.4,4.2,6.5,1.47,4.75,9.0,1.4,4.35,7.08,1.38,4.6,5.5,1.8,2.0,1.8,2.02,1.75,1.97,1.67,2.08,-1.25,1.9,1.9,1.9,1.9,1.85,1.85,1.8849999999999998,1.8849999999999998,1.27,5.0,10.0,1.29,4.6,9.5,1.38,4.4,7.0,1.29,5.0,10.5,1.32,5.0,9.0,1.3,4.6,8.0,1.3,4.6,8.0,1.38,5.0,10.5,1.32,4.77,8.75,1.35,5.4,11.5,1.73,2.08,1.73,2.1,1.7,2.05,1.77,2.26,-1.5,1.88,1.93,1.95,1.93,1.87,1.83,1.99,1.93,7,3,0.08541370961008599,0.6580769230769231,0.21179487179487183,0.13012820512820514,2025.0,11.0,6.0,0,0,0,0,0,medium,0,0,0,strong,medium
G1,2025-11-09,15:30,OFI Crete,AEK,0,1,A,0,0,D,4,23,0,7,17,16,0,6,2,2,0,0,7.0,4.5,1.45,6.5,4.0,1.44,7.0,4.5,1.38,6.5,4.2,1.44,6.25,4.5,1.46,5.75,4.2,1.44,5.75,4.2,1.44,7.0,4.5,1.47,6.32,4.31,1.43,5.2,4.5,1.25,1.7,2.1,1.7,2.1,1.68,2.07,1.01,2.14,1.0,2.05,1.75,2.05,1.8,2.01,1.72,1.8849999999999998,1.8849999999999998,8.0,5.25,1.3,8.0,4.5,1.33,6.75,4.3,1.42,8.0,4.8,1.33,7.5,5.0,1.36,6.5,4.6,1.33,6.5,4.6,1.33,8.0,5.25,1.42,7.33,4.67,1.36,8.4,5.3,1.42,1.62,2.25,1.71,2.25,1.64,2.14,1.71,2.36,1.5,1.8,2.0,1.8,2.05,1.72,2.0,1.81,2.14,1,-1,0.089547108886884,0.14522350324339478,0.21294954535922395,0.6418269513973813,2025.0,11.0,6.0,0,0,0,0,0,medium,0,0,0,medium,strong
G1,2025-11-09,17:00,Atromitos,Volos NFC,0,1,A,0,1,A,23,5,4,4,16,16,7,0,2,4,0,0,2.4,3.2,2.95,2.4,3.1,2.75,2.4,3.25,2.75,2.4,3.13,2.8,2.45,3.3,2.75,2.37,3.1,2.62,2.37,3.1,2.62,2.48,3.33,2.95,2.4,3.18,2.77,2.3,3.25,2.96,2.1,1.7,2.1,1.77,2.03,1.71,1.01,1.25,-0.25,2.03,1.78,2.05,1.78,2.04,1.7,1.8849999999999998,1.8849999999999998,2.65,2.95,2.75,2.5,2.88,2.75,2.33,3.15,2.95,2.55,3.13,2.75,2.55,3.0,2.8,2.5,2.87,2.7,2.5,2.87,2.7,2.65,3.15,2.95,2.5,3.01,2.81,2.74,3.1,3.05,2.3,1.6,2.3,1.62,2.22,1.59,2.4,1.71,0.0,1.85,1.95,1.85,2.0,1.78,1.95,1.87,2.1,1,-1,0.09214290579660789,0.3815129544450508,0.2879343052415478,0.3305527403134014,2025.0,11.0,6.0,0,0,0,0,0,medium,0,0,0,medium,strong
G1,2025-11-09,19:00,Panathinaikos,PAOK,2,1,H,2,0,H,6,6,3,1,16,16,3,5,5,3,0,0,2.32,3.3,2.95,2.3,3.1,2.88,2.43,3.25,2.75,2.3,3.2,2.88,2.35,3.4,2.85,2.25,3.25,2.75,2.25,3.25,2.75,2.43,3.4,3.0,2.34,3.21,2.85,2.42,3.25,3.0,2.05,1.75,2.05,1.8,2.0,1.73,2.02,1.8,-0.25,2.03,1.78,2.07,1.78,2.02,1.71,2.08,1.78,3.3,3.4,2.1,3.2,3.2,2.1,3.1,3.15,2.2,3.3,3.4,2.1,3.3,3.2,2.15,3.2,3.1,2.1,3.2,3.1,2.1,3.35,3.4,2.22,3.22,3.24,2.14,3.45,3.45,2.3,1.98,1.83,2.12,1.83,1.97,1.75,2.06,1.87,0.25,1.95,1.85,1.95,1.88,1.86,1.85,1.99,1.98,3,1,0.08975410008366236,0.3921530805138691,0.2858686007484279,0.321978318737703,2025.0,11.0,6.0,0,0,0,0,0,medium,0,0,0,medium,strong
G1,2025-11-22,17:30,Asteras Tripolis,Panetolikos,1,1,D,1,0,H,6,8,3,4,9,16,3,3,2,1,0,0,2.01,3.2,4.0,2.05,3.1,3.4,2.06,3.2,3.55,2.0,3.2,3.5,2.05,3.3,3.5,2.0,3.1,3.3,2.0,3.1,3.3,2.06,3.3,4.2,2.02,3.15,3.63,2.08,3.2,4.0,2.1,1.7,2.17,1.7,2.1,1.66,1.93,1.74,-0.5,2.03,1.78,2.03,1.78,1.98,1.72,2.08,1.83,1.86,3.25,4.5,1.95,3.1,3.75,1.98,3.2,3.7,1.87,3.4,4.1,2.0,3.1,4.0,1.95,3.0,3.75,1.95,3.0,3.75,2.0,3.4,5.0,1.92,3.14,4.1,2.02,3.2,4.8,2.1,1.7,2.12,1.73,2.08,1.67,2.24,1.76,-0.5,1.85,1.95,1.93,1.95,1.87,1.81,2.02,1.93,2,0,0.08799191607472423,0.45501211694342647,0.29178554800816553,0.2532023350484081,2025.0,11.0,5.0,0,0,0,0,0,medium,0,0,0,medium,medium
G1,2025-11-22,18:00,Olympiakos,Atromitos,3,0,H,1,0,H,27,6,7,2,5,13,7,1,0,2,0,0,1.11,7.5,21.0,1.13,6.5,15.0,1.15,7.0,15.0,1.12,7.0,17.0,1.15,7.75,18.0,1.12,7.0,15.0,1.12,7.0,15.0,1.15,8.0,21.0,1.13,7.02,16.5,1.15,7.6,22.0,1.53,2.4,1.54,2.4,1.53,2.36,1.55,2.44,-2.0,1.78,2.03,1.8,2.03,1.76,1.96,1.7,1.89,1.19,6.0,15.0,1.2,5.5,11.0,1.27,5.1,10.0,1.2,6.0,13.0,1.21,6.25,13.5,1.18,5.75,11.0,1.18,5.75,11.0,1.3,6.33,15.0,1.22,5.67,11.81,1.22,7.4,17.5,1.62,2.25,1.71,2.25,1.62,2.17,1.66,2.38,-1.5,1.68,2.15,1.86,2.15,1.7,2.04,1.73,2.21,3,3,0.08801195526859251,0.8133695111777742,0.13092700108702063,0.05570348773520514,2025.0,11.0,5.0,0,0,0,0,0,low,0,0,0,strong,medium
G1,2025-11-23,15:00,Panserraikos,Panathinaikos,0,3,A,0,1,A,10,18,2,6,13,7,3,8,2,1,0,0,9.5,4.75,1.33,8.0,4.5,1.33,7.5,4.25,1.4,8.0,4.5,1.33,7.5,4.8,1.37,7.0,4.5,1.33,7.0,4.5,1.33,9.5,5.0,1.4,7.95,4.58,1.34,8.0,5.1,1.38,1.7,2.1,1.83,2.1,1.71,2.03,1.72,2.12,1.5,1.78,2.03,1.8,2.03,1.75,1.97,1.8849999999999998,1.8849999999999998,7.0,4.33,1.42,7.0,4.33,1.36,8.0,5.1,1.3,7.0,4.6,1.4,6.5,4.5,1.43,6.0,4.2,1.4,6.0,4.2,1.4,8.0,5.1,1.43,7.01,4.58,1.38,8.6,5.0,1.44,1.67,2.15,1.67,2.2,1.64,2.14,1.7,2.32,1.25,1.83,1.98,1.9,1.98,1.82,1.88,2.0,1.95,3,-3,0.09039543159214225,0.11535830018871755,0.20023984421404029,0.6844018555972421,2025.0,11.0,6.0,0,0,0,0,0,medium,0,0,0,medium,strong
G1,2025-11-23,17:00,PAOK,Kifisia,3,0,H,1,0,H,19,6,6,2,9,17,8,4,1,7,0,1,1.17,7.0,11.0,1.18,5.5,12.0,2.4,3.55,2.85,1.18,6.0,12.0,1.21,6.5,13.0,1.18,5.75,11.0,1.18,5.75,11.0,1.22,7.0,14.0,1.19,5.99,11.92,1.24,6.0,1.09,1.53,2.4,1.62,2.4,1.56,2.27,1.55,2.44,-1.75,1.78,2.03,1.79,2.03,1.78,1.92,1.8849999999999998,1.8849999999999998,1.19,7.0,9.5,1.2,5.5,11.0,2.24,3.7,2.95,1.2,6.0,13.0,1.23,6.5,11.0,1.22,5.5,9.0,1.2,6.0,9.5,1.23,7.0,13.0,1.21,6.05,10.79,1.26,6.8,15.0,1.53,2.4,1.54,2.45,1.52,2.39,1.58,2.6,-1.75,1.83,1.98,1.83,1.98,1.81,1.89,1.96,1.94,3,3,0.09117366008374628,0.7701213520763384,0.15299572770798708,0.07688292021567472,2025.0,11.0,6.0,0,0,0,0,0,medium,0,0,0,strong,medium
G1,2025-11-23,19:00,AEK,Aris,1,0,H,0,0,D,27,6,7,3,13,11,10,1,3,2,0,0,1.42,4.33,7.0,1.44,3.75,7.0,1.45,3.95,7.0,1.44,3.9,7.0,1.47,4.2,6.5,1.44,3.9,5.75,1.44,3.9,5.75,1.5,4.33,8.0,1.44,4.03,6.83,1.26,4.3,7.4,1.98,1.83,2.0,1.83,1.95,1.76,2.0,1.25,-1.0,1.75,2.05,1.85,2.15,1.73,2.0,1.8849999999999998,1.8849999999999998,1.39,4.5,7.0,1.4,4.0,7.0,1.48,3.9,6.5,1.4,4.33,7.5,1.44,4.2,7.25,1.4,4.0,6.5,1.44,4.0,6.5,1.48,4.5,7.5,1.42,4.14,7.02,1.46,4.8,9.0,1.9,1.9,1.97,1.9,1.88,1.82,1.96,2.0,-1.25,2.0,1.8,2.07,1.8,1.99,1.72,2.06,1.9,1,1,0.08899628659464298,0.6376922061102834,0.22786024238183827,0.13444755150787824,2025.0,11.0,6.0,0,0,0,0,0,medium,0,0,0,strong,medium
G1,2025-11-24,16:00,Volos NFC,Levadeiakos,1,2,A,1,1,D,20,12,5,5,17,15,2,2,3,2,0,0,2.95,3.4,2.25,2.88,3.1,2.3,2.8,3.35,2.33,2.15,3.6500000000000004,3.25,2.87,3.3,2.35,2.75,3.2,2.25,2.75,3.2,2.25,3.0,3.5,2.35,2.87,3.3,2.28,,,,2.03,1.78,2.03,1.8,1.94,1.76,,,0.25,1.83,1.98,1.83,1.98,1.76,1.96,1.8849999999999998,1.8849999999999998,2.95,3.3,2.25,3.0,3.1,2.25,3.0,3.35,2.2,3.1,3.2,2.3,3.1,3.2,2.3,2.9,3.1,2.2,2.9,3.1,2.2,3.2,3.35,2.3,3.03,3.19,2.25,3.45,3.35,2.38,2.15,1.67,2.15,1.71,2.07,1.67,2.22,1.79,0.25,1.83,1.98,1.83,1.98,1.79,1.91,1.93,2.04,3,-1,0.09005885000750213,0.31964517855777314,0.27799444316994215,0.4023603782722847,2025.0,11.0,0.0,0,0,0,0,0,medium,0,0,0,medium,strong
G1,2025-11-24,18:00,Larisa,OFI Crete,1,2,A,1,2,A,18,8,6,4,23,13,6,3,4,3,0,0,2.2,3.25,3.25,2.25,3.1,3.0,2.33,3.2,2.88,2.15,3.6500000000000004,3.25,2.2,3.4,3.1,2.15,3.25,2.9,2.15,3.25,2.9,2.33,3.4,3.25,2.24,3.23,2.98,,,,1.95,1.85,1.95,1.85,1.9,1.79,,,-0.25,1.95,1.85,1.95,1.85,1.93,1.81,1.8849999999999998,1.8849999999999998,2.1,3.3,3.4,2.2,3.1,3.1,2.35,3.25,2.85,2.15,3.3,3.25,2.25,3.2,3.2,2.15,3.0,3.1,2.15,3.0,3.1,2.35,3.3,3.4,2.19,3.17,3.16,2.34,3.25,3.6,2.0,1.8,2.0,1.81,1.93,1.78,2.1,1.88,-0.25,1.85,1.95,1.85,1.95,1.83,1.88,1.99,1.98,3,-1,0.09159656444704334,0.40896846506173573,0.2836189974421945,0.30741253749606984,2025.0,11.0,0.0,0,0,0,0,0,medium,0,0,0,medium,strong
G1,2025-11-29,15:30,OFI Crete,Volos NFC,0,1,A,0,0,D,4,16,1,4,16,23,1,5,2,3,0,0,2.55,3.2,2.7,2.5,3.1,2.63,2.45,3.25,2.7,2.5,3.2,2.63,2.45,3.3,2.7,2.37,3.2,2.6,2.37,3.2,2.6,2.66,3.3,2.8,2.5,3.14,2.68,2.62,3.2,2.54,2.05,1.75,2.05,1.82,1.94,1.77,2.02,1.66,0.0,1.83,1.98,1.83,22.0,1.8,5.27,1.83,1.85,2.45,3.25,2.82,2.38,3.1,2.75,2.48,3.2,2.7,2.45,3.3,2.75,2.45,3.3,2.75,2.37,3.1,2.62,2.37,3.1,2.62,2.5,3.3,3.1,2.43,3.16,2.78,2.56,3.3,3.1,1.95,1.85,1.95,1.85,1.89,1.81,2.02,1.9,0.0,1.8,2.0,1.8,2.1,1.75,2.0,1.8,2.17,1,-1,0.09160566593782682,0.36643268946057517,0.2917457718635152,0.3418215386759096,2025.0,11.0,5.0,0,0,0,0,0,medium,0,0,0,medium,strong
G1,2025-11-29,17:30,Aris,Larisa,2,1,H,1,0,H,18,2,8,1,14,21,7,0,4,6,0,1,1.57,3.6,6.0,1.53,3.6,5.5,1.56,3.7,5.75,1.55,3.75,5.5,1.6,3.8,5.5,1.55,3.6,5.0,1.55,3.6,5.0,1.6,4.0,6.0,1.56,3.72,5.53,1.54,3.65,5.3,1.95,1.85,2.0,1.85,1.93,1.77,1.9,1.74,-1.0,2.05,1.75,2.05,1.8,1.95,1.76,1.89,1.73,1.46,3.8,6.5,1.5,3.75,6.0,1.56,3.75,5.6,1.5,4.0,6.5,1.53,3.9,6.0,1.5,3.7,5.5,1.5,3.7,5.5,1.56,4.2,6.5,1.51,3.86,6.01,1.54,4.4,7.4,1.93,1.88,1.95,1.88,1.91,1.8,2.02,1.95,-1.0,1.88,1.93,1.93,1.93,1.88,1.83,1.92,2.03,3,1,0.09067467172816279,0.5877331321996709,0.2464687328579265,0.16579813494240267,2025.0,11.0,5.0,0,0,0,0,0,medium,0,0,0,strong,medium
G1,2025-11-29,17:30,Kifisia,Panserraikos,3,0,H,1,0,H,21,6,6,1,11,13,4,4,2,3,1,1,1.53,3.75,6.5,1.53,3.75,5.5,2.4,3.55,2.85,1.5,3.9,5.5,1.55,4.2,5.25,1.53,3.9,5.0,1.53,3.9,5.0,1.55,4.2,6.5,1.52,3.95,5.55,1.53,3.75,5.3,1.8,2.0,1.8,2.0,1.76,1.95,1.75,1.94,-1.0,1.95,1.85,1.95,22.0,1.88,5.2,1.92,1.89,1.57,3.6,6.0,1.57,3.6,5.5,2.24,3.7,2.95,1.6,3.75,5.5,1.61,3.75,5.25,1.57,3.6,5.0,1.57,3.6,5.0,1.65,3.8,6.0,1.59,3.67,5.37,1.65,4.1,6.2,2.03,1.78,2.03,1.8,1.95,1.76,2.06,1.87,-0.75,1.78,2.03,1.78,2.03,1.74,1.98,1.83,2.17,3,3,0.09123947398431076,0.602887590237195,0.2319972499140598,0.16511515984874528,2025.0,11.0,5.0,0,0,0,0,0,medium,0,0,0,strong,medium
G1,2025-11-30,15:00,Atromitos,Asteras Tripolis,0,1,A,0,1,A,11,9,4,6,15,18,7,6,2,1,0,0,2.1,3.2,3.5,2.15,3.0,3.3,2.17,3.05,3.35,2.15,3.1,3.25,2.15,3.25,3.3,2.1,3.1,3.2,2.1,3.1,3.2,2.25,3.25,3.5,2.15,3.1,3.3,2.12,2.98,3.3,2.25,1.62,2.32,1.62,2.22,1.59,2.08,1.55,-0.25,1.85,1.95,1.85,22.0,1.82,4.39,1.8849999999999998,1.8849999999999998,2.35,3.05,2.95,2.25,3.0,3.1,2.14,3.05,3.4,2.38,3.13,3.0,2.35,3.1,3.1,2.25,3.0,2.9,2.25,3.0,2.9,2.4,3.13,3.4,2.29,3.01,3.13,2.5,3.1,3.4,2.25,1.62,2.33,1.62,2.23,1.58,2.34,1.69,-0.25,2.05,1.75,2.05,1.89,1.89,1.8,2.12,1.87,1,-1,0.09072722726136084,0.42642767819924965,0.29574822842851184,0.2778240933722384,2025.0,11.0,6.0,0,0,0,0,0,medium,0,0,0,medium,medium
G1,2025-11-30,15:00,Panetolikos,Olympiakos,0,1,A,0,0,D,7,24,2,5,8,11,3,9,0,0,0,0,13.0,5.75,1.19,11.0,5.0,1.22,11.0,5.25,1.24,11.5,5.5,1.2,10.0,5.75,1.26,8.5,5.25,1.25,8.5,5.25,1.25,13.0,5.8,1.26,10.71,5.39,1.23,10.0,5.8,1.27,1.62,2.25,1.68,2.25,1.63,2.16,1.63,2.26,1.75,1.85,1.95,1.85,22.0,1.79,4.42,1.8849999999999998,1.8849999999999998,12.0,5.0,1.24,11.0,4.6,1.25,10.0,5.2,1.26,12.0,5.25,1.25,10.5,5.5,1.27,9.0,5.0,1.25,9.0,5.0,1.25,12.0,5.6,1.28,10.78,5.06,1.25,17.5,5.9,1.28,1.88,1.93,1.9,1.98,1.82,1.88,1.91,2.04,1.5,1.95,1.85,1.95,1.9,1.88,1.81,2.0,1.9,1,-1,0.09190756864460492,0.0855115252309109,0.1699125111731087,0.7445759635959803,2025.0,11.0,6.0,0,0,0,0,0,medium,0,0,0,weak,strong
G1,2025-11-30,17:00,Levadeiakos,PAOK,2,3,A,1,1,D,13,14,5,6,14,14,2,5,0,2,0,1,4.5,3.5,1.76,4.33,3.4,1.73,4.2,3.4,1.8,4.33,3.5,1.73,4.0,3.6,1.82,3.8,3.5,1.75,3.8,3.5,1.75,4.5,3.8,1.82,4.16,3.53,1.76,4.6,3.8,1.52,1.9,1.9,1.93,1.9,1.89,1.81,1.01,1.9,0.5,2.03,1.78,2.03,1.8,1.97,1.74,1.8849999999999998,1.8849999999999998,4.1,3.4,1.86,3.75,3.4,1.83,3.9,3.4,1.87,3.75,3.5,1.91,3.8,3.5,1.88,3.6,3.4,1.83,3.6,3.4,1.83,4.1,3.8,1.91,3.78,3.48,1.86,4.1,3.8,1.95,1.85,1.95,1.87,1.95,1.81,1.9,1.88,2.1,0.5,1.88,1.93,1.91,1.93,1.86,1.83,2.03,1.95,5,-1,0.0918525525466034,0.22016215909735218,0.2594545557634519,0.5203832851391961,2025.0,11.0,6.0,0,0,0,0,0,medium,0,0,0,medium,strong
G1,2025-11-30,19:00,Panathinaikos,AEK,2,3,A,0,2,A,14,7,5,4,18,22,5,2,4,5,1,1,2.57,3.05,2.7,2.5,3.1,2.63,2.7,3.05,2.63,2.55,3.13,2.6,2.55,3.2,2.7,2.45,3.1,2.6,2.45,3.1,2.6,2.7,3.2,2.8,2.57,3.07,2.66,2.6,3.15,2.8,2.1,1.7,2.25,1.73,2.08,1.67,1.96,1.68,0.0,1.85,1.95,1.85,22.0,1.82,5.25,1.8849999999999998,1.8849999999999998,2.65,2.85,2.75,2.6,3.0,2.63,2.55,3.1,2.75,2.63,3.0,2.75,2.55,3.1,2.75,2.5,2.9,2.62,2.5,2.9,2.62,2.71,3.1,2.8,2.59,2.98,2.72,2.78,3.2,2.96,2.25,1.62,2.25,1.67,2.14,1.64,2.28,1.73,0.0,1.85,1.95,1.85,1.95,1.81,1.9,1.93,2.05,5,-1,0.09077780701262039,0.35672256610301273,0.29862442830121916,0.34465300559576795,2025.0,11.0,6.0,0,0,0,0,0,medium,0,0,0,medium,strong
G1,2025-12-06,15:00,Olympiakos,OFI Crete,3,0,H,2,0,H,32,2,12,1,16,8,7,0,0,2,0,0,1.11,7.5,19.0,1.1,7.5,15.0,1.11,8.0,16.0,1.1,8.0,17.0,1.13,8.75,19.0,1.11,7.5,15.0,1.11,7.5,15.0,1.13,9.5,19.0,1.11,7.95,16.34,1.14,9.6,20.0,1.36,3.1,1.36,3.1,1.35,2.97,1.37,3.1,-2.25,1.85,1.95,1.85,1.95,1.81,1.89,1.83,1.97,1.05,10.0,26.0,1.06,8.5,21.0,1.12,8.0,16.0,1.06,10.5,26.0,1.09,11.0,23.0,1.07,9.5,19.0,1.07,9.5,19.0,1.12,11.0,26.0,1.08,9.32,21.75,1.1,13.0,42.0,1.33,3.4,1.34,3.4,1.33,3.09,1.37,3.55,-2.75,2.03,1.78,2.03,1.78,1.97,1.74,2.06,1.84,3,3,0.08788657482683004,0.8281202486980835,0.11562433661067584,0.056255414691240686,2025.0,12.0,5.0,0,0,0,0,0,low,0,0,0,strong,medium
G1,2025-12-06,18:30,Volos NFC,Kifisia,1,1,D,1,1,D,16,21,5,9,13,15,8,8,4,4,0,0,2.05,3.25,3.7,2.05,3.1,3.4,2.4,3.55,2.85,2.05,3.2,3.4,2.05,3.25,3.6,2.0,3.1,3.4,2.0,3.1,3.4,2.12,3.33,3.7,2.06,3.19,3.45,2.14,3.3,3.7,2.15,1.67,2.2,1.67,2.15,1.64,1.42,1.67,-0.5,2.08,1.73,2.08,1.8,2.03,1.71,2.14,1.83,2.25,3.4,3.05,2.15,3.2,3.1,2.24,3.7,2.95,2.25,3.4,3.0,2.25,3.3,3.0,2.15,3.1,2.87,2.15,3.0,2.8,2.25,3.4,3.3,2.22,3.25,3.01,2.34,3.25,3.55,1.95,1.85,1.95,2.0,1.84,1.87,1.98,2.0,-0.25,1.98,1.83,1.98,1.85,1.92,1.82,1.98,1.97,2,0,0.08877158949210306,0.44585742123408373,0.28792046637686913,0.2662221123890471,2025.0,12.0,5.0,0,0,0,0,0,medium,0,0,0,medium,medium
G1,2025-12-07,15:00,Asteras Tripolis,Levadeiakos,1,1,D,1,0,H,6,14,3,5,19,6,2,9,3,1,0,0,2.85,3.5,2.25,3.1,3.1,2.2,3.35,3.25,2.08,3.0,3.2,2.25,3.1,3.3,2.25,2.9,3.1,2.2,2.9,3.1,2.2,3.35,3.5,2.36,3.06,3.2,2.22,2.76,3.3,2.28,2.05,1.75,2.1,1.75,2.01,1.71,1.93,1.7,0.25,1.8,2.0,1.93,2.0,1.84,1.87,1.8849999999999998,1.8849999999999998,3.05,3.5,2.1,3.1,3.1,2.2,3.2,3.15,2.18,3.13,3.3,2.2,3.1,3.3,2.25,2.87,3.2,2.2,2.9,3.2,2.15,3.33,3.5,2.25,3.12,3.23,2.18,3.5,3.35,2.3,2.0,1.8,2.0,1.8,1.95,1.75,2.08,1.89,0.25,1.88,1.93,1.88,1.93,1.85,1.85,1.98,1.96,2,0,0.0897478360713655,0.29988349121118485,0.2867635884706955,0.4133529203181196,2025.0,12.0,6.0,0,0,0,0,0,medium,0,0,0,medium,strong
G1,2025-12-07,15:30,Larisa,Panathinaikos,2,2,D,1,1,D,10,14,4,8,11,10,4,5,4,4,0,1,7.5,4.2,1.41,6.5,4.0,1.44,6.5,3.9,1.48,7.0,4.2,1.4,6.5,4.2,1.47,5.75,4.0,1.44,5.75,4.0,1.44,7.5,4.75,1.48,6.6,4.16,1.43,6.4,4.1,1.45,1.83,1.98,1.95,1.98,1.83,1.87,1.68,2.02,1.25,1.78,2.03,1.83,2.06,1.72,2.0,1.8849999999999998,1.8849999999999998,10.0,4.5,1.3,9.0,4.33,1.3,7.5,4.4,1.38,9.5,4.6,1.33,9.0,4.8,1.34,8.0,4.5,1.3,8.0,4.5,1.3,10.0,4.8,1.38,8.61,4.55,1.33,11.5,4.9,1.39,1.95,1.85,1.95,1.98,1.83,1.86,1.98,1.99,1.5,1.75,2.05,1.8,2.05,1.71,2.0,1.82,2.11,4,0,0.0912004662004664,0.13885180240320424,0.2202937249666221,0.6408544726301735,2025.0,12.0,6.0,0,0,0,0,0,medium,0,0,0,medium,strong
G1,2025-12-07,17:30,PAOK,Aris,3,1,H,2,1,H,19,9,6,3,11,11,7,2,2,0,0,0,1.46,3.9,7.0,1.44,3.75,6.5,1.5,3.9,6.1,1.45,4.0,6.5,1.49,4.1,6.25,1.48,3.9,5.75,1.48,3.9,5.75,1.5,4.2,7.0,1.47,3.96,6.28,1.37,4.1,4.2,1.98,1.83,1.98,1.84,1.9,1.81,1.87,1.25,-1.0,1.83,1.98,1.83,1.98,1.8,1.92,1.8849999999999998,1.8849999999999998,1.37,4.1,9.0,1.4,3.75,8.0,1.46,3.95,6.75,1.4,4.2,8.0,1.41,4.2,8.0,1.4,3.9,6.5,1.4,4.0,7.0,1.46,4.25,9.0,1.41,4.04,7.56,1.45,4.5,10.0,2.08,1.73,2.1,1.77,2.04,1.7,2.16,1.81,-1.25,1.98,1.83,2.0,1.83,1.96,1.74,2.04,1.89,4,2,0.09203303015859876,0.6229409642900084,0.2312432367440183,0.14581579896597333,2025.0,12.0,6.0,0,0,0,0,0,medium,0,0,0,strong,medium
G1,2025-12-07,19:00,AEK,Atromitos,4,1,H,1,0,H,17,5,9,2,14,14,5,0,1,3,0,0,1.24,5.25,13.0,1.22,5.0,12.0,1.29,4.8,10.0,1.22,5.25,11.5,1.26,5.75,10.5,1.22,5.25,9.0,1.22,5.25,9.0,1.29,5.75,13.0,1.24,5.23,10.75,1.25,6.0,16.5,1.73,2.08,1.77,2.1,1.72,2.01,1.63,2.0,-1.5,1.8,2.0,1.82,2.0,1.76,1.95,1.8849999999999998,1.8849999999999998,1.15,6.5,15.0,1.17,6.0,13.0,1.24,5.3,11.5,1.17,6.5,15.0,1.19,6.5,14.5,1.18,6.0,11.0,1.18,6.0,11.0,1.24,6.5,15.0,1.19,6.01,13.38,1.21,7.4,24.0,1.67,2.15,1.74,2.15,1.68,2.08,1.75,2.22,-1.75,1.78,2.03,1.91,2.03,1.82,1.89,1.87,2.09,5,3,0.09067945762731311,0.7394029540609461,0.1753077749590006,0.08528927098005332,2025.0,12.0,6.0,0,0,0,0,0,medium,0,0,0,strong,medium
G1,2025-12-08,16:00,Panserraikos,Panetolikos,0,1,A,0,1,A,14,6,0,2,20,14,2,0,2,3,0,0,2.65,3.05,2.65,2.6,3.0,2.6,2.6,3.05,2.7,2.15,3.6500000000000004,3.25,2.6,3.25,2.6,2.5,3.1,2.5,2.5,3.1,2.5,2.65,3.25,2.75,2.59,3.06,2.63,2.7,3.05,2.76,2.2,1.65,2.2,1.65,2.17,1.62,,,0.0,1.9,1.9,1.9,1.9,1.87,1.89,1.8849999999999998,1.8849999999999998,2.7,2.95,2.7,2.63,2.88,2.63,2.55,3.05,2.7,2.7,3.0,2.63,2.65,3.0,2.7,2.6,2.9,2.6,2.6,2.9,2.6,2.71,3.05,2.9,2.64,2.94,2.71,2.86,3.05,3.0,2.4,1.53,2.4,1.58,2.32,1.54,2.54,1.62,0.0,1.9,1.9,1.9,1.95,1.83,1.88,1.92,2.03,1,-1,0.0931259086034304,0.3532076067922177,0.2989567652260927,0.34783562798168965,2025.0,12.0,0.0,0,0,0,0,0,medium,0,0,0,medium,strong
G1,2025-12-13,15:00,Levadeiakos,Larisa,3,0,H,1,0,H,18,3,6,1,9,20,9,2,1,3,0,0,1.37,4.5,8.0,1.36,4.2,7.5,1.38,4.4,7.5,1.36,4.4,7.5,1.4,4.75,7.0,1.36,4.4,6.5,1.36,4.4,6.5,1.4,4.75,8.0,1.37,4.41,7.31,1.41,4.7,8.6,1.8,2.0,1.8,2.0,1.74,1.98,1.82,1.98,-1.25,1.9,1.9,1.9,1.9,1.83,1.85,1.96,1.9,1.35,4.75,8.0,1.4,4.0,7.0,1.38,4.35,7.0,1.36,4.6,8.0,1.4,4.6,7.25,1.36,4.33,6.5,1.36,4.33,6.5,1.4,4.75,8.5,1.37,4.41,7.39,1.42,4.9,9.4,1.73,2.08,1.85,2.08,1.75,1.97,1.89,2.1,-1.25,1.85,1.95,1.85,1.95,1.81,1.88,1.96,1.94,3,3,0.09348328252253757,0.6675246151138352,0.20737159245032977,0.12510379243583505,2025.0,12.0,5.0,0,0,0,0,0,medium,0,0,0,strong,medium
G1,2025-12-13,16:00,OFI Crete,Panserraikos,3,0,H,3,0,H,11,8,4,3,16,12,8,5,4,3,0,0,1.86,3.3,4.2,1.9,3.3,3.6,1.8,3.55,3.95,1.87,3.4,3.7,1.88,3.6,3.8,1.83,3.4,3.6,1.83,3.4,3.6,1.93,3.6,4.33,1.86,3.37,3.87,1.91,3.4,4.1,1.83,1.98,1.83,1.98,1.79,1.91,1.86,1.99,-0.5,1.9,1.9,1.9,1.9,1.85,1.84,1.91,2.01,1.86,3.3,4.1,1.9,3.3,3.6,1.79,3.55,4.1,1.95,3.5,3.6,1.87,3.5,3.9,1.83,3.4,3.7,1.83,3.4,3.7,1.95,3.55,4.25,1.87,3.39,3.86,1.98,3.6,4.5,1.9,1.9,1.9,1.91,1.82,1.87,1.96,2.0,-0.5,1.95,1.85,1.95,1.87,1.87,1.82,1.98,2.0,3,3,0.09276824646319826,0.49199307386743024,0.27154513869240954,0.23646178744016025,2025.0,12.0,5.0,0,0,0,0,0,medium,0,0,0,strong,medium
G1,2025-12-13,18:00,Kifisia,Asteras Tripolis,0,0,D,0,0,D,20,9,6,3,17,10,6,4,1,3,0,0,2.01,3.25,3.75,2.0,3.1,3.5,2.4,3.55,2.85,2.0,3.25,3.5,2.0,3.4,3.5,1.95,3.2,3.3,1.95,3.2,3.3,2.01,3.4,3.75,1.99,3.24,3.53,2.1,3.3,3.75,2.08,1.73,2.1,1.73,2.04,1.7,2.12,1.73,-0.5,2.03,1.78,2.03,1.8,1.97,1.75,2.1,1.79,1.91,3.3,3.9,2.05,3.1,3.4,2.24,3.7,2.95,2.0,3.3,3.75,2.05,3.25,3.5,2.0,3.1,3.4,2.0,3.1,3.4,2.08,3.3,4.0,2.02,3.16,3.6,2.12,3.3,4.2,2.1,1.7,2.1,1.73,2.08,1.68,2.24,1.76,-0.5,1.98,1.83,2.0,1.83,1.97,1.75,2.12,1.87,0,0,0.09444065710288241,0.4591501234468776,0.2820088721170637,0.2588410044360585,2025.0,12.0,5.0,0,0,0,0,0,medium,0,0,0,strong,medium
G1,2025-12-14,15:30,Panetolikos,AEK,0,5,A,0,2,A,5,13,0,10,13,14,2,3,2,2,0,0,7.0,4.33,1.41,7.5,4.0,1.4,8.0,4.1,1.4,8.0,4.2,1.36,7.25,4.4,1.42,6.5,4.2,1.4,6.5,4.2,1.4,8.1,4.5,1.42,7.49,4.18,1.39,6.0,4.5,1.4,1.98,1.83,2.0,1.83,1.95,1.76,1.33,1.84,1.25,1.83,1.98,1.83,1.98,1.79,1.9,1.8849999999999998,1.8849999999999998,8.5,4.5,1.35,8.0,4.0,1.36,8.0,4.2,1.4,8.5,4.5,1.36,7.75,4.6,1.39,7.0,4.2,1.36,7.0,4.2,1.36,8.5,4.6,1.4,7.84,4.31,1.37,10.5,4.8,1.42,1.95,1.85,1.96,1.85,1.92,1.78,2.0,1.96,1.25,1.9,1.9,1.9,1.9,1.83,1.86,1.98,2.0,5,-5,0.09217025865703987,0.12224407999242573,0.2190450141491074,0.6587109058584668,2025.0,12.0,6.0,0,0,0,0,0,medium,0,0,0,medium,strong
G1,2025-12-14,16:00,Atromitos,PAOK,2,0,H,1,0,H,7,11,2,2,16,11,3,9,3,1,0,0,7.0,4.33,1.41,7.0,4.0,1.4,7.0,4.25,1.41,7.0,4.2,1.4,6.5,4.5,1.44,5.75,4.2,1.4,5.75,4.2,1.4,7.0,4.5,1.44,6.71,4.25,1.41,8.0,4.6,1.42,1.8,2.0,1.8,2.0,1.78,1.93,1.28,2.02,1.25,1.8,2.0,1.8,2.0,1.78,1.92,1.8849999999999998,1.8849999999999998,7.5,4.33,1.39,7.5,4.2,1.36,7.0,4.35,1.4,7.5,4.4,1.4,7.0,4.6,1.41,6.5,4.33,1.4,6.5,4.33,1.4,7.6,4.75,1.43,7.0,4.39,1.39,8.6,5.0,1.45,1.75,2.05,1.75,2.05,1.72,2.0,1.84,2.12,1.25,1.85,1.95,1.85,1.95,1.81,1.88,1.92,2.0,2,2,0.09354527237536736,0.1362826947699739,0.21516632515447645,0.6485509800755497,2025.0,12.0,6.0,0,0,0,0,0,medium,0,0,0,medium,strong
G1,2025-12-14,18:00,Aris,Olympiakos,0,0,D,0,0,D,12,15,0,5,7,12,3,5,5,3,1,1,7.5,4.2,1.42,7.0,3.75,1.44,6.5,3.95,1.47,7.0,3.9,1.44,6.75,4.2,1.46,6.0,4.0,1.44,6.0,4.0,1.44,7.5,4.2,1.47,6.78,3.99,1.44,8.8,4.2,1.45,2.03,1.78,2.03,1.8,1.96,1.75,2.04,1.81,1.0,2.03,1.78,2.03,1.8,1.96,1.76,1.8849999999999998,1.8849999999999998,5.5,3.75,1.57,5.5,3.5,1.57,5.8,3.8,1.53,5.5,3.75,1.6,5.5,3.8,1.6,5.0,3.6,1.57,5.0,3.6,1.57,6.4,4.2,1.6,5.63,3.71,1.56,6.8,4.1,1.61,2.05,1.75,2.05,1.75,1.99,1.73,2.14,1.84,0.75,2.0,1.8,2.08,1.8,2.02,1.7,2.21,1.79,0,0,0.09256363622921615,0.13499682808204694,0.229393106364982,0.635610065552971,2025.0,12.0,6.0,0,0,0,0,0,medium,0,0,0,medium,strong
G1,2025-12-14,19:00,Panathinaikos,Volos NFC,2,1,H,2,1,H,7,11,2,4,21,17,6,5,3,6,0,0,1.27,5.0,11.0,1.29,4.6,9.5,1.34,4.6,8.5,1.29,4.8,9.5,1.31,5.25,9.0,1.28,4.8,8.0,1.28,4.8,8.0,1.34,5.33,11.0,1.3,4.83,8.95,1.3,4.7,6.4,1.73,2.08,1.74,2.1,1.7,2.03,1.63,2.1,-1.5,1.9,1.9,1.95,1.9,1.88,1.81,1.8849999999999998,1.8849999999999998,1.33,4.5,10.0,1.3,4.5,8.5,1.34,4.6,8.5,1.33,4.75,9.0,1.35,4.75,8.75,1.33,4.4,7.5,1.33,4.4,7.5,1.35,5.0,10.0,1.32,4.61,8.61,1.36,5.4,11.5,1.85,1.95,1.85,2.05,1.79,1.92,1.94,2.0,-1.5,2.05,1.75,2.05,1.8,1.98,1.73,2.11,1.85,3,1,0.08800195028030822,0.7070123073148792,0.19029316760027803,0.1026945250848428,2025.0,12.0,6.0,0,0,0,0,0,medium,0,0,0,strong,medium
G1,2025-12-20,14:00,Asteras Tripolis,Aris,0,1,A,0,1,A,7,11,4,1,12,19,7,3,3,3,0,0,2.82,2.95,2.7,2.75,2.88,2.5,2.9,3.0,2.43,2.7,2.9,2.6,2.8,3.0,2.6,2.7,2.9,2.5,2.7,2.9,2.5,2.9,3.0,2.83,2.79,2.87,2.6,2.98,3.0,2.82,2.5,1.5,2.5,1.55,2.39,1.51,2.78,1.47,0.0,1.95,1.85,1.95,1.85,1.89,1.82,2.02,1.92,2.7,2.82,2.85,2.63,2.75,2.75,2.7,2.88,2.7,2.7,2.9,2.8,2.7,2.9,2.75,2.6,2.8,2.62,2.6,2.8,2.62,2.71,2.9,3.1,2.66,2.81,2.79,2.84,2.98,3.05,2.7,1.44,2.75,1.45,2.61,1.43,2.86,1.51,0.0,1.83,1.98,1.83,1.98,1.79,1.93,1.89,2.06,1,-1,0.09147037943261394,0.32838540176822906,0.31923180171894044,0.3523827965128304,2025.0,12.0,5.0,0,0,0,0,0,medium,0,0,0,medium,strong
G1,2025-12-20,16:00,Volos NFC,Panetolikos,1,0,H,0,0,D,9,14,3,4,13,14,4,9,3,1,0,0,1.81,3.3,4.5,1.9,3.1,4.0,1.96,3.2,3.8,1.87,3.2,4.0,1.93,3.3,3.9,1.91,3.2,3.7,1.91,3.2,3.7,1.96,3.3,4.5,1.89,3.21,4.0,1.92,3.25,4.6,2.25,1.62,2.25,1.65,2.19,1.6,2.28,1.64,-0.5,1.9,1.9,1.9,1.9,1.86,1.84,1.92,1.94,1.86,3.3,4.2,1.9,3.1,4.0,1.97,3.2,3.75,1.87,3.3,4.2,1.88,3.3,4.1,1.83,3.2,3.8,1.83,3.2,3.8,1.97,3.33,4.4,1.88,3.22,4.04,1.96,3.4,4.8,2.2,1.65,2.2,1.67,2.16,1.62,2.36,1.72,-0.5,1.88,1.93,1.92,1.93,1.85,1.84,1.96,2.03,1,1,0.09062700885130792,0.4851342620405111,0.28563979914534754,0.22922593881414144,2025.0,12.0,5.0,0,0,0,0,0,medium,0,0,0,strong,medium
G1,2025-12-20,18:30,Olympiakos,Kifisia,1,1,D,1,1,D,29,5,6,1,11,18,18,1,0,5,0,1,1.1,8.0,21.0,1.11,7.0,17.0,2.4,3.55,2.85,1.1,7.5,18.0,1.15,8.25,15.0,1.13,7.5,12.0,1.13,7.5,12.0,1.15,8.5,21.0,1.12,7.49,16.38,1.13,10.0,21.0,1.4,2.88,1.42,2.88,1.39,2.75,1.4,2.98,-2.25,1.85,1.95,1.85,1.95,1.83,1.88,1.84,1.95,1.15,7.0,13.0,1.18,6.0,11.0,2.24,3.7,2.95,1.17,7.0,13.0,1.22,6.5,11.0,1.2,6.0,9.5,1.2,6.0,9.5,1.22,7.0,13.0,1.19,6.37,11.23,1.22,8.0,17.0,1.44,2.7,1.45,2.75,1.43,2.64,1.52,2.82,-2.0,1.95,1.85,2.0,1.85,1.92,1.8,2.17,1.81,2,0,0.08741855237182339,0.8210795566340919,0.12277825145930346,0.056142191906604584,2025.0,12.0,5.0,0,0,0,0,0,low,0,0,0,strong,medium
G1,2025-12-21,15:30,Larisa,Atromitos,0,0,D,0,0,D,4,9,2,0,19,18,1,4,2,5,0,0,2.7,2.95,2.7,2.63,2.88,2.63,2.75,3.05,2.55,2.63,3.0,2.63,2.65,3.1,2.65,2.5,3.0,2.5,2.5,3.0,2.5,2.75,3.1,2.75,2.65,2.99,2.61,2.74,2.98,2.78,2.35,1.57,2.35,1.62,2.22,1.59,2.34,1.61,0.0,1.9,1.9,1.9,1.9,1.86,1.86,1.8849999999999998,1.8849999999999998,2.85,2.95,2.55,2.88,2.88,2.4,2.7,3.1,2.55,2.88,3.1,2.5,2.8,3.1,2.5,2.7,3.0,2.45,2.7,3.0,2.45,3.0,3.1,2.63,2.83,2.96,2.51,3.1,3.1,2.74,2.4,1.53,2.4,1.6,2.28,1.55,2.46,1.64,0.0,2.03,1.78,2.1,1.78,2.0,1.74,2.1,1.87,0,0,0.09494841355326211,0.3446358621968831,0.30544649994038126,0.34991763786273566,2025.0,12.0,6.0,0,0,0,0,0,medium,0,0,0,medium,strong
G1,2025-12-21,17:30,PAOK,Panathinaikos,2,0,H,1,0,H,16,3,11,1,13,11,7,3,1,3,0,0,1.91,3.5,3.8,1.95,3.2,3.6,2.0,3.25,3.6,1.95,3.25,3.6,1.98,3.3,3.7,1.95,3.2,3.5,1.95,3.2,3.5,2.0,3.5,3.8,1.96,3.26,3.6,2.0,3.25,3.9,2.08,1.73,2.1,1.73,2.03,1.7,2.1,1.73,-0.5,1.98,1.83,2.0,1.83,1.94,1.76,1.8849999999999998,1.8849999999999998,1.68,3.4,4.1,1.83,3.25,4.0,1.91,3.3,3.85,1.8,3.4,4.4,1.85,3.5,4.1,1.8,3.3,3.9,1.8,3.3,3.9,1.91,3.6,4.4,1.82,3.36,4.07,1.91,3.7,4.7,2.1,1.7,2.1,1.7,2.08,1.67,2.22,1.77,-0.5,1.78,2.03,1.86,2.03,1.8,1.89,1.91,2.08,2,2,0.09473032566809958,0.4660545795342631,0.28020459383041585,0.25374082663532105,2025.0,12.0,6.0,0,0,0,0,0,medium,0,0,0,strong,medium
G1,2025-12-21,19:00,AEK,OFI Crete,2,1,H,0,1,A,15,12,5,3,20,15,5,3,4,4,0,0,1.11,7.5,15.0,1.13,6.5,15.0,1.17,6.4,14.0,1.12,7.0,17.0,1.17,7.25,14.5,1.15,6.5,12.0,1.15,6.5,12.0,1.17,7.5,17.0,1.15,6.7,14.16,1.15,8.0,5.4,1.5,2.5,1.53,2.5,1.5,2.4,1.44,2.58,-2.0,1.78,2.03,1.83,2.03,1.78,1.95,1.8849999999999998,1.8849999999999998,1.1,8.0,15.0,1.11,7.0,15.0,1.16,6.75,15.0,1.12,8.0,18.0,1.16,7.75,15.0,1.13,7.0,12.0,1.13,7.0,12.0,1.16,8.0,18.0,1.13,7.18,14.91,1.17,9.0,27.0,1.4,2.88,1.5,2.88,1.45,2.57,1.5,2.94,-2.25,1.95,1.85,2.0,1.85,1.94,1.78,2.05,1.92,3,1,0.08944041766114164,0.7981760207300965,0.1370003617671061,0.06482361750279739,2025.0,12.0,6.0,0,0,0,0,0,low,0,0,0,strong,medium
G1,2025-12-22,16:00,Panserraikos,Levadeiakos,0,2,A,0,0,D,8,17,1,6,14,10,2,7,2,2,2,0,5.75,4.0,1.53,5.5,3.75,1.53,4.8,3.55,1.67,2.15,3.6500000000000004,3.25,5.25,4.0,1.58,5.0,3.9,1.55,5.0,3.9,1.55,5.75,4.0,1.67,5.24,3.79,1.57,,,,1.85,1.95,1.9,1.95,1.83,1.86,,,1.0,1.83,1.98,1.83,2.0,1.81,1.95,1.8849999999999998,1.8849999999999998,5.5,4.0,1.56,5.5,3.6,1.53,6.1,3.95,1.5,6.0,3.9,1.53,5.75,3.9,1.55,5.5,3.75,1.53,5.5,3.75,1.53,6.5,4.2,1.56,5.84,3.87,1.52,7.0,4.2,1.59,1.95,1.85,1.95,1.86,1.9,1.81,2.04,1.93,1.0,1.78,2.03,1.86,2.03,1.8,1.92,1.94,2.04,2,-2,0.09163461255978755,0.17482012063449157,0.24170380794847915,0.5834760714170293,2025.0,12.0,0.0,0,0,0,0,0,medium,0,0,0,medium,strong
G1,2026-01-10,15:00,Kifisia,Larisa,1,1,D,0,0,D,23,13,6,7,18,14,4,4,4,4,0,1,1.61,3.9,5.0,1.6,3.6,5.0,2.4,3.55,2.85,1.62,3.6,5.0,1.62,3.8,5.25,1.6,3.6,4.8,1.6,3.6,4.8,1.62,4.0,5.3,1.61,3.71,4.99,1.63,3.9,5.7,1.95,1.85,1.95,1.85,1.9,1.8,2.0,1.82,-0.75,1.83,1.98,1.83,1.98,1.78,1.92,1.83,2.05,1.81,3.5,4.2,1.83,3.2,4.0,2.24,3.7,2.95,1.83,3.4,4.33,1.85,3.4,4.2,1.8,3.2,4.0,1.8,3.2,4.0,1.85,3.6,4.33,1.82,3.34,4.14,1.91,3.75,4.7,2.15,1.67,2.15,1.68,2.1,1.66,2.26,1.77,-0.5,1.85,1.95,1.85,1.95,1.79,1.92,1.91,2.08,2,0,0.09106059300130775,0.5692791183244721,0.24704565512194074,0.1836752265535872,2026.0,1.0,5.0,0,0,0,0,0,medium,0,0,0,strong,medium
G1,2026-01-10,17:30,Atromitos,Olympiakos,0,2,A,0,1,A,4,9,2,5,16,15,2,5,3,2,0,0,10.0,5.5,1.25,11.0,4.6,1.25,9.5,4.75,1.3,10.5,5.0,1.25,9.75,5.5,1.28,8.5,5.0,1.25,8.5,5.0,1.25,11.0,5.6,1.3,9.75,5.05,1.26,13.5,5.6,1.3,1.75,2.05,1.8,2.05,1.75,1.95,1.8,2.02,1.5,1.95,1.85,1.95,1.9,1.86,1.83,1.89,1.91,10.0,5.25,1.25,10.0,4.6,1.29,9.5,4.9,1.29,11.0,5.0,1.29,10.0,5.25,1.29,8.5,4.8,1.25,8.5,4.8,1.25,11.0,5.25,1.3,9.74,4.91,1.28,14.5,6.0,1.29,1.85,1.95,1.85,1.95,1.78,1.92,1.9,2.08,1.5,1.88,1.93,1.88,1.93,1.83,1.86,1.94,1.96,2,-2,0.09423469819509434,0.09373135647524139,0.18096648032348586,0.7253021632012726,2026.0,1.0,5.0,0,0,0,0,0,medium,0,0,0,medium,strong
G1,2026-01-10,17:30,Panetolikos,PAOK,0,3,A,0,2,A,2,23,1,8,14,13,5,8,3,1,0,0,7.5,4.75,1.37,7.5,4.2,1.36,8.5,4.35,1.36,7.5,4.33,1.36,7.25,4.6,1.4,6.5,4.33,1.36,6.5,4.33,1.36,8.5,4.75,1.4,7.55,4.39,1.37,9.8,4.7,1.41,1.8,2.0,1.88,2.0,1.8,1.91,1.82,2.0,1.25,1.93,1.88,1.93,1.88,1.88,1.82,1.95,1.89,9.0,5.5,1.27,9.5,5.0,1.25,9.0,4.7,1.32,10.5,5.25,1.25,8.75,5.5,1.3,7.5,5.0,1.28,8.0,4.8,1.28,10.5,5.5,1.32,9.09,5.03,1.28,12.5,5.8,1.32,1.6,2.3,1.77,2.3,1.65,2.12,1.7,2.36,1.5,1.93,1.88,1.93,1.9,1.85,1.84,1.99,1.95,3,-3,0.09016777122692021,0.12149536486183471,0.20894988717695948,0.6695547479612058,2026.0,1.0,5.0,0,0,0,0,0,medium,0,0,0,medium,strong
G1,2026-01-11,14:00,Levadeiakos,Volos NFC,3,1,H,2,0,H,14,13,6,2,11,16,1,3,1,3,0,0,1.61,3.8,5.25,1.6,3.6,5.0,1.64,3.55,5.2,1.6,3.7,5.0,1.65,3.75,5.0,1.61,3.6,4.6,1.61,3.6,4.6,1.65,3.8,5.33,1.62,3.65,5.0,1.49,3.75,6.4,1.9,1.9,1.96,1.91,1.89,1.81,1.32,1.29,-0.75,1.8,2.0,1.8,2.0,1.77,1.92,1.62,2.0,1.49,4.1,6.25,1.5,3.75,6.0,1.58,3.7,5.3,1.5,3.9,6.5,1.55,4.0,5.75,1.5,3.75,5.25,1.5,3.75,5.25,1.58,4.2,6.5,1.51,3.89,5.83,1.55,4.3,7.6,1.9,1.9,1.95,1.9,1.89,1.81,1.99,1.96,-1.0,1.88,1.93,1.98,1.93,1.89,1.82,1.96,1.99,4,2,0.09125655335701,0.5656634534916157,0.2510615875771007,0.1832749589312835,2026.0,1.0,6.0,0,0,0,0,0,medium,0,0,0,strong,medium
G1,2026-01-11,15:30,OFI Crete,Asteras Tripolis,4,0,H,2,0,H,18,15,7,3,15,13,2,6,1,3,0,1,2.65,3.0,2.75,2.6,3.0,2.6,2.75,3.15,2.48,2.55,3.1,2.63,2.55,3.1,2.7,2.5,3.0,2.6,2.5,3.0,2.6,2.75,3.15,2.83,2.62,3.02,2.63,3.0,3.0,2.52,2.2,1.65,2.2,1.67,2.16,1.63,1.41,1.15,0.0,1.85,1.95,1.9,1.95,1.83,1.89,2.0,1.75,2.4,2.85,3.2,2.4,3.0,2.8,2.63,3.1,2.6,2.45,3.1,2.88,2.55,3.0,2.85,2.45,2.9,2.75,2.45,2.9,2.75,2.63,3.1,3.2,2.5,2.97,2.82,2.7,3.1,3.15,2.35,1.57,2.35,1.64,2.22,1.58,2.44,1.67,-0.25,2.05,1.75,2.1,1.75,2.07,1.68,2.26,1.75,4,4,0.09303335400967594,0.3491928109172763,0.3029421074845245,0.34786508159819923,2026.0,1.0,6.0,0,0,0,0,0,medium,0,0,0,medium,strong
G1,2026-01-11,17:30,Aris,AEK,1,1,D,1,1,D,10,8,4,2,14,13,7,4,3,2,0,0,5.25,3.7,1.62,5.5,3.4,1.6,5.3,3.35,1.67,5.25,3.5,1.62,5.0,3.7,1.66,4.6,3.5,1.61,4.6,3.5,1.61,6.0,3.8,1.67,5.24,3.52,1.62,5.9,3.55,1.66,2.1,1.7,2.33,1.7,2.14,1.64,2.14,1.72,0.75,1.95,1.85,2.05,1.85,1.9,1.8,1.98,1.86,3.9,3.3,1.91,3.75,3.2,1.91,4.5,3.2,1.8,4.2,3.4,1.85,4.0,3.3,1.9,3.75,3.2,1.85,3.75,3.2,1.85,4.5,3.4,1.95,4.03,3.26,1.87,4.3,3.4,2.04,2.15,1.67,2.28,1.67,2.15,1.62,2.34,1.73,0.5,1.83,1.98,1.93,1.98,1.86,1.83,1.93,2.03,2,0,0.09221455436468151,0.17472729501164358,0.2601054050741513,0.5651672999142052,2026.0,1.0,6.0,0,0,0,0,0,medium,0,0,0,medium,strong
G1,2026-01-11,19:00,Panathinaikos,Panserraikos,3,0,H,3,0,H,19,4,10,2,13,12,10,1,1,5,0,1,1.11,9.0,15.0,1.1,7.5,17.0,1.14,7.0,16.0,1.1,7.5,19.0,1.14,8.25,18.0,1.11,7.5,15.0,1.11,7.5,15.0,1.14,9.0,21.0,1.11,7.57,16.88,1.13,9.2,23.0,1.44,2.7,1.49,2.7,1.45,2.56,1.4,2.7,-2.25,1.9,1.9,1.9,1.9,1.85,1.85,1.88,1.91,1.11,8.5,13.0,1.13,6.5,17.0,1.14,7.0,16.0,1.13,7.5,18.0,1.17,7.5,15.0,1.14,6.5,12.0,1.14,6.5,12.0,1.18,8.5,18.0,1.14,6.97,15.44,1.16,8.8,29.0,1.53,2.4,1.62,2.4,1.54,2.32,1.67,2.48,-2.0,1.8,2.0,1.86,2.0,1.81,1.9,1.92,2.03,3,3,0.0922430033632271,0.8248172779563274,0.1209441451164496,0.05423857692722296,2026.0,1.0,6.0,0,0,0,0,0,low,0,0,0,strong,medium
