ï»¿Div,Date,Time,HomeTeam,AwayTeam,FTHG,FTAG,FTR,HTHG,HTAG,HTR,Referee,HS,AS,HST,AST,HF,AF,HC,AC,HY,AY,HR,AR,B365H,B365D,B365A,BFDH,BFDD,BFDA,BMGMH,BMGMD,BMGMA,BVH,BVD,BVA,BWH,BWD,BWA,CLH,CLD,CLA,LBH,LBD,LBA,PSH,PSD,PSA,MaxH,MaxD,MaxA,AvgH,AvgD,AvgA,BFEH,BFED,BFEA,B365>2.5,B365<2.5,P>2.5,P<2.5,Max>2.5,Max<2.5,Avg>2.5,Avg<2.5,BFE>2.5,BFE<2.5,AHh,B365AHH,B365AHA,PAHH,PAHA,MaxAHH,MaxAHA,AvgAHH,AvgAHA,BFEAHH,BFEAHA,B365CH,B365CD,B365CA,BFDCH,BFDCD,BFDCA,BMGMCH,BMGMCD,BMGMCA,BVCH,BVCD,BVCA,BWCH,BWCD,BWCA,CLCH,CLCD,CLCA,LBCH,LBCD,LBCA,PSCH,PSCD,PSCA,MaxCH,MaxCD,MaxCA,AvgCH,AvgCD,AvgCA,BFECH,BFECD,BFECA,B365C>2.5,B365C<2.5,PC>2.5,PC<2.5,MaxC>2.5,MaxC<2.5,AvgC>2.5,AvgC<2.5,BFEC>2.5,BFEC<2.5,AHCh,B365CAHH,B365CAHA,PCAHH,PCAHA,MaxCAHH,MaxCAHA,AvgCAHH,AvgCAHA,BFECAHH,BFECAHA,TotalGoals,GoalDifference,Overround,prob_home_market,prob_draw_market,prob_away_market,Year,Month,DayOfWeek
SC1,2025-08-01,19:45,Arbroath,Ayr,1,1,D,0,1,A,C Graham,11,3,4,1,10,15,6,2,2,5,0,0,3.9,3.8,1.75,4.33,3.6,1.73,3.7,3.65,1.82,4.33,3.6,1.7,3.9,3.6,1.71,3.9,3.6,1.73,3.9,3.6,1.73,4.01,4.15,1.78,4.4,4.15,1.82,3.96,3.68,1.75,4.4,4.2,1.79,1.83,1.98,1.85,1.98,1.85,1.98,1.81,1.89,1.86,2.12,0.5,2.05,1.75,2.09,1.75,2.09,1.84,1.98,1.76,2.2,1.78,3.9,3.9,1.75,4.33,3.6,1.73,4.3,3.8,1.68,4.33,3.6,1.7,3.9,3.6,1.71,3.9,3.6,1.73,3.9,3.6,1.73,4.23,3.92,1.78,4.4,3.9,1.77,4.17,3.67,1.71,4.9,4.1,1.77,1.84,1.84,1.85,1.98,1.87,1.93,1.82,1.88,1.85,2.1,0.75,1.83,1.98,1.84,2.02,1.83,2.0,1.77,1.91,1.95,1.98,2,0,0.09569295438860648,0.23047081895873,0.2480066421403725,0.5215225389008976,2025.0,8.0,4.0
SC1,2025-08-02,15:00,Airdrie Utd,Ross County,2,2,D,0,1,A,L Wilson,7,11,3,4,14,11,4,10,3,2,0,0,3.2,3.6,2.0,3.4,3.4,2.05,3.25,3.5,2.02,3.3,3.4,2.0,3.2,3.3,1.98,3.2,3.3,2.0,3.2,3.3,2.0,3.31,3.56,2.07,3.4,3.6,2.07,3.26,3.42,2.01,3.4,3.5,2.14,1.84,1.84,1.89,1.91,1.89,1.91,1.84,1.85,1.89,1.93,0.5,1.78,2.03,1.73,2.05,1.8,2.05,1.74,2.0,1.78,2.14,3.2,3.6,2.0,3.4,3.4,2.05,3.25,3.5,2.02,3.4,3.4,1.95,3.2,3.3,1.98,3.2,3.3,2.0,3.2,3.3,2.0,3.36,3.63,2.09,3.5,3.6,2.05,3.28,3.42,2.0,3.75,3.75,2.08,1.9,1.9,1.9,1.93,1.9,1.9,1.85,1.84,1.96,1.99,0.5,1.8,2.0,1.77,2.09,1.8,2.02,1.75,1.98,1.9,2.08,4,0,0.09665856488732749,0.2797119140625,0.2666259765625,0.453662109375,2025.0,8.0,5.0
SC1,2025-08-02,15:00,Morton,Dunfermline,0,0,D,0,0,D,D McFarlane,7,12,1,9,19,10,1,8,3,1,0,0,2.75,2.88,2.6,2.8,2.88,2.63,2.8,2.9,2.55,2.75,2.88,2.6,2.65,2.85,2.5,2.7,2.87,2.5,2.7,2.87,2.5,2.86,2.86,2.73,2.86,2.9,2.73,2.77,2.87,2.58,2.88,2.98,2.86,2.63,1.44,2.66,1.46,2.66,1.48,2.6,1.44,2.64,1.5,0.0,1.98,1.83,1.95,1.86,1.98,1.86,1.93,1.81,1.95,1.99,2.6,2.9,2.7,2.63,2.88,2.88,2.8,2.9,2.55,2.63,2.9,2.7,2.5,2.87,2.6,2.5,2.9,2.62,2.5,2.9,2.62,2.78,2.91,2.89,2.8,3.0,2.88,2.63,2.89,2.68,2.66,3.05,3.05,2.5,1.5,2.68,1.48,2.65,1.5,2.54,1.46,2.6,1.56,0.0,1.85,1.95,1.88,1.97,1.85,1.95,1.82,1.91,1.82,2.07,0,0,0.09703978529884494,0.32907724511246117,0.31761113901098165,0.3533116158765571,2025.0,8.0,5.0
SC1,2025-08-02,15:00,Raith Rvs,Queens Park,1,1,D,0,1,A,D Nicolson,12,3,2,3,11,7,10,2,1,3,0,0,1.36,4.5,7.5,1.36,4.5,8.5,1.33,4.75,8.0,1.33,4.5,8.0,1.34,4.4,7.0,1.35,4.4,7.0,1.35,4.4,7.0,1.36,4.67,7.9,1.37,4.75,8.5,1.34,4.53,7.76,1.4,4.7,7.8,1.74,1.94,1.82,1.99,1.82,1.99,1.77,1.93,1.83,1.99,-1.25,1.85,1.95,1.86,1.96,1.86,1.96,1.76,1.93,1.88,2.03,1.4,4.5,6.5,1.36,4.33,8.0,1.33,4.75,8.0,1.36,4.4,7.5,1.35,4.4,6.75,1.36,4.4,6.5,1.36,4.4,6.5,1.4,4.69,7.82,1.4,4.75,8.0,1.36,4.48,7.32,1.43,4.8,9.0,1.8,2.0,1.84,2.0,1.8,2.0,1.76,1.95,1.84,2.14,-1.25,1.93,1.88,1.93,1.93,1.93,1.94,1.78,1.89,1.97,1.92,2,0,0.09588518797424084,0.6809733947548885,0.20143583862506634,0.1175907666200452,2025.0,8.0,5.0
SC1,2025-08-02,15:00,St Johnstone,Partick,5,1,H,3,1,H,R Hardie,20,3,11,1,15,14,7,1,2,2,0,0,1.85,3.6,3.5,1.9,3.4,4.0,1.96,3.3,3.65,1.87,3.3,3.9,1.85,3.3,3.6,1.85,3.3,3.6,1.85,3.3,3.6,1.91,3.59,3.76,1.96,3.6,4.0,1.89,3.38,3.7,1.94,3.55,4.1,2.05,1.72,2.04,1.73,2.05,1.73,2.01,1.72,2.06,1.77,-0.5,1.9,1.9,1.93,1.89,1.97,1.9,1.89,1.83,1.94,1.93,1.9,3.6,3.4,1.91,3.3,4.0,1.96,3.3,3.65,1.91,3.3,3.7,1.9,3.2,3.5,1.91,3.2,3.5,1.91,3.2,3.5,1.95,3.58,3.86,1.96,3.6,4.0,1.92,3.3,3.64,2.08,3.5,4.0,2.05,1.75,2.07,1.77,2.05,1.75,2.01,1.72,2.08,1.83,-0.5,1.95,1.85,1.95,1.89,1.97,1.85,1.92,1.8,2.08,1.87,6,4,0.0952287875364799,0.4830958929509565,0.2701335022713928,0.24677060477765067,2025.0,8.0,5.0
SC1,2025-08-08,19:45,Ross County,St Johnstone,0,1,A,0,0,D,D McFarlane,7,18,2,3,16,19,2,5,4,3,0,0,2.3,3.1,2.9,2.4,3.2,2.88,2.3,3.35,2.8,2.38,3.13,2.8,2.3,3.2,2.65,2.3,3.2,2.62,2.3,3.2,2.62,2.35,3.44,2.85,2.4,3.4,2.9,2.33,3.23,2.77,2.58,3.4,2.86,2.03,1.78,2.02,1.8,2.03,1.8,1.97,1.75,1.94,1.78,-0.25,2.05,1.75,2.06,1.78,2.05,1.75,1.95,1.72,2.23,1.74,2.55,3.25,2.5,2.6,3.4,2.5,2.43,3.55,2.5,2.55,3.4,2.45,2.45,3.4,2.35,2.5,3.4,2.3,2.5,3.4,2.3,2.64,3.63,2.53,2.7,3.55,2.5,2.52,3.39,2.45,2.86,3.55,2.6,1.75,2.05,1.78,2.05,1.77,2.1,1.72,2.02,1.82,2.18,0.0,1.9,1.9,1.97,1.88,1.95,1.9,1.9,1.83,2.17,1.81,1,-1,0.09979290290094722,0.3902412428959615,0.2815052928630311,0.3282534642410074,2025.0,8.0,4.0
SC1,2025-08-09,15:00,Ayr,Raith Rvs,0,1,A,0,1,A,K Clancy,8,9,5,5,15,8,6,5,3,0,0,0,2.2,2.9,3.3,2.2,3.1,3.25,2.1,3.3,3.25,2.15,3.13,3.2,2.1,3.1,3.0,2.1,3.1,3.1,2.1,3.1,3.1,2.2,3.27,3.26,2.22,3.3,3.3,2.14,3.14,3.19,2.2,3.1,3.35,2.15,1.67,2.19,1.65,2.2,1.67,2.17,1.61,2.14,1.67,-0.25,1.9,1.9,1.9,1.9,1.9,1.9,1.8,1.87,1.88,1.91,2.5,2.9,2.8,2.4,3.1,2.88,2.2,3.25,3.1,2.2,3.1,3.1,2.3,3.1,2.75,2.15,3.1,3.0,2.15,3.1,3.0,2.26,3.32,3.27,2.5,3.25,3.2,2.27,3.12,2.98,2.6,3.25,3.0,2.2,1.62,2.21,1.68,2.2,1.67,2.16,1.62,2.28,1.71,-0.25,2.15,1.68,1.94,1.91,2.15,1.82,1.9,1.78,2.22,1.76,1,-1,0.09924068103023753,0.4251022798648717,0.28971938818816095,0.28517833194696723,2025.0,8.0,5.0
SC1,2025-08-09,15:00,Dunfermline,Airdrie Utd,2,0,H,2,0,H,R Lee,8,6,6,2,14,11,3,4,2,3,0,0,1.85,3.2,4.0,1.91,3.3,4.0,1.83,3.35,4.0,1.9,3.25,3.8,1.87,3.2,3.6,1.85,3.2,3.6,1.85,3.2,3.6,1.89,3.4,4.06,1.95,3.35,4.0,1.87,3.27,3.84,1.92,3.3,4.0,2.08,1.73,2.07,1.73,2.08,1.73,2.02,1.7,2.08,1.73,-0.5,1.9,1.9,1.9,1.9,1.93,1.91,1.87,1.85,1.92,1.87,1.9,3.2,4.0,1.91,3.3,4.0,1.83,3.35,4.0,1.87,3.3,3.9,1.83,3.3,3.6,1.85,3.3,3.6,1.85,3.3,3.6,1.92,3.43,4.18,1.95,3.35,4.0,1.87,3.29,3.86,1.99,3.45,4.4,2.08,1.69,2.11,1.75,2.08,1.73,2.02,1.7,2.16,1.82,-0.5,1.93,1.88,1.93,1.93,1.93,1.91,1.85,1.86,1.99,1.94,2,2,0.1009864225089534,0.48570931244560483,0.27776037133739484,0.23653031621700032,2025.0,8.0,5.0
SC1,2025-08-09,15:00,Partick,Morton,1,1,D,0,1,A,C Scott,8,8,1,4,17,11,2,6,3,2,0,0,2.0,3.2,3.5,2.0,3.2,3.75,1.95,3.25,3.7,2.0,3.13,3.6,1.98,3.1,3.4,2.0,3.1,3.4,2.0,3.1,3.4,2.01,3.26,3.79,2.02,3.3,3.75,1.98,3.19,3.58,2.0,3.15,3.9,2.15,1.67,2.17,1.67,2.15,1.7,2.11,1.65,2.16,1.68,-0.5,2.0,1.8,2.02,1.79,2.0,1.8,1.96,1.77,2.0,1.82,1.91,3.25,3.75,2.0,3.2,3.75,1.95,3.25,3.7,1.95,3.25,3.6,1.98,3.2,3.25,2.0,3.1,3.4,2.0,3.2,3.25,2.09,3.32,3.68,2.02,3.3,3.75,1.96,3.22,3.58,2.02,3.5,4.1,2.1,1.67,2.2,1.69,2.14,1.7,2.1,1.65,2.18,1.77,-0.5,1.98,1.83,2.09,1.77,2.0,1.83,1.95,1.77,2.02,1.9,2,0,0.09785973781350399,0.46003190358029067,0.28553704360155974,0.2544310528181496,2025.0,8.0,5.0
SC1,2025-08-09,15:00,Queens Park,Arbroath,1,3,A,0,0,D,G Irvine,15,6,6,4,12,11,7,3,2,1,0,0,2.9,3.3,2.25,2.88,3.3,2.3,2.8,3.55,2.2,2.88,3.3,2.25,2.65,3.25,2.25,2.7,3.25,2.3,2.7,3.25,2.3,2.97,3.36,2.32,2.9,3.55,2.32,2.8,3.35,2.26,2.92,3.4,2.3,1.85,1.95,1.82,1.97,1.85,1.96,1.78,1.93,1.85,1.98,0.25,1.8,2.0,1.8,2.01,1.8,2.0,1.76,1.9,1.8,2.06,2.7,3.25,2.4,2.88,3.3,2.3,2.75,3.6,2.25,2.88,3.3,2.25,2.7,3.25,2.2,2.75,3.25,2.25,2.7,3.25,2.3,3.03,3.39,2.36,2.95,3.6,2.4,2.8,3.36,2.27,3.2,3.45,2.42,1.83,1.98,1.87,1.96,1.83,1.98,1.78,1.92,1.9,2.04,0.25,1.83,1.98,1.82,2.04,1.83,1.98,1.76,1.91,1.87,2.09,4,-2,0.09812819593561906,0.3252287469393015,0.27183298251643107,0.40293827054426734,2025.0,8.0,5.0
SC1,2025-08-22,19:45,Raith Rvs,Dunfermline,2,0,H,1,0,H,D Dickinson,9,11,5,3,15,9,2,3,3,2,0,0,1.95,3.2,3.8,1.95,3.2,4.0,2.0,3.25,3.6,1.93,3.2,3.8,1.93,3.1,3.5,1.95,3.1,3.5,1.95,3.1,3.5,1.98,3.39,4.0,2.0,3.25,4.0,1.96,3.17,3.68,2.02,3.35,4.3,2.25,1.62,2.27,1.65,2.38,1.62,2.27,1.57,2.24,1.7,-0.5,1.98,1.83,1.98,1.87,2.0,1.83,1.95,1.77,2.01,1.9,1.85,3.25,4.0,1.9,3.2,4.2,1.9,3.35,3.8,1.85,3.2,4.1,1.87,3.1,3.75,1.91,3.1,3.75,1.91,3.1,3.75,1.93,3.39,4.23,1.93,3.35,4.2,1.89,3.22,3.9,2.0,3.5,4.5,2.25,1.62,2.32,1.63,2.25,1.62,2.23,1.58,2.32,1.72,-0.5,1.93,1.88,1.93,1.92,1.93,1.88,1.88,1.83,2.0,1.96,2,2,0.09740062531664684,0.46492053117377935,0.2874587511358383,0.24762071769038246,2025.0,8.0,4.0
SC1,2025-08-23,15:00,Airdrie Utd,Queens Park,1,1,D,0,0,D,M MacDermid,5,6,3,3,15,13,3,7,3,4,0,0,1.83,3.4,4.0,1.83,3.5,4.0,1.77,3.9,3.75,1.85,3.5,3.7,1.82,3.3,3.7,1.83,3.3,3.7,1.83,3.3,3.7,1.78,3.8,4.06,1.88,3.9,4.0,1.82,3.55,3.76,1.66,1.01,3.5,1.75,2.05,1.74,2.06,1.75,2.07,1.71,2.02,1.26,1.25,-0.5,1.85,1.95,1.78,2.02,1.86,1.98,1.81,1.9,1.66,2.0,1.95,3.3,3.6,1.95,3.5,3.5,1.9,3.8,3.35,1.95,3.5,3.4,1.95,3.2,3.3,2.0,3.25,3.3,2.0,3.25,3.3,2.1,3.74,3.25,2.0,3.8,3.6,1.94,3.5,3.37,2.12,3.75,3.6,1.8,2.0,1.79,2.05,1.8,2.05,1.73,2.0,1.84,2.12,-0.5,2.0,1.8,2.1,1.76,2.0,1.84,1.93,1.78,2.12,1.86,2,0,0.0970981371041304,0.5008216957699552,0.2567592919158644,0.24241901231418048,2025.0,8.0,5.0
SC1,2025-08-23,15:00,Morton,Ayr,2,2,D,1,0,H,D Robertson,10,15,5,5,15,13,1,7,3,1,0,0,3.3,3.1,2.1,3.3,3.2,2.15,3.2,3.35,2.1,3.2,3.13,2.15,3.1,3.2,2.05,3.1,3.2,2.05,3.1,3.2,2.05,3.42,3.13,2.2,3.35,3.35,2.17,3.2,3.19,2.11,1.57,1.53,2.28,2.1,1.7,2.13,1.69,2.1,1.7,2.08,1.67,1.01,1.1,0.25,1.93,1.88,1.93,1.89,1.93,1.88,1.87,1.79,1.08,1.94,3.2,3.0,2.2,3.2,3.1,2.25,3.15,3.25,2.15,3.1,3.13,2.2,2.95,3.1,2.15,3.0,3.1,2.15,3.0,3.1,2.15,3.38,3.13,2.3,3.2,3.25,2.26,3.1,3.13,2.19,3.4,3.3,2.42,2.15,1.67,2.18,1.7,2.15,1.7,2.1,1.65,2.22,1.77,0.25,1.85,1.95,1.89,1.96,1.85,1.95,1.83,1.84,1.92,2.06,4,0,0.09991327311355103,0.2841133093297426,0.2850039466630647,0.4308827440071926,2025.0,8.0,5.0
SC1,2025-08-23,15:00,Ross County,Partick,1,3,A,0,1,A,I Snedden,16,19,6,10,9,5,10,9,1,2,0,0,1.85,3.3,4.0,1.95,3.3,3.75,1.82,3.7,3.75,1.87,3.4,3.75,1.88,3.2,3.6,1.91,3.2,3.6,1.91,3.2,3.6,1.92,3.46,3.89,1.95,3.7,4.0,1.87,3.4,3.73,1.09,1.09,1.09,1.98,1.83,1.98,1.83,1.98,1.83,1.91,1.8,1.02,1.28,-0.5,1.9,1.9,1.93,1.88,1.91,1.93,1.86,1.86,1.09,1.11,2.05,3.2,3.5,2.05,3.25,3.5,1.98,3.6,3.3,2.05,3.3,3.3,1.95,3.2,3.4,1.95,3.2,3.4,1.95,3.2,3.4,2.0,3.54,3.73,2.05,3.6,3.6,2.0,3.34,3.37,2.14,3.5,3.65,2.0,1.8,2.0,1.84,2.0,1.8,1.94,1.77,2.06,1.89,-0.5,2.08,1.73,2.0,1.85,2.08,1.8,1.99,1.74,2.14,1.81,4,-2,0.09697352009290183,0.48748611383388873,0.26811736260863883,0.2443965235574724,2025.0,8.0,5.0
SC1,2025-08-23,15:00,St Johnstone,Arbroath,3,0,H,1,0,H,P Stuart,19,3,5,1,12,12,9,3,2,2,0,0,1.4,4.5,6.5,1.36,4.5,7.5,1.36,4.8,7.0,1.36,4.4,7.5,1.37,4.2,7.0,1.36,4.2,7.0,1.36,4.2,7.0,1.38,4.64,7.23,1.4,4.8,7.5,1.37,4.47,7.12,1.11,2.2,1.04,1.73,2.08,1.75,2.04,1.75,2.08,1.7,2.03,1.26,1.39,-1.25,1.9,1.9,1.91,1.91,1.9,1.9,1.8,1.87,1.12,1.99,1.44,4.33,6.0,1.4,4.33,7.0,1.36,4.8,7.0,1.4,4.33,7.0,1.39,4.1,6.75,1.36,4.2,7.0,1.36,4.2,7.0,1.4,4.75,7.52,1.44,4.9,7.5,1.38,4.41,6.91,1.44,4.7,9.0,1.8,2.0,1.75,2.04,1.8,2.12,1.72,2.0,1.8,2.12,-1.25,2.0,1.8,1.93,1.93,2.0,1.95,1.82,1.84,1.95,1.9,3,3,0.0940900920339558,0.6671543893997866,0.2044746115162657,0.1283709990839477,2025.0,8.0,5.0
SC1,2025-08-30,15:00,Arbroath,Airdrie Utd,1,0,H,0,0,D,R Lee,10,3,2,1,9,19,4,0,3,2,0,0,2.1,3.5,3.0,2.15,3.3,3.2,2.02,3.65,3.15,2.1,3.4,3.1,2.0,3.3,3.0,2.05,3.4,3.0,2.05,3.4,3.0,2.22,3.41,3.1,2.15,3.65,3.2,2.07,3.45,3.09,2.08,3.05,2.84,1.85,1.95,1.87,1.93,1.85,1.95,1.78,1.92,1.75,1.81,-0.25,1.88,1.93,1.93,1.88,1.88,1.98,1.78,1.93,1.79,1.77,2.1,3.5,3.1,2.15,3.3,3.2,2.1,3.65,3.0,2.1,3.3,3.13,2.05,3.3,3.0,2.05,3.3,3.0,2.05,3.3,3.0,2.19,3.46,3.28,2.19,3.65,3.2,2.1,3.4,3.06,2.24,3.45,3.55,1.88,1.93,1.93,1.91,1.88,1.94,1.81,1.89,1.96,1.95,-0.25,1.85,1.95,1.9,1.95,1.88,1.95,1.81,1.89,1.93,2.0,1,1,0.09657145537263734,0.4405474764756202,0.2643284858853721,0.29512403763900774,2025.0,8.0,5.0
SC1,2025-08-30,15:00,Ayr,Queens Park,1,1,D,0,1,A,J Beaton,14,4,8,3,14,9,6,2,1,2,0,0,1.67,3.9,4.2,1.67,3.75,4.6,1.55,4.2,5.0,1.67,3.7,4.5,1.63,3.7,4.2,1.65,3.7,4.2,1.65,3.7,4.2,1.63,3.94,4.87,1.7,4.2,5.0,1.62,3.86,4.55,1.71,3.5,4.1,1.8,2.0,1.79,2.01,1.8,2.02,1.73,1.98,1.7,1.87,-0.75,1.93,1.88,1.82,2.0,1.93,2.06,1.78,1.92,1.85,1.86,1.75,3.75,3.8,1.73,3.6,4.33,1.76,3.75,4.0,1.7,3.6,4.4,1.7,3.5,4.0,1.7,3.5,4.0,1.7,3.5,4.0,1.81,3.76,4.29,1.78,3.8,4.4,1.73,3.63,4.09,1.8,3.95,4.7,1.85,1.95,1.87,1.97,1.85,1.95,1.81,1.89,1.96,1.99,-0.75,2.05,1.75,2.05,1.81,2.05,1.82,1.94,1.75,2.01,1.89,2,0,0.09613152791045709,0.5631477016211779,0.23634696285655657,0.20050533552226554,2025.0,8.0,5.0
SC1,2025-08-30,15:00,Dunfermline,Ross County,2,2,D,1,1,D,N Walsh,8,9,4,2,14,8,2,2,3,2,0,0,2.6,3.1,2.6,2.63,3.0,2.75,2.55,3.25,2.6,2.6,3.0,2.63,2.45,3.0,2.6,2.45,3.0,2.6,2.45,3.0,2.6,2.65,3.12,2.72,2.65,3.25,2.75,2.56,3.08,2.61,2.72,3.0,2.72,2.25,1.62,2.29,1.6,2.25,1.62,2.2,1.6,2.24,1.64,0.0,1.9,1.9,1.88,1.93,1.9,1.9,1.86,1.86,1.9,1.91,2.4,3.2,2.8,2.5,3.1,2.8,2.55,3.25,2.6,2.45,3.1,2.75,2.4,3.1,2.6,2.4,3.1,2.62,2.4,3.1,2.62,2.58,3.16,2.89,2.55,3.25,2.8,2.47,3.13,2.69,2.6,3.2,3.05,2.2,1.65,2.2,1.69,2.2,1.65,2.17,1.61,2.22,1.71,0.0,1.75,2.05,1.82,2.05,1.8,2.05,1.76,1.98,1.81,2.12,4,0,0.09844208712743185,0.3556172915966238,0.2955780085997912,0.3488046998035851,2025.0,8.0,5.0
SC1,2025-08-30,15:00,Partick,Raith Rvs,3,2,H,2,2,D,P Stuart,10,8,6,2,12,14,7,2,3,4,0,0,2.5,3.3,2.55,2.63,3.1,2.63,2.6,3.3,2.55,2.6,3.1,2.6,2.55,3.0,2.45,2.6,3.1,2.5,2.6,3.1,2.5,2.59,3.19,2.74,2.65,3.3,2.63,2.58,3.15,2.55,2.38,2.88,2.52,2.15,1.67,2.14,1.69,2.2,1.67,2.13,1.63,1.99,1.68,0.0,1.85,1.95,1.85,1.97,1.93,1.95,1.86,1.86,1.66,1.75,2.5,3.3,2.6,2.6,3.1,2.63,2.6,3.3,2.55,2.55,3.1,2.63,2.45,3.0,2.55,2.5,3.0,2.6,2.5,3.0,2.6,2.59,3.22,2.83,2.6,3.3,2.7,2.54,3.14,2.6,2.68,3.35,2.92,2.2,1.65,2.24,1.66,2.25,1.65,2.17,1.61,2.28,1.72,0.0,1.88,1.93,1.85,2.02,1.88,1.95,1.82,1.91,1.9,2.04,5,1,0.09721407943022164,0.3532554917870572,0.2893330694636849,0.3574114387492579,2025.0,8.0,5.0
SC1,2025-08-30,15:00,St Johnstone,Morton,1,1,D,0,1,A,G Irvine,22,3,4,2,9,9,13,2,1,3,0,0,1.48,4.2,5.5,1.5,4.0,6.5,1.42,4.4,6.25,1.45,4.0,6.5,1.44,4.0,5.75,1.44,4.0,5.75,1.44,4.0,5.75,1.49,4.19,6.1,1.5,4.4,6.5,1.45,4.13,6.05,1.51,4.1,6.8,1.85,1.95,1.88,1.93,1.85,1.95,1.79,1.92,1.75,1.82,-1.0,1.83,1.98,1.85,1.97,1.83,2.06,1.76,1.97,1.75,1.83,1.36,4.5,6.5,1.36,4.5,8.0,1.42,4.4,6.4,1.36,4.33,7.5,1.4,4.2,6.25,1.4,4.2,6.0,1.4,4.2,6.0,1.41,4.63,7.43,1.42,4.6,8.0,1.38,4.38,6.88,1.4,5.1,9.4,1.8,2.0,1.83,2.02,1.8,2.0,1.77,1.93,1.82,2.1,-1.25,1.83,1.98,1.96,1.89,1.96,1.98,1.85,1.84,1.87,2.0,2,0,0.09707517921746711,0.6286307314925468,0.22070570476130574,0.15066356374614756,2025.0,8.0,5.0
SC1,2025-09-06,15:00,Morton,Raith Rvs,0,1,A,0,0,D,L Wilson,7,9,2,3,9,11,4,5,3,5,0,1,3.75,3.1,2.0,3.75,3.2,2.0,3.85,3.3,1.9,3.7,3.2,1.95,3.4,3.1,1.95,3.4,3.2,2.0,3.4,3.2,2.0,3.82,3.23,2.01,3.85,3.3,2.04,3.67,3.2,1.96,3.9,3.15,2.02,2.2,1.65,2.24,1.63,2.25,1.65,2.19,1.61,2.1,1.64,0.5,1.8,2.0,1.8,2.03,1.84,2.01,1.78,1.93,1.79,2.02,3.75,3.1,2.0,3.6,3.2,2.05,3.85,3.3,1.9,3.6,3.13,2.0,3.5,3.1,1.95,3.4,3.2,1.95,3.4,3.2,1.95,4.16,3.27,1.98,3.85,3.3,2.05,3.65,3.18,1.97,3.85,3.25,2.16,2.2,1.65,2.26,1.65,2.2,1.65,2.18,1.62,2.3,1.69,0.5,1.78,2.03,1.87,1.99,1.84,2.03,1.78,1.95,1.79,2.16,1,-1,0.09518364566535054,0.24879805785189538,0.2853402725988925,0.4658616695492122,2025.0,9.0,5.0
SC1,2025-09-06,15:00,Ross County,Arbroath,1,2,A,0,1,A,C Graham,13,10,5,5,16,10,15,3,2,4,0,0,1.6,4.0,4.5,1.57,3.75,5.5,1.61,3.85,4.8,1.6,3.7,5.0,1.55,3.8,4.75,1.55,3.8,4.8,1.55,3.8,4.8,1.65,4.11,4.47,1.68,4.1,5.5,1.6,3.84,4.8,1.67,4.3,5.4,1.83,1.98,1.81,2.0,1.84,1.98,1.79,1.92,1.82,2.02,-0.75,1.8,2.0,1.85,1.97,1.86,2.0,1.77,1.96,1.88,2.07,1.62,3.9,4.33,1.62,3.75,5.0,1.61,3.9,4.8,1.62,3.75,4.8,1.6,3.7,4.5,1.6,3.7,4.5,1.6,3.7,4.5,1.68,4.14,4.55,1.67,4.0,5.0,1.62,3.81,4.65,1.72,4.2,5.3,1.8,2.0,1.83,2.01,1.8,2.0,1.78,1.93,1.87,2.04,-0.75,1.83,1.98,1.88,1.97,1.86,1.98,1.79,1.94,1.89,2.04,3,-1,0.09375,0.5714285714285714,0.2380952380952381,0.1904761904761905,2025.0,9.0,5.0
SC1,2025-09-12,19:45,Partick,Airdrie Utd,2,1,H,0,1,A,G Irvine,9,7,4,2,4,11,12,4,2,3,0,0,1.6,3.7,5.0,1.6,3.75,5.5,1.62,3.9,4.6,1.6,3.8,5.0,1.6,3.7,4.5,1.61,3.7,4.4,1.61,3.7,4.4,1.62,4.03,5.3,1.64,4.0,5.5,1.6,3.8,4.79,1.67,4.0,5.5,1.8,2.0,1.8,2.03,1.8,2.1,1.73,2.0,1.83,2.06,-0.75,1.78,2.03,1.8,2.07,1.79,2.05,1.76,1.98,1.84,2.07,1.53,3.9,5.25,1.53,4.0,5.5,1.62,3.9,4.6,1.53,4.0,5.25,1.52,3.9,5.0,1.57,3.75,4.6,1.53,3.9,4.8,1.62,4.03,5.27,1.62,4.0,5.66,1.55,3.92,5.09,1.56,4.4,6.6,1.73,2.08,1.79,2.04,1.75,2.1,1.71,2.03,1.74,2.22,-1.0,1.95,1.85,2.1,1.76,2.02,1.85,1.95,1.78,1.91,1.98,3,1,0.09692616196022419,0.569773993614224,0.23990483941651536,0.19032116696926063,2025.0,9.0,4.0
SC1,2025-09-13,15:00,Arbroath,Dunfermline,0,5,A,0,2,A,L Wilson,9,12,1,8,8,8,9,5,4,2,0,0,3.2,3.3,2.1,3.25,3.1,2.2,3.05,3.25,2.23,3.2,3.13,2.15,3.0,3.1,2.15,3.0,3.1,2.15,3.0,3.1,2.15,3.26,3.38,2.16,3.25,3.33,2.25,3.12,3.17,2.17,3.45,3.35,2.12,2.1,1.7,2.06,1.74,2.12,1.7,2.09,1.67,2.08,1.74,0.25,1.95,1.85,1.94,1.88,1.95,1.9,1.86,1.86,2.0,1.83,3.1,3.3,2.15,3.3,3.2,2.15,3.05,3.25,2.23,3.2,3.13,2.15,3.1,3.1,2.1,3.2,3.1,2.1,3.2,3.1,2.1,3.55,3.2,2.19,3.5,3.3,2.23,3.21,3.17,2.15,3.65,3.3,2.26,2.15,1.67,2.18,1.7,2.15,1.7,2.1,1.67,2.2,1.75,0.25,1.9,1.9,1.98,1.88,1.95,1.9,1.86,1.86,1.99,1.93,5,-5,0.09679972684958948,0.29222547441131363,0.2876162397991478,0.4201582857895385,2025.0,9.0,5.0
SC1,2025-09-13,15:00,Ayr,Ross County,1,1,D,1,0,H,M MacDermid,11,8,3,3,7,8,8,5,0,3,0,0,2.4,3.2,2.8,2.4,3.25,2.75,2.4,3.35,2.7,2.38,3.3,2.7,2.3,3.25,2.6,2.3,3.3,2.62,2.3,3.3,2.62,2.38,3.63,2.7,2.4,3.5,2.8,2.35,3.31,2.7,2.42,3.35,2.78,1.9,1.9,1.9,1.9,1.9,1.91,1.84,1.86,1.88,1.91,-0.25,2.1,1.7,2.09,1.74,2.1,1.75,2.04,1.7,2.12,1.78,2.55,3.2,2.63,2.6,3.25,2.63,2.4,3.35,2.7,2.45,3.25,2.63,2.3,3.3,2.55,2.3,3.3,2.6,2.3,3.3,2.6,2.53,3.65,2.62,2.6,3.6,2.7,2.43,3.31,2.62,2.7,3.65,2.7,1.9,1.9,1.93,1.91,1.9,1.9,1.86,1.85,1.94,1.95,0.0,1.85,1.95,1.89,1.96,1.85,1.95,1.8,1.93,1.95,1.99,2,0,0.098017088889365,0.38754580343010775,0.2751458121029466,0.3373083844669456,2025.0,9.0,5.0
SC1,2025-09-13,15:00,Queens Park,Morton,0,0,D,0,0,D,R Hardie,7,11,2,3,11,9,2,8,2,4,0,0,2.55,3.2,2.63,2.6,3.2,2.63,2.45,3.3,2.65,2.5,3.2,2.6,2.45,3.1,2.55,2.45,3.1,2.6,2.45,3.1,2.6,2.52,3.61,2.55,2.6,3.5,2.65,2.49,3.22,2.6,2.54,3.45,2.58,1.98,1.83,1.94,1.86,1.98,1.83,1.95,1.77,1.96,1.84,0.0,1.88,1.93,1.89,1.93,1.88,1.93,1.84,1.89,1.89,1.92,2.75,3.25,2.4,2.75,3.2,2.5,2.45,3.3,2.65,2.63,3.25,2.45,2.5,3.1,2.5,2.5,3.1,2.5,2.5,3.1,2.5,2.75,3.65,2.43,2.75,3.5,2.65,2.59,3.24,2.5,2.84,3.6,2.56,2.0,1.8,1.96,1.88,2.0,1.81,1.94,1.78,1.99,1.91,0.0,2.03,1.78,2.05,1.81,2.03,1.9,1.92,1.81,2.07,1.88,0,0,0.09678081652937598,0.3661683534670527,0.2831550310971929,0.3506766154357543,2025.0,9.0,5.0
SC1,2025-09-13,15:00,Raith Rvs,St Johnstone,0,2,A,0,1,A,C Graham,7,11,3,5,11,12,6,5,1,0,0,0,3.0,3.0,2.35,3.0,3.1,2.38,2.95,3.2,2.3,2.9,3.2,2.3,2.85,3.1,2.2,2.87,3.1,2.25,2.87,3.1,2.25,2.99,3.12,2.43,3.0,3.2,2.42,2.92,3.12,2.3,3.15,3.3,2.38,2.1,1.7,2.13,1.69,2.13,1.7,2.1,1.66,2.08,1.73,0.25,1.78,2.03,1.75,2.09,1.78,2.05,1.75,1.98,1.91,2.04,2.9,3.2,2.3,2.88,3.2,2.38,2.9,3.35,2.28,2.88,3.25,2.25,2.8,3.2,2.2,2.87,3.2,2.2,2.87,3.2,2.2,2.94,3.42,2.4,2.9,3.35,2.38,2.87,3.24,2.28,3.1,3.4,2.44,1.95,1.85,1.93,1.9,1.95,1.85,1.89,1.82,1.95,1.98,0.25,1.78,2.03,1.79,2.08,1.79,2.03,1.77,1.97,1.86,2.09,2,-2,0.09776118263313016,0.3119674468751087,0.2919695336138838,0.3960630195110076,2025.0,9.0,5.0
SC1,2025-09-19,19:45,St Johnstone,Dunfermline,2,1,H,0,1,A,M MacDermid,11,10,7,4,13,10,13,4,1,2,0,0,1.65,3.7,4.5,1.62,3.4,5.0,1.64,3.55,5.0,1.62,3.5,5.25,1.63,3.4,4.6,1.65,3.4,4.6,1.65,3.4,4.6,1.65,3.78,5.48,1.67,3.7,5.33,1.64,3.5,4.9,1.69,3.75,5.9,2.15,1.67,2.19,1.69,2.2,1.67,2.13,1.64,2.2,1.73,-0.75,1.85,1.95,1.85,2.01,1.85,1.95,1.82,1.9,1.9,1.99,1.57,3.8,4.75,1.57,3.5,5.5,1.6,3.65,5.3,1.6,3.6,5.25,1.57,3.6,5.0,1.55,3.6,5.0,1.55,3.6,5.0,1.54,3.92,6.54,1.6,3.8,6.0,1.58,3.6,5.27,1.69,4.1,5.8,2.05,1.75,2.1,1.75,2.12,1.75,2.06,1.69,2.06,1.9,-0.75,1.8,2.0,1.7,2.19,1.8,2.0,1.76,1.96,1.88,2.08,3,1,0.09955201592832252,0.5545495699411498,0.2598460842009959,0.1856043458578542,2025.0,9.0,4.0
SC1,2025-09-20,15:00,Airdrie Utd,Raith Rvs,0,0,D,0,0,D,R Lee,9,9,2,5,7,10,5,11,2,1,0,0,3.5,3.4,1.95,3.6,3.2,1.95,3.4,3.35,2.0,3.6,3.3,1.95,3.3,3.25,1.95,3.3,3.3,1.95,3.3,3.3,1.95,3.62,3.32,2.04,3.6,3.4,2.05,3.46,3.29,1.97,3.85,3.3,2.04,2.1,1.7,2.18,1.66,2.1,1.75,2.02,1.71,2.18,1.69,0.5,1.78,2.03,1.78,2.06,1.8,2.03,1.76,1.96,1.8,2.04,3.8,3.4,1.85,3.6,3.2,1.95,3.4,3.35,2.0,3.8,3.25,1.91,3.4,3.25,1.93,3.4,3.25,1.95,3.4,3.25,1.95,3.72,3.54,2.0,4.0,3.4,2.0,3.59,3.29,1.94,4.4,3.6,1.94,2.1,1.7,2.06,1.78,2.1,1.73,2.03,1.71,2.14,1.82,0.5,1.9,1.9,1.85,2.01,1.9,1.97,1.79,1.92,1.98,1.94,0,0,0.10058292201958707,0.2626038758716254,0.27617307310511363,0.46122305102326083,2025.0,9.0,5.0
SC1,2025-09-20,15:00,Arbroath,Morton,1,1,D,0,0,D,I Snedden,7,8,1,4,15,16,6,7,1,0,0,0,2.4,3.2,2.75,2.3,3.1,2.88,2.18,3.45,2.9,2.3,3.3,2.8,2.25,3.2,2.7,2.25,3.2,2.75,2.25,3.2,2.75,2.4,3.41,2.82,2.4,3.45,2.9,2.27,3.28,2.81,2.5,3.3,2.84,1.95,1.85,1.91,1.89,1.95,1.85,1.89,1.81,1.94,1.84,-0.25,2.1,1.7,2.07,1.74,2.1,1.83,1.97,1.76,2.15,1.76,2.6,3.0,2.7,2.5,3.0,2.75,2.3,3.45,2.75,2.5,3.1,2.7,2.4,3.0,2.65,2.4,3.0,2.7,2.4,3.0,2.7,2.52,3.19,2.95,2.6,3.45,2.9,2.44,3.12,2.73,2.72,3.2,2.82,2.25,1.62,2.2,1.69,2.25,1.74,2.13,1.65,2.3,1.73,0.0,1.85,1.95,1.78,2.09,1.85,2.2,1.75,2.0,1.9,2.0,2,0,0.10127856926271761,0.4000156242540504,0.2768400814197239,0.3231442943262258,2025.0,9.0,5.0
SC1,2025-09-20,15:00,Ross County,Queens Park,1,2,A,1,1,D,A Grieve,13,9,2,3,8,13,3,2,2,3,1,0,1.5,4.5,4.75,1.44,4.0,6.0,1.45,4.35,6.0,1.5,4.1,5.5,1.46,4.1,5.25,1.48,4.2,5.25,1.48,4.2,5.25,1.54,4.29,5.26,1.53,4.5,6.0,1.48,4.18,5.46,1.43,3.8,4.8,1.67,2.15,1.68,2.16,1.67,2.2,1.64,2.14,1.63,2.0,-1.0,1.88,1.93,1.92,1.9,1.88,2.05,1.77,1.97,1.43,1.8,1.45,4.5,5.25,1.5,4.0,5.5,1.5,4.2,5.5,1.5,4.0,5.5,1.47,4.0,5.25,1.48,4.0,5.25,1.5,4.0,5.0,1.59,4.29,5.15,1.55,4.5,5.75,1.49,4.1,5.41,1.54,4.7,6.4,1.67,2.15,1.71,2.16,1.67,2.16,1.65,2.12,1.75,2.26,-1.0,1.8,2.0,2.01,1.85,1.9,2.0,1.82,1.91,1.86,2.03,3,-1,0.09806030858662429,0.6153356699919116,0.21787004583445677,0.1667942841736317,2025.0,9.0,5.0
SC1,2025-09-23,19:45,Airdrie Utd,St Johnstone,1,2,A,0,2,A,L Wilson,6,17,2,8,9,9,5,10,5,1,1,1,5.0,4.1,1.55,5.0,3.75,1.57,4.7,3.85,1.63,5.25,3.9,1.55,4.6,3.8,1.57,4.6,3.8,1.57,4.6,3.8,1.57,5.61,4.17,1.57,5.5,4.1,1.63,4.93,3.85,1.57,5.8,4.1,1.58,1.73,2.08,1.75,2.1,1.75,2.08,1.72,2.01,1.79,2.12,1.0,1.83,1.98,1.87,1.98,1.83,2.06,1.75,1.99,1.83,1.96,5.0,4.1,1.55,5.5,3.75,1.53,4.7,3.85,1.63,5.25,3.9,1.55,4.8,3.9,1.53,4.8,3.8,1.53,4.8,3.8,1.53,5.56,4.16,1.57,5.5,4.1,1.63,5.01,3.88,1.56,6.2,4.4,1.58,1.73,2.08,1.76,2.08,1.75,2.08,1.73,2.0,1.79,2.14,1.0,1.85,1.95,1.85,2.0,1.85,2.06,1.75,1.98,1.86,1.97,3,-1,0.0995226914917875,0.18447982762146312,0.2362300130321592,0.5792901593463776,2025.0,9.0,1.0
SC1,2025-09-23,19:45,Dunfermline,Ayr,0,1,A,0,1,A,D McFarlane,7,8,3,3,12,12,6,3,2,2,1,1,2.38,3.0,3.0,2.3,3.0,3.0,2.23,3.2,3.0,2.38,3.1,2.9,2.3,3.1,2.75,2.3,3.1,2.75,2.3,3.1,2.75,2.43,3.2,3.07,2.42,3.2,3.0,2.32,3.08,2.92,2.42,3.05,3.15,2.25,1.62,2.21,1.68,2.28,1.68,2.18,1.62,2.34,1.66,-0.25,2.05,1.75,2.08,1.79,2.05,1.8,1.97,1.75,2.07,1.82,2.25,3.1,3.2,2.25,3.0,3.1,2.28,3.15,3.0,2.25,3.0,3.1,2.2,3.0,2.9,2.2,3.1,2.9,2.2,3.1,2.9,2.33,3.15,3.31,2.3,3.15,3.2,2.24,3.07,3.05,2.4,3.3,3.25,2.25,1.62,2.34,1.61,2.28,1.62,2.23,1.58,2.32,1.68,-0.25,1.98,1.83,1.99,1.87,1.98,1.83,1.92,1.79,2.03,1.88,1,-1,0.09817556085860302,0.39250052370644506,0.29564974512953,0.3118497311640248,2025.0,9.0,1.0
SC1,2025-09-27,15:00,Ayr,Airdrie Utd,4,2,H,4,1,H,D Dickinson,13,4,8,4,11,12,4,4,1,1,0,0,1.55,4.1,5.25,1.57,3.75,5.0,1.58,3.9,5.0,1.55,3.9,5.25,1.55,3.75,5.0,1.55,3.75,4.8,1.55,3.75,4.8,1.54,4.16,5.46,1.58,4.2,5.5,1.56,3.86,5.07,1.49,3.7,4.8,1.8,2.0,1.81,2.0,1.8,2.06,1.75,1.97,1.7,1.87,-1.0,1.98,1.83,1.95,1.87,1.98,1.83,1.93,1.79,1.77,1.71,1.6,3.9,5.0,1.57,3.75,5.0,1.58,3.9,5.0,1.6,3.75,5.0,1.57,3.7,4.75,1.57,3.7,4.8,1.57,3.7,4.8,1.61,4.09,5.23,1.62,4.0,5.0,1.58,3.81,4.93,1.67,4.0,5.4,1.85,1.95,1.85,1.99,1.85,2.06,1.77,1.95,1.86,2.0,-0.75,1.8,2.0,1.79,2.08,1.8,2.02,1.73,1.99,1.88,2.06,6,2,0.09733165731571458,0.5841676367869616,0.23608847497089644,0.17974388824214202,2025.0,9.0,5.0
SC1,2025-09-27,15:00,Dunfermline,Partick,0,2,A,0,2,A,D Nicolson,4,11,3,7,8,7,5,6,2,2,1,0,2.38,3.1,2.9,2.4,3.0,2.8,2.55,3.35,2.5,2.4,3.13,2.8,2.35,3.0,2.7,2.37,3.0,2.75,2.37,3.0,2.75,2.41,3.17,2.99,2.55,3.35,2.9,2.43,3.11,2.73,2.24,2.9,3.1,2.2,1.65,2.19,1.67,2.2,1.74,2.11,1.66,1.01,1.69,-0.25,2.05,1.75,2.08,1.76,2.18,1.75,2.11,1.66,1.93,1.84,2.6,3.1,2.7,2.5,3.0,2.75,2.38,3.25,2.75,2.45,3.1,2.75,2.3,3.0,2.75,2.3,3.1,2.75,2.3,3.1,2.75,2.48,3.24,2.96,2.6,3.25,3.0,2.43,3.09,2.75,2.58,3.15,3.2,2.25,1.62,2.18,1.7,2.25,1.66,2.17,1.62,2.3,1.7,0.0,1.85,1.95,1.76,2.12,1.85,2.0,1.77,1.96,1.81,2.2,2,-2,0.09936640840535094,0.37432709476886444,0.2924806560412671,0.33319224918986834,2025.0,9.0,5.0
SC1,2025-09-27,15:00,Morton,Ross County,1,1,D,0,1,A,D McFarlane,16,9,7,1,11,17,8,5,3,4,0,0,3.2,3.3,2.1,3.2,3.2,2.1,3.05,3.4,2.14,3.2,3.25,2.1,3.25,3.1,2.0,3.25,3.1,2.05,3.25,3.1,2.05,3.16,3.59,2.12,3.25,3.5,2.14,3.17,3.25,2.09,3.35,3.55,2.2,1.98,1.83,2.0,1.81,1.98,1.83,1.94,1.77,1.97,1.82,0.25,1.98,1.83,1.96,1.86,1.98,1.84,1.9,1.82,1.98,1.89,3.2,3.2,2.15,3.2,3.1,2.15,3.05,3.4,2.14,3.13,3.2,2.15,3.1,3.1,2.05,3.1,3.1,2.05,3.1,3.1,2.05,3.2,3.75,2.12,3.25,3.5,2.15,3.14,3.22,2.12,3.45,3.5,2.26,2.1,1.7,1.93,1.91,2.1,1.78,2.0,1.73,2.14,1.79,0.25,1.9,1.9,1.99,1.86,1.9,1.9,1.87,1.84,1.99,1.95,2,0,0.10161862046305026,0.2863580983377107,0.27930928360939783,0.4343326180528914,2025.0,9.0,5.0
SC1,2025-09-27,15:00,Queens Park,St Johnstone,1,2,A,1,1,D,P Stuart,6,6,2,4,6,6,1,4,2,3,0,0,5.5,4.33,1.45,6.5,4.0,1.44,5.75,4.2,1.48,6.0,4.2,1.45,5.75,3.9,1.47,5.5,3.9,1.48,5.5,3.9,1.48,6.63,4.49,1.42,6.66,4.33,1.48,5.9,4.1,1.46,6.8,4.0,1.51,1.7,2.1,1.68,2.14,1.73,2.1,1.69,2.06,1.7,2.16,1.25,1.78,2.03,1.83,2.0,1.8,2.03,1.73,2.0,1.78,2.05,5.5,4.33,1.45,6.0,4.2,1.44,5.75,4.2,1.48,6.0,4.2,1.44,5.75,4.0,1.44,5.5,4.0,1.44,5.5,4.0,1.44,6.52,4.47,1.47,6.33,4.33,1.48,5.81,4.16,1.45,7.4,4.9,1.47,1.7,2.1,1.71,2.14,1.7,2.15,1.68,2.08,1.71,2.24,1.0,2.05,1.75,2.07,1.77,2.05,1.8,2.0,1.74,2.21,1.74,3,-1,0.09832547129743396,0.154318123227636,0.22206754318123234,0.6236143335911318,2025.0,9.0,5.0
SC1,2025-09-27,15:00,Raith Rvs,Arbroath,3,0,H,0,0,D,G Irvine,10,4,4,0,11,7,7,5,3,0,0,0,1.62,3.8,5.0,1.6,3.6,5.0,1.61,3.8,4.9,1.62,3.6,5.0,1.6,3.6,4.6,1.6,3.6,4.6,1.6,3.6,4.6,1.64,3.86,4.9,1.62,4.0,5.0,1.61,3.7,4.85,1.65,3.45,4.4,1.95,1.85,1.95,1.85,1.95,1.91,1.88,1.83,1.82,1.74,-0.75,1.83,1.98,1.84,1.98,1.83,1.98,1.77,1.96,1.79,1.86,1.62,3.7,5.25,1.6,3.5,5.0,1.64,3.7,4.9,1.6,3.6,5.25,1.6,3.5,4.75,1.61,3.5,4.6,1.61,3.5,4.6,1.65,3.98,5.03,1.67,3.75,5.33,1.61,3.6,4.97,1.69,3.85,5.7,2.08,1.73,1.93,1.9,2.08,1.8,1.96,1.76,2.04,1.87,-0.75,1.83,1.98,1.85,2.01,1.83,1.98,1.79,1.94,1.88,2.02,3,3,0.0975738497029397,0.5659008845650494,0.24624335787830529,0.1878557575566453,2025.0,9.0,5.0
SC1,2025-09-30,19:30,Queens Park,Partick,0,1,A,0,1,A,S Murdoch,6,7,0,4,17,16,5,5,4,3,0,0,3.8,3.6,1.8,3.75,3.4,1.83,3.55,3.7,1.87,3.9,3.5,1.8,3.6,3.4,1.8,3.6,3.4,1.83,3.6,3.4,1.83,4.23,3.79,1.79,4.0,3.7,1.87,3.74,3.53,1.82,4.4,3.85,1.85,1.85,1.95,1.84,1.99,1.85,2.0,1.78,1.93,1.86,2.04,0.5,1.98,1.83,2.05,1.79,1.98,1.85,1.91,1.81,2.08,1.85,3.6,3.6,1.85,3.6,3.4,1.9,3.55,3.7,1.87,3.75,3.5,1.85,3.4,3.4,1.88,3.4,3.4,1.91,3.4,3.4,1.91,3.69,3.54,2.01,3.8,3.7,1.91,3.56,3.5,1.87,4.4,3.75,1.94,1.83,1.98,1.88,1.96,1.83,2.0,1.78,1.93,1.89,2.06,0.5,1.93,1.88,1.84,2.02,1.93,1.93,1.84,1.86,2.05,1.93,1,-1,0.10011634757510435,0.24304672840627078,0.2575055989346892,0.49944767265904,2025.0,9.0,1.0
SC1,2025-10-04,15:00,Airdrie Utd,Morton,1,2,A,0,0,D,S McLean,5,4,3,3,13,10,4,4,1,2,0,0,2.63,3.1,2.55,2.6,3.1,2.5,2.5,3.35,2.55,2.63,3.2,2.5,2.45,3.1,2.55,2.45,3.1,2.5,2.45,3.1,2.5,2.57,3.44,2.59,2.71,3.35,2.55,2.56,3.19,2.51,2.82,3.2,2.5,2.03,1.78,2.02,1.79,2.03,1.81,1.94,1.77,2.0,1.81,0.0,1.98,1.83,1.9,1.92,1.98,1.85,1.9,1.82,2.03,1.79,3.2,3.1,2.2,2.88,3.1,2.3,3.1,3.25,2.18,2.88,3.2,2.3,2.95,3.1,2.15,2.62,3.1,2.37,2.8,3.1,2.3,2.8,3.5,2.46,3.2,3.35,2.5,2.96,3.18,2.26,3.3,3.3,2.34,2.1,1.7,2.03,1.81,2.1,1.78,2.05,1.7,2.14,1.78,0.25,1.88,1.93,1.74,2.13,1.88,1.97,1.81,1.91,1.91,1.99,3,-1,0.10251099832644361,0.35430485554606633,0.28433242325953917,0.3613627211943944,2025.0,10.0,5.0
SC1,2025-10-04,15:00,Dunfermline,Queens Park,0,0,D,0,0,D,G Irvine,11,7,4,3,15,13,2,3,2,2,0,0,1.8,3.4,4.2,1.8,3.3,4.2,1.72,3.6,4.35,1.8,3.4,4.1,1.78,3.2,4.0,1.8,3.2,4.0,1.8,3.2,4.0,1.81,3.45,4.38,1.83,3.6,4.5,1.78,3.38,4.16,1.84,3.35,4.6,2.1,1.7,2.12,1.71,2.1,1.77,2.01,1.72,2.12,1.71,-0.5,1.83,1.98,1.83,2.0,1.83,2.06,1.76,1.97,1.84,2.0,1.85,3.3,4.0,1.83,3.25,4.0,1.84,3.45,3.9,1.8,3.3,4.2,1.83,3.1,3.9,1.83,3.2,3.9,1.83,3.2,3.9,1.91,3.36,4.32,1.9,3.45,4.33,1.84,3.3,4.0,1.93,3.45,4.7,2.1,1.7,2.17,1.7,2.1,1.74,2.04,1.71,2.16,1.75,-0.5,1.9,1.9,1.92,1.93,1.9,1.92,1.83,1.88,1.93,1.98,0,0,0.09804035635928465,0.5116367076631978,0.269441816461684,0.21892147587511823,2025.0,10.0,5.0
SC1,2025-10-04,15:00,Partick,Arbroath,1,1,D,1,0,H,C Graham,16,9,10,4,12,6,6,5,2,1,0,0,1.53,4.0,5.25,1.57,3.75,5.0,1.58,4.0,4.8,1.53,4.0,5.25,1.53,3.6,5.25,1.53,3.6,5.25,1.53,3.6,5.25,1.55,4.09,5.41,1.58,4.2,6.0,1.54,3.86,5.21,1.5,4.0,5.8,1.73,2.08,1.79,2.01,1.75,2.1,1.71,2.03,1.75,2.06,-1.0,1.9,1.9,1.97,1.85,1.95,1.9,1.92,1.81,1.84,1.95,1.53,3.9,5.25,1.5,4.0,5.5,1.5,4.1,5.5,1.53,3.8,5.5,1.5,3.75,5.5,1.5,3.75,5.5,1.5,3.75,5.5,1.52,4.27,6.15,1.53,4.25,5.8,1.51,3.94,5.52,1.53,4.5,7.2,1.83,1.98,1.85,1.99,1.83,2.04,1.76,1.97,1.82,2.1,-1.0,1.95,1.85,1.89,1.96,1.95,1.91,1.88,1.84,1.86,2.05,2,0,0.1003565865181133,0.5901274707732758,0.2354394572515142,0.1744330719752101,2025.0,10.0,5.0
SC1,2025-10-04,15:00,Ross County,Raith Rvs,2,0,H,0,0,D,C Steven,11,16,3,7,9,10,3,6,0,2,0,0,2.55,3.3,2.55,2.6,3.1,2.5,2.6,3.3,2.5,2.55,3.13,2.6,2.45,3.2,2.45,2.45,3.2,2.5,2.45,3.2,2.5,2.57,3.52,2.54,2.6,3.3,2.6,2.54,3.2,2.53,2.68,3.4,2.84,2.08,1.73,1.97,1.83,2.1,1.73,2.02,1.72,2.14,1.72,0.0,1.9,1.9,1.92,1.9,1.9,1.9,1.86,1.85,1.9,2.05,2.63,3.2,2.5,2.6,3.1,2.5,2.6,3.3,2.5,2.6,3.13,2.55,2.5,3.1,2.45,2.45,3.2,2.5,2.5,3.2,2.5,2.68,3.34,2.65,2.75,3.35,2.6,2.58,3.2,2.52,2.92,3.3,2.74,2.15,1.67,2.17,1.71,2.15,1.73,2.07,1.69,2.18,1.8,0.0,1.95,1.85,1.93,1.92,1.95,1.85,1.88,1.83,2.04,1.92,2,2,0.10145770439762236,0.35743613742925,0.2837149340844672,0.3588489284862827,2025.0,10.0,5.0
SC1,2025-10-04,15:00,St Johnstone,Ayr,0,0,D,0,0,D,R Lee,5,4,1,2,10,14,10,2,4,2,0,0,1.67,3.8,4.33,1.67,3.5,4.5,1.73,3.6,4.3,1.65,3.6,4.75,1.65,3.5,4.33,1.67,3.5,4.33,1.67,3.5,4.33,1.77,3.7,4.25,1.73,4.0,4.75,1.68,3.61,4.41,1.65,3.6,5.1,1.88,1.93,1.89,1.91,1.88,1.93,1.83,1.87,1.85,1.95,-0.75,1.88,1.93,2.03,1.8,1.9,1.93,1.86,1.85,1.83,2.02,1.67,3.8,4.33,1.62,3.6,4.6,1.73,3.65,4.25,1.65,3.6,4.75,1.63,3.6,4.33,1.65,3.6,4.33,1.65,3.6,4.33,1.7,3.82,4.89,1.73,4.0,4.75,1.66,3.66,4.45,1.71,3.9,5.6,1.85,1.95,1.88,1.95,1.85,1.95,1.83,1.87,1.89,2.08,-0.75,1.88,1.93,1.92,1.93,1.92,1.93,1.86,1.86,1.9,2.0,0,0,0.09900377510191527,0.5416160605844109,0.2520540115739087,0.20632992784168033,2025.0,10.0,5.0
SC1,2025-10-11,15:00,Arbroath,Queens Park,4,1,H,3,0,H,M MacDermid,10,4,6,1,11,16,7,1,0,4,0,0,2.05,3.4,3.2,2.1,3.2,3.2,2.18,3.4,2.95,2.1,3.25,3.2,2.05,3.2,3.1,2.05,3.2,3.1,2.05,3.2,3.1,2.15,3.22,3.43,2.2,3.4,3.25,2.12,3.25,3.12,2.24,3.25,3.2,1.98,1.83,1.99,1.82,1.98,1.9,1.89,1.82,2.04,1.79,-0.25,1.83,1.98,1.85,1.96,1.88,1.98,1.84,1.86,1.93,1.9,2.1,3.25,3.25,2.15,3.1,3.2,2.05,3.4,3.3,2.1,3.25,3.3,2.05,3.1,3.1,2.1,3.1,3.1,2.1,3.1,3.1,2.12,3.3,3.64,2.15,3.4,3.5,2.09,3.22,3.25,2.24,3.35,3.75,2.08,1.73,2.05,1.79,2.1,1.8,2.0,1.73,2.14,1.84,-0.25,1.8,2.0,1.82,2.04,1.8,2.0,1.77,1.95,1.92,2.06,5,3,0.09990324141267526,0.42885418957554433,0.27974488673850895,0.2914009236859468,2025.0,10.0,5.0
SC1,2025-10-11,15:00,Morton,Partick,1,1,D,1,0,H,K Clancy,6,26,2,10,14,4,3,11,3,0,0,0,3.25,3.3,2.05,3.4,3.1,2.05,3.2,3.4,2.08,3.3,3.3,2.05,3.3,3.2,1.95,3.3,3.25,2.0,3.3,3.25,2.0,3.63,3.28,2.05,3.5,3.4,2.1,3.31,3.25,2.05,3.45,3.25,2.2,2.08,1.73,2.07,1.74,2.08,1.74,2.02,1.72,2.08,1.76,0.25,1.98,1.83,2.06,1.78,1.98,1.83,1.94,1.78,1.97,1.89,3.1,3.25,2.15,3.2,3.1,2.15,3.2,3.4,2.08,3.13,3.2,2.15,3.0,3.1,2.1,3.1,3.1,2.1,3.1,3.1,2.1,3.53,3.3,2.15,3.25,3.4,2.25,3.13,3.21,2.15,3.3,3.35,2.4,2.05,1.75,2.09,1.76,2.05,1.75,2.01,1.72,2.06,1.87,0.25,1.88,1.93,2.0,1.85,1.93,1.93,1.87,1.84,1.91,2.04,2,0,0.09761198936646576,0.2752473611369317,0.2803288508809981,0.4444237879820703,2025.0,10.0,5.0
SC1,2025-10-11,15:00,Raith Rvs,Ayr,0,2,A,0,2,A,D Nicolson,8,10,2,3,6,8,6,3,2,3,0,0,2.05,3.2,3.4,2.1,3.0,3.4,2.02,3.3,3.4,2.1,3.1,3.4,2.0,3.1,3.25,2.05,3.1,3.25,2.05,3.1,3.25,2.15,3.22,3.44,2.16,3.3,3.5,2.07,3.12,3.36,2.2,3.1,3.45,2.2,1.65,2.16,1.68,2.2,1.71,2.12,1.65,2.08,1.63,-0.25,1.83,1.98,1.85,1.97,1.83,1.98,1.77,1.95,1.88,1.97,2.15,3.1,3.2,2.2,3.0,3.2,2.25,3.2,3.05,2.15,3.1,3.25,2.1,3.0,3.1,2.15,3.0,3.1,2.15,3.0,3.1,2.36,3.22,3.17,2.25,3.2,3.3,2.19,3.08,3.17,2.32,3.25,3.55,2.3,1.6,2.26,1.65,2.3,1.62,2.22,1.59,2.3,1.68,-0.25,1.9,1.9,2.02,1.83,1.92,1.9,1.88,1.83,1.97,1.97,2,-2,0.10122365557148161,0.43868635131063577,0.2910515215426333,0.270262127146731,2025.0,10.0,5.0
SC1,2025-10-11,15:00,St Johnstone,Ross County,0,0,D,0,0,D,D Dickinson,12,4,6,3,8,14,17,0,0,0,0,0,1.57,3.9,5.0,1.6,3.6,5.0,1.65,3.75,4.6,1.62,3.75,4.8,1.63,3.5,4.4,1.65,3.5,4.4,1.65,3.5,4.4,2.38,3.44,2.99,1.65,4.0,5.33,1.61,3.72,4.75,1.65,4.0,4.8,1.8,2.0,2.0,1.81,1.8,2.0,1.78,1.93,1.67,2.0,-0.75,1.75,2.05,1.9,1.91,1.81,2.05,1.77,1.96,1.8,2.05,1.6,4.0,4.75,1.57,3.75,5.0,1.56,4.0,5.1,1.57,3.9,5.0,1.57,3.9,4.5,1.57,3.9,4.5,1.57,3.9,4.5,1.61,4.21,5.11,1.62,4.2,5.1,1.57,3.92,4.84,1.65,4.5,5.3,1.67,2.15,1.65,2.26,1.73,2.2,1.65,2.12,1.68,2.32,-1.0,2.03,1.78,2.06,1.81,2.03,1.81,1.96,1.78,2.11,1.83,0,0,0.10046153251290901,0.5644159237479518,0.24427678420274257,0.19130729204930577,2025.0,10.0,5.0
SC1,2025-10-17,19:45,Dunfermline,Raith Rvs,2,0,H,1,0,H,N Walsh,11,6,7,2,13,12,2,4,4,3,0,0,2.9,2.75,2.5,2.88,2.75,2.5,3.05,2.85,2.45,2.9,2.88,2.5,2.85,2.8,2.4,2.87,2.8,2.4,2.87,2.8,2.4,3.06,2.85,2.69,3.05,2.88,2.63,2.95,2.79,2.49,3.05,2.96,2.68,2.63,1.44,2.83,1.43,2.75,1.45,2.66,1.42,2.74,1.49,0.0,2.03,1.78,2.06,1.81,2.2,1.78,2.05,1.71,2.07,1.8,3.0,2.8,2.4,2.88,2.8,2.5,3.05,2.85,2.45,3.0,2.9,2.4,2.8,2.8,2.4,2.8,2.8,2.45,2.8,2.8,2.45,3.24,2.84,2.58,3.1,2.9,2.5,2.98,2.81,2.45,3.3,2.96,2.64,2.63,1.44,2.87,1.41,2.63,1.45,2.59,1.44,2.76,1.52,0.25,1.75,2.05,1.74,2.16,1.75,2.05,1.71,2.03,1.76,2.24,2,2,0.09901241561836915,0.30844333151298003,0.3261318379796742,0.36542483050734575,2025.0,10.0,4.0
SC1,2025-10-18,15:00,Arbroath,St Johnstone,3,1,H,0,1,A,D Nicolson,6,13,3,6,15,12,4,2,3,2,0,0,4.5,4.1,1.57,5.0,3.75,1.57,5.0,4.0,1.57,5.25,3.9,1.55,4.75,3.8,1.55,4.6,3.8,1.55,4.6,3.8,1.55,4.96,3.96,1.61,5.25,4.1,1.61,4.91,3.89,1.57,4.8,3.75,1.6,1.75,2.05,1.79,2.01,1.77,2.05,1.73,1.99,1.68,2.24,1.0,1.8,2.0,1.74,2.09,1.8,2.0,1.78,1.95,1.68,1.91,4.75,4.0,1.57,5.0,3.75,1.57,5.0,4.0,1.57,5.5,3.75,1.55,4.75,3.8,1.55,4.8,3.8,1.55,4.8,3.8,1.55,5.32,4.1,1.61,5.6,4.0,1.57,5.1,3.86,1.56,5.8,4.1,1.62,1.9,1.9,1.79,2.04,1.9,2.04,1.79,1.92,1.9,2.02,1.0,1.78,2.03,1.81,2.06,1.8,2.03,1.78,1.96,1.82,2.08,4,2,0.09767807167963616,0.1855425493454531,0.2341938090709961,0.5802636415835508,2025.0,10.0,5.0
SC1,2025-10-18,15:00,Ayr,Morton,2,1,H,1,0,H,I Snedden,15,7,6,1,16,16,7,2,3,3,0,0,1.75,3.4,4.2,1.73,3.3,4.5,,,,1.75,3.4,4.4,1.78,3.3,3.9,1.8,3.3,3.9,1.8,3.3,3.9,1.76,3.51,4.59,1.8,3.5,4.6,1.77,3.37,4.27,1.77,3.6,5.2,2.1,1.7,2.11,1.7,2.1,1.7,2.08,1.67,1.95,1.61,-0.5,1.78,2.03,1.76,2.04,1.8,2.03,1.75,1.97,1.71,2.25,1.75,3.4,4.2,1.8,3.25,4.2,0.0,0.0,0.0,1.8,3.3,4.1,1.78,3.25,3.9,1.8,3.25,3.9,1.8,3.25,3.9,1.79,3.54,4.72,1.85,3.4,4.75,1.79,3.31,4.21,1.98,3.4,4.5,2.1,1.7,2.14,1.72,2.1,1.7,2.07,1.68,2.2,1.73,-0.5,1.78,2.03,1.79,2.06,1.85,2.05,1.77,1.95,1.98,2.0,3,1,0.09589969392766573,0.5155323562392746,0.27076921974585044,0.21369842401487496,2025.0,10.0,5.0
SC1,2025-10-18,15:00,Partick,Ross County,1,0,H,0,0,D,P Stuart,7,9,4,3,7,13,5,3,4,3,0,0,1.73,3.6,4.0,1.8,3.4,4.0,1.8,3.6,3.9,1.73,3.6,4.2,1.75,3.4,3.8,1.75,3.4,3.8,1.75,3.4,3.8,1.76,3.91,4.06,1.8,3.9,4.2,1.76,3.58,3.97,1.79,3.7,4.2,1.8,2.0,1.75,2.05,1.8,2.05,1.78,1.93,1.64,1.96,-0.5,1.78,2.03,1.76,2.05,1.83,2.05,1.75,1.97,1.79,2.04,1.8,3.5,3.8,1.83,3.4,3.75,1.8,3.6,3.9,1.83,3.5,3.8,1.77,3.5,3.75,1.75,3.5,3.75,1.75,3.5,3.75,1.87,3.83,3.9,1.87,3.75,3.9,1.81,3.53,3.8,1.98,3.85,3.9,1.83,1.98,1.83,2.02,1.83,1.98,1.78,1.92,1.86,2.04,-0.5,1.83,1.98,1.88,1.98,1.85,1.98,1.8,1.92,1.98,1.94,1,1,0.09940059588610861,0.5168105423154405,0.2540744565573115,0.22911500112724817,2025.0,10.0,5.0
SC1,2025-10-18,15:00,Queens Park,Airdrie Utd,0,0,D,0,0,D,C Steven,5,13,3,3,7,8,4,7,3,1,0,0,2.15,3.2,3.1,2.1,3.2,3.2,2.06,3.45,3.2,2.15,3.25,3.1,2.1,3.25,2.95,2.1,3.3,2.9,2.1,3.3,2.9,2.24,3.37,3.1,2.22,3.45,3.2,2.13,3.29,3.08,2.24,3.3,3.2,1.93,1.88,1.97,1.84,1.93,1.91,1.85,1.85,1.83,1.72,-0.25,1.93,1.88,1.95,1.87,1.93,1.94,1.83,1.88,1.82,1.87,2.5,2.9,2.8,2.5,3.0,2.75,2.48,3.1,2.75,2.5,3.0,2.75,2.35,3.0,2.7,2.37,3.0,2.75,2.37,3.0,2.75,2.59,3.06,2.97,2.6,3.1,2.8,2.48,3.01,2.75,2.7,3.15,2.94,2.35,1.57,2.26,1.65,2.35,1.62,2.22,1.59,2.3,1.69,0.0,1.8,2.0,1.8,2.07,1.8,2.2,1.74,2.02,1.87,2.03,0,0,0.0981102605315971,0.4275377299979326,0.2767949437372633,0.295667326264804,2025.0,10.0,5.0
SC1,2025-10-21,19:45,Airdrie Utd,Dunfermline,0,4,A,0,2,A,D Dickinson,2,8,0,4,5,9,5,8,2,1,1,0,3.1,3.2,2.2,3.2,3.0,2.2,3.2,3.25,2.14,3.13,3.13,2.2,3.0,3.1,2.15,3.0,3.1,2.15,3.0,3.1,2.15,3.36,3.15,2.27,3.3,3.25,2.25,3.15,3.12,2.18,3.45,3.2,2.4,2.2,1.65,2.24,1.64,2.25,1.71,2.15,1.63,2.24,1.69,0.25,1.85,1.95,1.89,1.93,1.89,1.95,1.85,1.86,1.91,2.04,3.8,3.3,1.9,4.0,3.1,1.9,4.0,3.4,1.83,4.1,3.25,1.87,3.6,3.1,1.9,3.6,3.1,1.91,3.6,3.1,1.91,3.63,3.18,2.17,4.2,3.4,1.95,3.92,3.22,1.88,4.5,3.4,2.02,2.2,1.65,2.26,1.65,2.2,1.74,2.14,1.64,2.22,1.73,0.5,1.9,1.9,1.71,2.17,1.92,1.95,1.86,1.85,1.94,2.02,4,-4,0.09668873430341307,0.2894716682413626,0.2922550496667603,0.41827328209187714,2025.0,10.0,1.0
SC1,2025-10-21,19:45,Partick,Ayr,2,1,H,0,1,A,C Scott,7,3,3,3,9,12,8,4,2,3,0,1,2.1,3.1,3.5,2.1,3.1,3.3,2.02,3.35,3.4,2.05,3.2,3.4,2.0,3.1,3.25,2.05,3.1,3.3,2.05,3.1,3.3,2.12,3.34,3.51,2.15,3.35,3.6,2.07,3.16,3.38,2.3,3.25,3.6,2.1,1.7,2.16,1.7,2.1,1.73,2.07,1.69,2.16,1.79,-0.25,1.8,2.0,1.83,2.01,1.8,2.0,1.76,1.96,1.96,2.0,2.15,3.1,3.25,2.1,3.1,3.3,2.02,3.35,3.4,2.1,3.2,3.3,2.0,3.1,3.3,2.0,3.1,3.3,2.0,3.1,3.3,1.99,3.35,4.0,2.2,3.35,3.4,2.08,3.16,3.31,2.3,3.35,3.55,2.1,1.7,2.12,1.74,2.1,1.73,2.05,1.7,2.16,1.81,-0.25,1.9,1.9,1.71,2.18,1.9,1.98,1.78,1.92,1.96,2.0,3,1,0.09540547180782566,0.4410164088758227,0.28889366024460533,0.2700899308795719,2025.0,10.0,1.0
SC1,2025-10-25,15:00,Airdrie Utd,Arbroath,1,0,H,1,0,H,R Lee,6,10,3,1,17,17,0,6,1,3,0,0,2.88,3.3,2.25,2.88,3.1,2.3,2.88,3.3,2.28,2.9,3.25,2.25,2.75,3.25,2.2,2.8,3.25,2.2,2.8,3.25,2.2,2.87,3.4,2.37,3.0,3.4,2.35,2.87,3.26,2.25,3.1,3.3,2.26,1.95,1.85,2.01,1.79,1.96,1.85,1.94,1.77,1.01,1.25,0.25,1.83,1.98,1.77,2.06,1.83,1.98,1.78,1.95,1.63,1.69,2.9,3.25,2.25,2.88,3.1,2.3,2.88,3.3,2.28,2.9,3.2,2.3,2.75,3.25,2.2,2.75,3.25,2.25,2.75,3.25,2.25,2.87,3.4,2.37,2.9,3.33,2.38,2.85,3.24,2.28,3.0,3.4,2.5,2.05,1.75,2.01,1.79,2.05,1.8,1.97,1.75,2.14,1.84,0.25,1.78,2.03,1.77,2.06,1.78,2.03,1.76,1.97,1.8,2.13,1,1,0.09962496645124208,0.3168644459516085,0.2789573496567842,0.4041782043916073,2025.0,10.0,5.0
SC1,2025-10-25,15:00,Morton,St Johnstone,0,4,A,0,4,A,E Anderson,5,15,1,9,16,19,4,6,2,0,0,0,4.5,3.7,1.65,4.6,3.5,1.67,4.35,3.7,1.71,4.75,3.6,1.65,4.33,3.5,1.66,4.33,3.5,1.67,4.33,3.5,1.67,4.85,3.74,1.67,5.0,3.8,1.71,4.6,3.63,1.66,1.09,1.01,1.68,1.9,1.9,1.93,1.85,1.93,1.9,1.87,1.83,1.32,1.32,0.75,1.93,1.88,1.92,1.88,1.93,1.88,1.87,1.85,1.49,1.83,4.75,3.7,1.6,4.6,3.5,1.67,4.35,3.7,1.71,5.0,3.6,1.62,4.5,3.5,1.63,4.5,3.5,1.65,4.5,3.5,1.65,4.85,3.74,1.67,5.33,3.75,1.71,4.76,3.59,1.65,5.6,4.0,1.71,1.95,1.85,1.93,1.85,1.95,1.86,1.88,1.82,1.99,1.95,0.75,1.98,1.83,1.92,1.88,1.98,1.88,1.89,1.83,2.05,1.9,4,-4,0.09528303656595494,0.19847956837660327,0.25151680841112256,0.5500036232122741,2025.0,10.0,5.0
SC1,2025-10-25,15:00,Queens Park,Ayr,0,0,D,0,0,D,P Stuart,1,23,1,7,13,10,1,17,2,3,1,0,3.7,3.25,1.95,3.75,3.1,1.95,3.7,3.25,1.96,3.8,3.25,1.91,3.5,3.2,1.9,3.5,3.2,1.91,3.5,3.2,1.91,4.0,3.32,1.93,3.85,3.3,2.0,3.69,3.22,1.94,1.09,2.92,1.88,2.15,1.67,2.18,1.66,2.2,1.67,2.12,1.65,1.07,1.25,0.5,1.88,1.93,1.86,1.94,1.88,1.95,1.79,1.91,1.68,1.88,3.9,3.4,1.83,3.75,3.25,1.9,3.85,3.35,1.9,4.1,3.3,1.83,3.7,3.25,1.83,3.7,3.3,1.85,3.7,3.3,1.85,4.0,3.32,1.93,4.25,3.5,1.9,3.92,3.35,1.84,5.0,3.6,1.87,2.05,1.75,2.18,1.66,2.1,1.75,2.03,1.71,2.16,1.82,0.5,1.98,1.83,1.86,1.94,1.98,1.9,1.88,1.83,2.09,1.87,0,0,0.0970256337640536,0.24703407257426685,0.2830918409313803,0.4698740864943529,2025.0,10.0,5.0
SC1,2025-10-25,15:00,Raith Rvs,Partick,2,0,H,0,0,D,G Irvine,7,10,4,2,11,8,9,2,1,0,0,0,2.4,3.1,2.8,2.38,3.0,2.88,2.33,3.2,2.85,2.4,3.13,2.8,2.3,3.1,2.75,2.3,3.1,2.8,2.3,3.1,2.8,2.48,3.18,2.87,2.45,3.2,2.9,2.36,3.11,2.83,2.62,3.05,2.8,2.15,1.67,2.22,1.64,2.2,1.67,2.15,1.63,1.42,1.61,-0.25,2.1,1.7,2.13,1.7,2.1,1.73,2.03,1.7,2.26,1.66,2.63,3.1,2.6,2.63,3.0,2.6,2.5,3.2,2.63,2.63,3.0,2.6,2.65,3.0,2.4,2.62,3.1,2.4,2.62,3.1,2.4,2.48,3.18,2.87,2.8,3.2,2.63,2.62,3.07,2.55,2.82,3.2,2.82,2.25,1.62,2.22,1.64,2.25,1.67,2.16,1.62,2.3,1.72,0.0,1.9,1.9,1.77,2.05,2.0,2.05,1.86,1.88,2.02,1.96,2,2,0.09862911237881478,0.38568868127100703,0.29267694141465483,0.321634377314338,2025.0,10.0,5.0
SC1,2025-10-25,15:00,Ross County,Dunfermline,3,2,H,2,1,H,D Nicolson,9,4,6,1,19,11,5,4,5,2,0,0,2.2,3.2,3.2,2.2,3.1,3.1,2.2,3.15,3.15,2.15,3.25,3.13,2.15,3.1,3.0,2.15,3.1,3.0,2.15,3.1,3.0,2.23,3.19,3.28,2.25,3.25,3.25,2.18,3.14,3.13,1.09,1.09,1.04,2.1,1.7,2.1,1.68,2.1,1.7,2.09,1.67,1.01,1.62,-0.25,1.9,1.9,1.92,1.88,1.9,1.9,1.86,1.84,1.72,1.12,2.2,3.2,3.1,2.2,3.1,3.1,2.2,3.15,3.15,2.25,3.13,3.0,2.15,3.1,2.95,2.15,3.1,3.0,2.15,3.1,3.0,2.23,3.19,3.28,2.25,3.2,3.15,2.21,3.13,3.06,2.36,3.25,3.35,2.1,1.7,2.1,1.68,2.1,1.7,2.08,1.68,2.22,1.76,-0.25,1.95,1.85,1.92,1.88,1.95,1.85,1.9,1.82,2.01,1.92,5,1,0.09667575180126686,0.41827823363181366,0.2903969902284566,0.2913247761397297,2025.0,10.0,5.0
SC1,2025-10-31,19:45,Ayr,Dunfermline,0,1,A,0,1,A,G Irvine,11,7,4,2,12,13,6,4,3,2,0,0,1.83,3.5,3.8,1.9,3.25,4.2,1.86,3.35,4.0,1.83,3.2,4.2,1.83,3.2,3.8,1.85,3.2,3.8,1.85,3.2,3.8,2.38,3.44,2.99,1.9,3.5,4.5,1.84,3.25,4.1,1.9,3.35,4.9,2.35,1.57,2.0,1.81,2.4,1.62,2.27,1.56,2.42,1.65,-0.5,1.85,1.95,1.9,1.91,1.85,1.95,1.82,1.89,1.9,2.02,2.0,3.4,3.3,2.0,3.2,3.75,1.96,3.25,3.7,1.95,3.13,3.8,1.95,3.2,3.4,1.95,3.2,3.4,1.95,3.2,3.4,2.48,3.52,2.965,2.05,3.4,3.8,1.98,3.2,3.62,2.18,3.4,3.75,2.25,1.62,2.0199999999999996,1.8,2.4,1.62,2.27,1.56,2.38,1.69,-0.5,2.03,1.78,1.89,1.96,2.03,1.8,1.94,1.77,2.19,1.8,1,-1,0.09507300758626314,0.496294089165332,0.28097880740437264,0.2227271034302954,2025.0,10.0,4.0
SC1,2025-11-01,15:00,Arbroath,Ross County,3,0,H,1,0,H,L Wilson,15,21,6,4,10,16,2,4,3,2,0,0,3.1,3.6,2.05,3.3,3.3,2.1,3.25,3.5,2.0,3.2,3.4,2.05,3.1,3.3,2.0,3.1,3.3,2.05,3.1,3.3,2.05,2.38,3.44,2.99,3.5,3.6,2.1,3.25,3.37,2.03,3.5,3.4,2.1,1.85,1.95,2.0,1.81,1.9,1.95,1.83,1.86,1.87,1.92,0.25,1.98,1.83,1.9,1.91,1.98,1.83,1.95,1.76,2.03,1.81,2.9,3.4,2.2,3.0,3.2,2.3,3.0,3.45,2.14,3.0,3.13,2.25,2.87,3.1,2.2,2.87,3.2,2.2,2.87,3.2,2.2,2.48,3.52,2.965,3.1,3.45,2.3,2.99,3.24,2.21,3.45,3.45,2.34,2.15,1.67,2.0199999999999996,1.8,2.15,1.89,2.0,1.73,2.1,1.88,0.25,1.83,1.98,1.89,1.96,1.87,1.98,1.82,1.89,1.96,2.0,3,3,0.09703905017524184,0.2804752553185383,0.27048800587099386,0.44903673881046774,2025.0,11.0,5.0
SC1,2025-11-01,15:00,Partick,Queens Park,5,0,H,2,0,H,C Graham,25,5,9,3,7,8,6,3,2,2,0,0,1.45,3.75,7.0,1.44,4.0,7.0,1.5,4.0,5.75,1.44,4.0,6.5,1.43,4.0,6.0,1.44,4.0,5.75,1.44,4.0,5.75,2.38,3.44,2.99,1.5,4.2,7.0,1.45,4.02,6.3,1.39,3.8,6.2,1.85,1.95,2.0,1.81,1.9,1.95,1.82,1.87,1.81,1.83,-1.0,1.75,2.05,1.9,1.91,1.82,2.05,1.78,1.96,1.65,1.91,1.42,3.8,7.5,1.4,4.2,7.5,1.43,4.4,6.25,1.4,4.2,7.0,1.41,4.1,6.25,1.4,4.0,6.0,1.4,4.0,6.0,2.48,3.52,2.965,1.43,4.6,8.0,1.4,4.22,6.9,1.44,4.8,7.6,1.85,1.95,2.0199999999999996,1.8,1.9,1.95,1.82,1.88,1.89,2.02,-1.25,1.98,1.83,1.89,1.96,1.98,1.83,1.93,1.78,2.0,1.83,5,5,0.09714155004942437,0.6285927029039465,0.22673119880863743,0.14467609828741623,2025.0,11.0,5.0
SC1,2025-11-01,15:00,Raith Rvs,Morton,1,1,D,1,0,H,C Steven,5,10,5,2,13,9,4,7,2,1,0,0,1.83,3.75,3.9,1.83,3.3,4.2,1.79,3.5,4.1,1.83,3.25,4.1,1.85,3.2,3.6,1.85,3.25,3.6,1.85,3.25,3.6,2.38,3.44,2.99,1.88,3.75,4.4,1.82,3.36,4.01,1.83,3.3,4.5,2.1,1.7,2.0,1.81,2.1,1.7,2.09,1.66,2.12,1.71,-0.5,1.83,1.98,1.9,1.91,1.9,1.98,1.8,1.91,1.83,1.98,1.83,3.75,3.9,1.83,3.3,4.2,1.79,3.5,4.1,1.8,3.3,4.2,1.8,3.3,3.8,1.8,3.3,3.8,1.8,3.3,3.8,2.48,3.52,2.965,1.88,3.75,4.5,1.81,3.37,4.08,1.94,3.5,4.6,2.15,1.67,2.0199999999999996,1.8,2.15,1.7,2.1,1.66,2.22,1.76,-0.5,1.85,1.95,1.89,1.96,1.9,1.96,1.79,1.92,1.94,2.03,2,0,0.09644615567308823,0.5011195001301745,0.27143972923717785,0.22744077063264778,2025.0,11.0,5.0
SC1,2025-11-01,15:00,St Johnstone,Airdrie Utd,3,0,H,1,0,H,G Soutar,17,3,7,2,9,13,5,3,2,4,0,0,1.25,5.5,9.5,1.25,5.0,11.0,1.28,5.1,9.5,1.25,5.0,10.5,1.25,5.0,9.0,1.25,5.0,9.0,1.25,5.0,9.0,2.38,3.44,2.99,1.28,5.6,11.0,1.26,5.11,9.58,1.23,4.9,1.04,1.7,2.1,2.0,1.81,1.7,2.1,1.67,2.08,1.63,2.0,-1.5,1.85,1.95,1.9,1.91,1.9,1.95,1.81,1.9,1.75,1.9,1.22,6.0,11.0,1.2,6.0,13.0,1.26,5.4,9.5,1.18,5.75,13.0,1.2,5.75,10.5,1.2,5.75,10.0,1.2,5.75,10.0,2.48,3.52,2.965,1.26,6.5,13.0,1.21,5.74,11.27,1.23,7.6,11.5,1.62,2.25,2.0199999999999996,1.8,1.62,2.3,1.59,2.21,1.62,2.42,-1.75,1.85,1.95,1.89,1.96,1.9,1.95,1.85,1.86,1.23,1.13,3,3,0.09372964350514601,0.7256370880717191,0.17892421349713622,0.09543869843114469,2025.0,11.0,5.0
SC1,2025-11-07,19:45,Airdrie Utd,Partick,1,1,D,0,0,D,D Nicolson,10,7,4,3,13,8,3,7,5,0,0,0,5.0,3.9,1.57,5.5,3.75,1.57,5.3,3.9,1.56,5.5,3.8,1.53,4.8,3.75,1.55,4.8,3.75,1.57,4.8,3.75,1.57,2.38,3.44,2.99,5.5,4.2,1.57,5.21,3.87,1.55,6.6,4.4,1.56,1.83,1.98,2.0,1.81,1.9,1.98,1.82,1.88,1.86,2.1,1.0,1.8,2.0,1.9,1.91,1.8,2.0,1.79,1.93,1.92,1.91,5.25,4.0,1.53,5.5,4.0,1.53,5.3,3.9,1.56,5.75,3.9,1.5,5.0,3.8,1.52,5.0,3.8,1.53,5.0,3.8,1.53,2.48,3.52,2.965,5.75,4.33,1.56,5.38,3.94,1.52,6.8,4.6,1.54,1.83,1.98,2.0199999999999996,1.8,1.9,1.98,1.81,1.89,1.85,2.12,1.0,1.85,1.95,1.89,1.96,1.9,1.95,1.82,1.9,1.9,1.91,2,0,0.09549780279362863,0.17520672261053197,0.23587261622761538,0.5889206611618526,2025.0,11.0,4.0
SC1,2025-11-08,15:00,Dunfermline,St Johnstone,2,2,D,1,1,D,R Hardie,4,12,3,3,8,14,7,8,2,3,0,0,3.5,3.25,2.1,3.6,3.2,2.05,3.7,3.25,1.95,3.5,3.25,2.0,3.5,3.2,1.93,3.5,3.2,1.95,3.5,3.2,1.95,2.38,3.44,2.99,3.85,3.25,2.1,3.56,3.21,1.99,3.7,3.15,2.1,2.15,1.67,2.0,1.81,2.2,1.67,2.14,1.64,2.18,1.68,0.5,1.75,2.05,1.9,1.91,1.81,2.05,1.75,1.98,1.79,2.1,3.6,3.25,2.05,3.6,3.2,2.05,3.7,3.25,1.95,3.5,3.2,2.0,3.4,3.2,1.95,3.4,3.2,1.95,3.4,3.2,1.95,2.48,3.52,2.965,3.85,3.3,2.05,3.55,3.21,1.99,3.9,3.4,2.18,2.15,1.67,2.0199999999999996,1.8,2.2,1.67,2.12,1.64,2.2,1.72,0.5,1.75,2.05,1.89,1.96,1.81,2.05,1.75,1.98,1.84,2.12,4,0,0.09493791896934356,0.25654319896867056,0.2845151988562203,0.4589416021751091,2025.0,11.0,5.0
SC1,2025-11-08,15:00,Morton,Arbroath,1,0,H,1,0,H,P Stuart,9,12,5,6,15,12,3,5,4,2,0,0,2.2,3.3,3.2,2.2,3.1,3.25,2.15,3.3,3.1,2.15,3.13,3.2,2.1,3.1,3.1,2.1,3.1,3.1,2.1,3.1,3.1,2.38,3.44,2.99,2.25,3.3,3.25,2.16,3.15,3.17,2.28,3.1,3.25,2.1,1.7,2.0,1.81,2.1,1.73,2.06,1.69,2.16,1.7,-0.25,1.9,1.9,1.9,1.91,1.9,1.9,1.85,1.86,1.94,1.85,2.3,3.2,3.1,2.25,3.1,3.2,2.15,3.3,3.1,2.25,3.1,3.0,2.2,3.0,2.95,2.25,3.0,2.9,2.25,3.0,2.9,2.48,3.52,2.965,2.3,3.3,3.25,2.23,3.1,3.08,2.32,3.25,3.45,2.25,1.62,2.0199999999999996,1.8,2.25,1.73,2.13,1.65,2.28,1.76,-0.25,2.0,1.8,1.89,1.96,2.0,1.87,1.89,1.82,2.0,1.95,1,1,0.09588069367249163,0.42245744964398585,0.2896851083273046,0.2878574420287096,2025.0,11.0,5.0
SC1,2025-11-08,15:00,Queens Park,Raith Rvs,2,1,H,1,1,D,C Scott,6,12,2,5,9,7,2,11,3,2,0,0,4.0,3.4,1.9,4.0,3.3,1.9,4.2,3.4,1.8,3.9,3.2,1.9,3.7,3.2,1.85,3.7,3.2,1.85,3.7,3.2,1.85,2.38,3.44,2.99,4.2,3.4,1.94,3.94,3.27,1.86,4.6,3.3,1.85,2.2,1.65,2.0,1.81,2.2,1.66,2.16,1.63,2.12,1.61,0.5,1.9,1.9,1.9,1.91,1.96,1.95,1.87,1.84,2.05,1.85,5.0,3.6,1.7,4.5,3.3,1.8,4.1,3.45,1.8,4.8,3.4,1.7,4.1,3.3,1.75,4.0,3.3,1.75,4.0,3.3,1.75,2.48,3.52,2.965,5.0,3.6,1.8,4.4,3.39,1.75,5.2,3.55,1.84,2.2,1.65,2.0199999999999996,1.8,2.2,1.66,2.14,1.63,2.26,1.77,0.75,1.88,1.93,1.89,1.96,1.88,2.02,1.77,1.96,1.84,2.1,3,1,0.09725191275465206,0.2313116100766703,0.278705732018985,0.48998265790434464,2025.0,11.0,5.0
SC1,2025-11-08,15:00,Ross County,Ayr,3,3,D,2,1,H,C Graham,11,12,7,8,15,12,1,8,3,2,0,0,2.3,3.25,3.0,2.3,3.2,3.0,2.35,3.3,2.8,2.3,3.2,2.88,2.25,3.2,2.7,2.3,3.2,2.75,2.3,3.2,2.75,2.38,3.44,2.99,2.36,3.3,3.0,2.31,3.22,2.86,2.34,3.2,3.0,2.0,1.8,2.0,1.81,2.0,1.81,1.93,1.78,2.02,1.8,-0.25,2.0,1.8,1.9,1.91,2.02,1.8,1.98,1.75,2.01,1.8,2.6,3.25,2.6,2.5,3.2,2.75,2.35,3.3,2.8,2.55,3.2,2.55,2.35,3.2,2.6,2.37,3.2,2.6,2.37,3.2,2.6,2.48,3.52,2.965,2.7,3.3,2.8,2.48,3.22,2.63,2.74,3.45,2.76,2.0,1.8,2.0199999999999996,1.8,2.0,1.81,1.94,1.77,2.04,1.89,0.0,1.9,1.9,1.89,1.96,1.9,2.1,1.81,1.93,1.95,1.99,6,0,0.09310978876196252,0.3960264900662252,0.2841059602649007,0.31986754966887426,2025.0,11.0,5.0
SC1,2025-11-15,15:00,Ayr,Arbroath,1,1,D,0,1,A,C Steven,9,7,4,4,19,13,3,3,4,2,0,0,1.65,3.5,4.5,1.67,3.5,4.6,1.68,3.6,4.6,1.67,3.6,4.6,1.66,3.5,4.33,1.67,3.5,4.33,1.67,3.5,4.33,2.38,3.44,2.99,1.73,3.6,5.0,1.68,3.54,4.58,1.77,3.5,4.8,1.95,1.85,2.0,1.81,1.95,1.85,1.91,1.79,1.87,1.81,-0.75,1.9,1.9,1.9,1.91,1.9,1.9,1.87,1.85,2.01,1.82,1.55,3.6,5.25,1.53,3.6,5.5,1.61,3.75,5.0,1.57,3.7,5.25,1.57,3.6,4.8,1.57,3.6,4.8,1.57,3.6,4.8,2.48,3.52,2.965,1.62,3.8,6.0,1.57,3.68,5.19,1.62,4.1,6.6,1.98,1.83,2.0199999999999996,1.8,2.0,1.83,1.91,1.8,2.0,1.89,-1.0,2.03,1.78,1.89,1.96,2.04,1.8,2.02,1.73,2.08,1.82,2,0,0.09606458229802173,0.5430684513043129,0.25772740061899596,0.19920414807669118,2025.0,11.0,5.0
SC1,2025-11-15,15:00,Raith Rvs,Airdrie Utd,0,3,A,0,1,A,L Wilson,8,11,2,8,8,8,13,3,2,0,0,0,1.5,3.7,5.75,1.44,3.75,6.5,1.47,4.0,6.5,1.5,3.8,6.0,1.47,3.9,5.5,1.48,3.9,5.5,1.48,3.9,5.5,2.38,3.44,2.99,1.52,4.0,7.0,1.48,3.85,6.11,1.57,3.95,7.2,1.98,1.83,2.0,1.81,2.05,1.83,1.94,1.77,2.06,1.78,-1.0,1.88,1.93,1.9,1.91,1.88,1.97,1.81,1.92,1.97,1.86,1.48,3.7,6.25,1.44,3.75,6.5,1.47,4.0,6.5,1.45,3.9,6.5,1.47,3.8,5.75,1.48,3.8,5.5,1.48,3.8,5.5,2.48,3.52,2.965,1.52,4.0,6.66,1.47,3.83,6.25,1.53,4.4,7.8,2.03,1.78,2.0199999999999996,1.8,2.05,1.8,1.97,1.76,2.08,1.84,-1.0,1.85,1.95,1.89,1.96,1.85,1.97,1.8,1.91,1.92,1.95,3,-3,0.09908205652886504,0.6147636308517338,0.23632472043131586,0.14891164871695026,2025.0,11.0,5.0
SC1,2025-11-15,15:00,Ross County,Morton,0,3,A,0,1,A,E Anderson,9,4,2,4,7,15,5,4,0,4,0,0,1.8,3.4,3.8,1.83,3.3,4.0,1.83,3.5,3.9,1.8,3.5,4.0,1.82,3.3,3.7,1.83,3.3,3.7,1.83,3.3,3.7,2.38,3.44,2.99,1.84,3.66,4.0,1.82,3.44,3.89,1.85,3.55,4.2,1.95,1.85,2.0,1.81,2.0,1.85,1.92,1.79,1.83,1.85,-0.5,1.85,1.95,1.9,1.91,1.85,1.95,1.8,1.91,1.85,1.97,1.85,3.3,3.7,1.83,3.3,4.0,1.83,3.5,3.9,1.85,3.4,3.8,1.82,3.3,3.7,1.83,3.3,3.7,1.83,3.3,3.7,2.48,3.52,2.965,1.91,3.6,4.0,1.84,3.41,3.78,1.97,3.55,4.3,1.98,1.83,2.0199999999999996,1.8,2.0,1.83,1.93,1.79,2.0,1.91,-0.5,1.9,1.9,1.89,1.96,1.9,1.95,1.82,1.88,1.97,1.98,3,-3,0.09721763260951377,0.5007671524051164,0.26494076086549767,0.2342920867293861,2025.0,11.0,5.0
SC1,2025-11-15,15:00,St Johnstone,Queens Park,4,3,H,3,0,H,A Grieve,12,5,9,4,13,10,3,1,2,3,0,0,1.22,5.25,11.0,1.2,5.5,11.0,1.24,5.6,10.0,1.2,5.75,11.5,1.23,5.25,10.0,1.22,5.25,10.0,1.22,5.25,10.0,2.38,3.44,2.99,1.24,6.0,13.0,1.22,5.51,10.69,1.26,5.8,14.0,1.57,2.35,2.0,1.81,1.62,2.35,1.57,2.26,1.52,2.36,-1.75,1.88,1.93,1.9,1.91,1.88,1.93,1.85,1.86,1.87,1.91,1.18,5.75,12.0,1.18,5.5,12.0,1.22,5.8,10.5,1.17,6.0,15.0,1.19,5.75,11.5,1.18,5.75,11.0,1.18,5.75,11.0,2.48,3.52,2.965,1.22,6.0,15.0,1.19,5.8,12.34,1.24,6.8,17.5,1.62,2.25,2.0199999999999996,1.8,1.62,2.32,1.57,2.25,1.71,2.36,-1.75,1.78,2.03,1.89,1.96,1.8,2.03,1.77,1.95,1.97,1.94,7,1,0.09470570391853839,0.7487602633415494,0.16578720894313798,0.08545252771531248,2025.0,11.0,5.0
SC1,2025-11-22,15:00,Airdrie Utd,Ayr,0,1,A,0,1,A,S Murdoch,10,5,2,1,11,9,3,2,2,1,0,1,4.33,3.3,1.73,4.33,3.4,1.73,4.4,3.4,1.77,4.33,3.5,1.73,3.9,3.4,1.73,3.9,3.5,1.75,3.9,3.5,1.75,2.38,3.44,2.99,4.75,3.66,1.78,4.27,3.46,1.74,3.9,3.4,1.83,1.95,1.85,2.0,1.81,2.02,1.85,1.93,1.78,1.94,1.87,0.75,1.8,2.0,1.9,1.91,1.8,2.0,1.77,1.94,1.82,2.05,4.2,3.3,1.75,4.2,3.3,1.8,4.4,3.4,1.77,4.33,3.4,1.75,4.0,3.4,1.73,4.0,3.4,1.75,4.0,3.4,1.75,2.48,3.52,2.965,4.4,3.66,1.8,4.23,3.41,1.76,4.3,3.65,1.9,1.98,1.83,2.0199999999999996,1.8,2.02,1.83,1.94,1.77,2.02,1.88,0.5,2.0,1.8,1.89,1.96,2.05,1.8,1.98,1.73,2.02,1.9,1,-1,0.09792202218934931,0.2133048001020394,0.263240316888933,0.5234548830090276,2025.0,11.0,5.0
SC1,2025-11-22,15:00,Arbroath,Raith Rvs,0,0,D,0,0,D,C Graham,6,6,4,0,12,10,4,4,1,1,0,0,2.75,3.1,2.35,2.75,3.1,2.4,2.75,3.25,2.38,2.75,3.1,2.45,2.75,3.1,2.25,2.75,3.1,2.3,2.75,3.1,2.3,2.38,3.44,2.99,2.76,3.25,2.54,2.73,3.14,2.41,2.76,3.25,2.64,2.2,1.65,2.0,1.81,2.28,1.65,2.16,1.62,2.26,1.64,0.0,2.03,1.78,1.9,1.91,2.1,1.8,2.0,1.75,1.93,1.87,2.88,3.0,2.3,2.75,3.0,2.5,2.75,3.25,2.38,2.8,3.1,2.4,2.65,3.1,2.35,2.7,3.1,2.37,2.7,3.1,2.37,2.48,3.52,2.965,2.88,3.33,2.55,2.75,3.12,2.4,2.9,3.35,2.66,2.25,1.62,2.0199999999999996,1.8,2.25,1.65,2.15,1.63,2.28,1.76,0.0,2.05,1.75,1.89,1.96,2.1,1.8,2.03,1.72,2.08,1.9,0,0,0.09970946321608354,0.3330883097333058,0.2895958871248168,0.3773158031418775,2025.0,11.0,5.0
SC1,2025-11-22,15:00,Dunfermline,Morton,1,0,H,1,0,H,C Steven,8,6,3,3,7,13,8,7,1,1,0,0,1.9,3.1,3.9,1.91,3.0,4.0,1.92,3.15,4.0,1.91,3.13,4.0,1.9,3.1,3.6,1.91,3.1,3.6,1.91,3.1,3.6,2.38,3.44,2.99,2.0,3.15,4.2,1.92,3.09,3.93,1.71,1.2,1.09,2.38,1.53,2.0,1.81,2.5,1.53,2.39,1.51,1.48,1.54,-0.5,1.95,1.85,1.9,1.91,1.95,1.85,1.89,1.8,1.71,1.67,1.85,3.1,4.1,1.91,3.0,4.0,1.92,3.15,4.0,1.95,3.1,3.9,1.9,3.1,3.7,1.91,3.1,3.7,1.91,3.1,3.7,2.48,3.52,2.965,1.95,3.25,4.5,1.9,3.11,4.0,2.1,3.15,4.3,2.38,1.53,2.0199999999999996,1.8,2.5,1.53,2.39,1.51,2.58,1.62,-0.5,1.9,1.9,1.89,1.96,1.95,1.9,1.88,1.82,2.1,1.84,1,1,0.09891085501124053,0.4739541255400611,0.29449576732586324,0.23155010713407564,2025.0,11.0,5.0
SC1,2025-11-22,15:00,Partick,St Johnstone,2,1,H,2,0,H,D Robertson,9,14,4,3,11,7,6,7,1,0,0,0,2.8,3.2,2.25,2.88,3.1,2.3,2.9,3.2,2.3,3.0,3.13,2.25,2.75,3.25,2.2,2.75,3.25,2.25,2.75,3.25,2.25,2.38,3.44,2.99,3.1,3.25,2.36,2.9,3.17,2.28,2.34,3.4,1.04,2.0,1.8,2.0,1.81,2.05,1.8,1.95,1.76,1.97,1.77,0.25,1.83,1.98,1.9,1.91,1.83,1.98,1.76,1.94,1.75,1.93,2.8,3.2,2.25,2.88,3.1,2.3,2.9,3.2,2.3,2.88,3.2,2.3,2.85,3.1,2.2,2.87,3.1,2.25,2.87,3.1,2.25,2.48,3.52,2.965,3.0,3.2,2.38,2.89,3.15,2.29,3.2,3.3,2.42,2.0,1.8,2.0199999999999996,1.8,2.05,1.8,1.97,1.75,2.08,1.88,0.25,1.78,2.03,1.89,1.96,1.78,2.03,1.75,1.96,1.88,2.09,3,1,0.09888149068417817,0.31379870270833515,0.2870713684082561,0.3991299288834087,2025.0,11.0,5.0
SC1,2025-11-25,19:45,Partick,Dunfermline,1,0,H,1,0,H,C Scott,12,7,4,0,18,12,3,4,2,3,0,0,1.8,3.2,4.33,1.83,3.2,4.0,1.86,3.35,4.0,1.83,3.25,4.1,1.8,3.25,3.9,1.8,3.25,3.9,1.8,3.25,3.9,2.38,3.44,2.99,1.91,3.4,4.4,1.83,3.25,4.08,1.95,3.2,4.7,2.15,1.67,2.0,1.81,2.2,1.67,2.14,1.63,2.24,1.76,-0.5,1.85,1.95,1.9,1.91,1.85,1.95,1.81,1.88,1.93,1.94,1.83,3.2,4.1,1.83,3.2,4.0,1.86,3.35,4.0,1.85,3.25,4.1,1.87,3.1,3.75,1.85,3.2,3.75,1.85,3.2,3.75,2.48,3.52,2.965,1.87,3.35,4.6,1.84,3.23,4.07,1.9,3.45,5.0,2.15,1.67,2.0199999999999996,1.8,2.2,1.7,2.12,1.64,2.22,1.78,-0.5,1.88,1.93,1.89,1.96,1.88,1.93,1.82,1.87,1.9,2.05,1,1,0.09923843433968793,0.4971151575135244,0.2799140733076153,0.22297076917886022,2025.0,11.0,1.0
SC1,2025-12-05,19:45,Morton,Queens Park,2,1,H,1,1,D,P Stuart,15,5,6,1,12,11,6,4,1,1,0,0,1.7,3.4,4.5,1.7,3.4,4.6,1.75,3.35,4.6,1.7,3.5,4.6,1.68,3.4,4.33,1.7,3.4,4.33,1.7,3.4,4.33,2.38,3.44,2.99,1.75,3.6,4.85,1.71,3.44,4.55,1.79,3.6,5.1,2.1,1.7,2.0,1.81,2.14,1.73,2.05,1.69,2.18,1.76,-0.75,1.98,1.83,1.9,1.91,1.98,1.83,1.91,1.78,2.05,1.86,1.7,3.4,4.5,1.73,3.3,4.5,1.75,3.35,4.6,1.73,3.4,4.5,1.68,3.4,4.33,1.7,3.4,4.33,1.65,3.3,4.2,2.48,3.52,2.965,1.75,3.5,4.85,1.72,3.39,4.49,1.82,3.75,5.0,2.1,1.7,2.0199999999999996,1.8,2.14,1.73,2.04,1.69,2.12,1.84,-0.75,2.0,1.8,1.89,1.96,2.0,1.8,1.94,1.76,2.09,1.87,3,1,0.09527321583625126,0.5339264333154812,0.2654111049329863,0.20066246175153252,2025.0,12.0,4.0
SC1,2025-12-06,15:00,Ayr,Partick,0,0,D,0,0,D,E Anderson,6,12,2,5,11,7,8,8,1,2,0,0,2.35,3.25,2.75,2.4,3.0,2.8,2.45,3.2,2.75,2.4,3.2,2.75,2.37,3.0,2.65,2.4,3.1,2.7,2.4,3.1,2.7,2.38,3.44,2.99,2.5,3.25,2.8,2.42,3.12,2.75,2.42,2.84,2.76,2.08,1.73,2.0,1.81,2.1,1.73,2.05,1.69,1.97,1.64,0.0,1.75,2.05,1.9,1.91,1.8,2.05,1.76,1.98,1.9,2.02,2.35,3.25,2.75,2.4,3.0,2.8,2.45,3.2,2.75,2.45,3.13,2.75,2.37,3.0,2.65,2.4,3.1,2.7,2.4,3.1,2.7,2.48,3.52,2.965,2.5,3.25,2.8,2.43,3.11,2.74,2.58,3.25,3.1,2.08,1.73,2.0199999999999996,1.8,2.1,1.73,2.04,1.7,2.14,1.78,0.0,1.78,2.03,1.89,1.96,1.8,2.03,1.77,1.97,1.82,2.15,0,0,0.09737232464505174,0.37655691802645563,0.2920729941102636,0.3313700878632809,2025.0,12.0,5.0
SC1,2025-12-06,15:00,Dunfermline,Arbroath,1,2,A,0,0,D,D Dickinson,9,15,3,8,11,14,4,3,3,2,0,0,1.9,3.2,4.0,1.95,3.1,3.75,2.05,3.2,3.45,1.9,3.2,3.9,1.93,3.2,3.5,1.95,3.2,3.5,1.95,3.2,3.5,2.38,3.44,2.99,2.05,3.25,4.0,1.95,3.18,3.72,1.96,3.0,4.5,2.2,1.65,2.0,1.81,2.2,1.67,2.15,1.63,2.12,1.63,-0.5,1.93,1.88,1.9,1.91,2.0,1.88,1.93,1.77,1.96,1.85,1.85,3.2,4.2,1.9,3.1,4.0,2.0,3.15,3.6,1.87,3.25,4.0,1.9,3.2,3.5,1.91,3.2,3.5,1.91,3.2,3.5,2.48,3.52,2.965,2.0,3.25,4.2,1.91,3.18,3.86,1.98,3.35,4.5,2.2,1.65,2.0199999999999996,1.8,2.2,1.65,2.16,1.62,2.3,1.72,-0.5,1.9,1.9,1.89,1.96,1.95,1.9,1.89,1.8,1.98,1.94,3,-1,0.09610312592661963,0.4678579056026198,0.28689399871858756,0.24524809567879258,2025.0,12.0,5.0
SC1,2025-12-06,15:00,Ross County,Airdrie Utd,1,2,A,0,0,D,C Scott,15,12,5,6,11,9,12,2,2,2,0,0,1.6,3.7,5.0,1.6,3.6,5.0,1.6,3.7,5.1,1.6,3.7,5.0,1.6,3.7,4.5,1.61,3.7,4.5,1.61,3.7,4.5,2.38,3.44,2.99,1.62,3.9,5.33,1.6,3.7,4.92,1.63,3.65,5.2,1.75,2.05,2.0,1.81,1.86,2.05,1.78,1.92,1.72,2.02,-0.75,1.78,2.03,1.9,1.91,1.78,2.03,1.74,1.97,1.76,1.87,1.65,3.6,4.75,1.62,3.6,4.6,1.6,3.7,5.1,1.62,3.7,4.8,1.63,3.6,4.33,1.65,3.6,4.33,1.65,3.6,4.33,2.48,3.52,2.965,1.67,4.0,5.1,1.63,3.71,4.65,1.71,4.0,5.1,1.8,2.0,2.0199999999999996,1.8,1.86,2.0,1.8,1.9,1.82,2.14,-0.75,1.85,1.95,1.89,1.96,1.85,1.97,1.77,1.93,1.92,1.98,3,-1,0.09852230279059526,0.5689461182647833,0.24603075384423054,0.1850231278909864,2025.0,12.0,5.0
SC1,2025-12-06,15:00,St Johnstone,Raith Rvs,0,0,D,0,0,D,L Wilson,18,4,7,1,5,14,8,1,0,5,0,0,1.6,3.6,5.25,1.6,3.5,5.0,1.71,3.45,4.75,1.6,3.6,5.25,1.58,3.6,4.8,1.6,3.6,4.8,1.6,3.6,4.8,2.38,3.44,2.99,1.71,3.8,5.33,1.62,3.6,5.01,1.54,3.6,4.7,2.05,1.75,2.0,1.81,2.06,1.8,1.98,1.74,1.35,1.63,-0.75,1.78,2.03,1.9,1.91,1.87,2.03,1.81,1.9,1.67,1.9,1.55,3.6,5.5,1.53,3.6,5.5,1.66,3.55,5.0,1.53,3.7,5.75,1.57,3.6,4.8,1.57,3.6,4.8,1.57,3.6,4.8,2.48,3.52,2.965,1.66,3.8,6.2,1.58,3.62,5.29,1.64,4.1,6.2,2.08,1.73,2.0199999999999996,1.8,2.08,1.75,2.02,1.71,2.1,1.83,-1.0,2.0,1.8,1.89,1.96,2.12,1.8,2.04,1.71,2.16,1.8,0,0,0.09466252679825526,0.5639034273172379,0.25375654229275707,0.18234003039000507,2025.0,12.0,5.0
SC1,2025-12-12,19:45,Ayr,St Johnstone,2,4,A,2,0,H,C Steven,5,16,3,8,7,13,2,7,1,4,0,0,3.25,3.4,1.95,3.3,3.25,2.0,3.15,3.3,2.16,3.3,3.4,2.0,3.1,3.4,2.0,3.1,3.4,2.0,3.1,3.4,2.0,2.38,3.44,2.99,3.4,3.6,2.16,3.23,3.36,2.03,3.55,3.55,2.12,1.83,1.98,2.0,1.81,2.0,1.98,1.82,1.87,1.9,2.04,0.25,2.03,1.78,1.9,1.91,2.05,1.83,1.94,1.78,2.09,1.85,3.6,3.3,1.9,3.75,3.2,1.9,3.5,3.35,1.98,3.9,3.3,1.87,3.5,3.25,1.88,3.5,3.3,1.91,3.5,3.3,1.91,2.48,3.52,2.965,3.9,3.5,1.98,3.65,3.31,1.91,4.1,3.55,2.02,2.08,1.73,2.0199999999999996,1.8,2.08,1.81,1.98,1.74,2.12,1.84,0.5,1.85,1.95,1.89,1.96,1.9,1.95,1.8,1.9,1.92,2.02,6,-2,0.09982740827728565,0.28149646107178966,0.27060522894698824,0.44789830998122204,2025.0,12.0,4.0
SC1,2025-12-13,15:00,Arbroath,Partick,2,1,H,0,0,D,R Lee,14,9,4,4,11,12,3,7,2,2,1,0,3.3,3.2,2.05,3.3,3.1,2.1,3.5,3.25,1.98,3.3,3.3,2.05,3.2,3.25,2.0,3.2,3.25,2.0,3.2,3.25,2.0,2.38,3.44,2.99,3.5,3.4,2.12,3.29,3.25,2.04,3.5,3.2,2.16,2.05,1.75,2.0,1.81,2.1,1.78,1.99,1.73,2.0,1.64,0.25,1.98,1.83,1.9,1.91,1.98,1.83,1.95,1.74,2.01,1.87,3.1,3.1,2.15,3.3,3.1,2.1,3.35,3.25,2.05,3.13,3.25,2.15,3.1,3.2,2.05,3.1,3.25,2.05,3.1,3.25,2.05,2.48,3.52,2.965,3.35,3.4,2.2,3.18,3.22,2.1,3.3,3.35,2.36,2.05,1.75,2.0199999999999996,1.8,2.05,1.78,1.98,1.74,2.14,1.83,0.25,1.88,1.93,1.89,1.96,1.93,1.93,1.89,1.8,1.89,2.06,3,1,0.10183975390483524,0.2758580516848977,0.27925322770563493,0.4448887206094674,2025.0,12.0,5.0
SC1,2025-12-13,15:00,Morton,Airdrie Utd,0,1,A,0,0,D,C Graham,16,10,4,3,13,7,7,4,3,3,0,0,1.95,3.1,3.6,1.95,3.1,3.75,1.88,3.35,3.9,2.0,3.13,3.6,1.9,3.2,3.5,1.91,3.2,3.5,1.91,3.2,3.5,2.38,3.44,2.99,2.1,3.35,3.9,1.96,3.19,3.61,2.12,3.1,3.65,2.15,1.67,2.0,1.81,2.2,1.68,2.12,1.64,2.2,1.67,-0.5,2.0,1.8,1.9,1.91,2.05,1.85,1.92,1.77,2.12,1.8,1.9,3.1,3.75,1.95,3.2,3.6,1.93,3.3,3.75,1.9,3.25,3.8,1.9,3.2,3.5,1.91,3.2,3.5,1.91,3.2,3.5,2.48,3.52,2.965,1.95,3.4,4.0,1.91,3.22,3.73,2.0,3.4,4.5,2.15,1.67,2.0199999999999996,1.8,2.2,1.67,2.1,1.65,2.28,1.71,-0.5,1.95,1.85,1.89,1.96,1.95,1.85,1.88,1.81,2.0,1.95,1,-1,0.10069201570641195,0.46353028308759897,0.28480230559614234,0.25166741131625875,2025.0,12.0,5.0
SC1,2025-12-13,15:00,Queens Park,Dunfermline,1,1,D,1,0,H,I Snedden,5,10,3,3,15,17,1,8,2,4,0,0,4.2,3.3,1.73,4.2,3.25,1.8,4.3,3.3,1.82,4.2,3.3,1.8,4.0,3.4,1.73,4.0,3.4,1.75,4.0,3.4,1.75,2.38,3.44,2.99,4.4,3.5,1.82,4.19,3.34,1.77,4.6,3.35,1.83,2.1,1.7,2.0,1.81,2.25,1.7,2.11,1.66,2.1,1.74,0.5,2.0,1.8,1.9,1.91,2.0,1.8,1.93,1.76,2.02,1.83,3.75,3.3,1.83,4.2,3.3,1.8,4.3,3.5,1.77,3.9,3.4,1.83,3.7,3.4,1.8,3.7,3.4,1.8,3.7,3.4,1.8,2.48,3.52,2.965,4.3,3.6,1.89,3.91,3.43,1.81,4.3,3.6,1.96,1.9,1.9,2.0199999999999996,1.8,2.0,1.9,1.9,1.8,1.96,1.93,0.5,1.93,1.88,1.89,1.96,1.97,1.91,1.9,1.8,1.96,1.96,2,0,0.10303643350409342,0.21636953888158927,0.2714336430879818,0.5121968180304288,2025.0,12.0,5.0
SC1,2025-12-13,15:00,Raith Rvs,Ross County,6,0,H,3,0,H,M MacDermid,14,12,8,2,15,9,4,2,0,2,0,0,1.9,3.5,3.5,1.95,3.2,3.6,2.1,3.1,3.45,1.93,3.4,3.6,1.95,3.25,3.3,1.95,3.25,3.3,1.95,3.25,3.3,2.38,3.44,2.99,2.1,3.5,3.6,1.97,3.27,3.48,2.04,3.55,3.75,1.98,1.83,2.0,1.81,2.15,1.83,2.0,1.73,1.98,1.84,-0.5,1.95,1.85,1.9,1.91,2.02,1.85,1.94,1.75,2.04,1.86,2.0,3.3,3.4,2.0,3.1,3.5,2.1,3.1,3.45,1.95,3.3,3.6,1.95,3.25,3.3,1.95,3.25,3.3,1.95,3.25,3.3,2.48,3.52,2.965,2.1,3.3,3.66,2.0,3.2,3.47,2.1,3.5,3.95,2.08,1.73,2.0199999999999996,1.8,2.15,1.73,2.07,1.67,2.18,1.77,-0.5,2.0,1.8,1.89,1.96,2.02,1.8,1.98,1.74,2.1,1.89,6,6,0.10078093259056686,0.46114008534228085,0.2778122226679796,0.2610476919897394,2025.0,12.0,5.0
SC1,2025-12-20,15:00,Airdrie Utd,Queens Park,0,3,A,0,1,A,G Irvine,10,7,2,5,8,8,3,3,1,1,0,0,1.8,3.25,3.9,1.9,3.25,3.75,1.94,3.2,3.75,1.83,3.3,4.0,1.83,3.25,3.7,1.85,3.3,3.7,1.85,3.3,3.7,2.38,3.44,2.99,1.94,3.5,4.0,1.87,3.28,3.8,1.97,3.45,4.2,1.95,1.85,2.0,1.81,2.0,1.85,1.93,1.78,1.96,1.93,-0.5,1.85,1.95,1.9,1.91,1.9,1.95,1.85,1.84,1.97,2.0,1.85,3.2,3.6,1.91,3.25,3.6,1.94,3.2,3.75,1.87,3.4,3.75,1.87,3.2,3.6,1.85,3.25,3.6,1.85,3.25,3.6,2.48,3.52,2.965,1.95,3.5,3.8,1.89,3.29,3.68,2.02,3.6,4.0,1.95,1.85,2.0199999999999996,1.8,2.0,1.85,1.93,1.78,1.97,2.0,-0.5,1.93,1.88,1.89,1.96,1.93,1.88,1.88,1.82,2.02,1.92,3,-3,0.10279530180609986,0.4849126192439969,0.27645932865435197,0.23862805210165114,2025.0,12.0,5.0
SC1,2025-12-20,15:00,Dunfermline,Ayr,2,3,A,0,3,A,C Scott,15,7,7,6,10,10,4,5,2,1,0,0,2.45,3.1,2.63,2.5,2.88,2.75,2.7,2.95,2.63,2.5,3.1,2.7,2.5,3.0,2.55,2.5,3.0,2.6,2.5,3.0,2.6,2.38,3.44,2.99,2.7,3.1,2.9,2.52,3.0,2.69,2.58,3.05,2.88,2.2,1.65,2.0,1.81,2.33,1.65,2.23,1.58,2.28,1.65,0.0,1.8,2.0,1.9,1.91,1.83,2.0,1.79,1.93,1.79,2.02,2.45,3.0,2.7,2.5,2.88,2.75,2.7,2.95,2.63,2.5,3.1,2.7,2.4,3.0,2.65,2.4,3.0,2.7,2.4,3.0,2.7,2.48,3.52,2.965,2.7,3.1,2.85,2.51,3.0,2.71,2.72,3.2,2.94,2.25,1.62,2.0199999999999996,1.8,2.33,1.62,2.24,1.58,2.34,1.68,0.0,1.8,2.0,1.89,1.96,1.83,2.0,1.8,1.92,1.9,2.06,5,-1,0.10190594205464087,0.36012637892256616,0.30250615829495553,0.33736746278247837,2025.0,12.0,5.0
SC1,2025-12-20,15:00,Partick,Raith Rvs,0,0,D,0,0,D,R Hardie,10,9,2,3,9,15,4,0,3,5,0,1,1.85,3.1,3.75,1.9,3.2,3.75,1.9,3.35,3.85,1.91,3.25,3.8,1.88,3.2,3.6,1.91,3.2,3.6,1.91,3.2,3.6,2.38,3.44,2.99,1.96,3.35,3.9,1.9,3.22,3.75,2.04,3.35,4.1,2.2,1.65,2.0,1.81,2.2,1.71,2.08,1.66,2.24,1.64,-0.5,1.95,1.85,1.9,1.91,1.95,1.85,1.88,1.81,2.04,1.89,1.85,3.1,3.75,1.9,3.1,4.0,1.92,3.25,3.85,1.95,3.2,3.7,1.88,3.2,3.6,1.91,3.2,3.6,1.91,3.2,3.6,2.48,3.52,2.965,1.96,3.3,4.0,1.92,3.2,3.76,2.04,3.4,4.2,2.15,1.67,2.0199999999999996,1.8,2.2,1.67,2.12,1.64,2.3,1.72,-0.5,1.98,1.83,1.89,1.96,1.98,1.83,1.9,1.8,2.04,1.9,0,0,0.10354146235153094,0.4769334070621692,0.28142033335966504,0.24164625957816574,2025.0,12.0,5.0
SC1,2025-12-20,15:00,Ross County,Arbroath,0,2,A,0,1,A,D Nicolson,13,8,5,4,8,10,5,4,1,2,0,0,2.05,3.4,3.1,2.0,3.3,3.25,2.18,3.35,3.05,2.1,3.3,3.13,2.0,3.3,3.1,2.0,3.4,3.1,2.0,3.4,3.1,2.38,3.44,2.99,2.18,3.4,3.3,2.08,3.33,3.12,2.2,3.4,3.35,1.83,1.98,2.0,1.81,1.85,1.98,1.8,1.9,1.9,1.96,-0.25,1.83,1.98,1.9,1.91,1.85,1.98,1.82,1.87,1.9,2.0,2.1,3.2,3.1,2.1,3.2,3.2,2.18,3.35,3.05,2.15,3.25,3.13,2.05,3.25,2.95,2.1,3.3,3.0,2.1,3.3,3.0,2.48,3.52,2.965,2.18,3.5,3.2,2.12,3.31,3.08,2.26,3.55,3.4,2.0,1.8,2.0199999999999996,1.8,2.0,1.86,1.89,1.81,1.99,1.98,-0.25,1.88,1.93,1.89,1.96,1.88,1.93,1.84,1.86,1.95,1.98,2,-2,0.10158235158235152,0.436435124508519,0.272608125819135,0.29095674967234597,2025.0,12.0,5.0
SC1,2025-12-20,15:00,St Johnstone,Morton,5,0,H,3,0,H,C Steven,10,2,7,0,17,12,2,1,1,3,0,0,1.36,4.1,7.0,1.36,4.2,7.5,1.41,4.25,7.0,1.36,4.4,7.5,1.37,4.5,6.25,1.36,4.4,6.0,1.36,4.4,6.0,2.38,3.44,2.99,1.41,4.75,7.5,1.37,4.36,6.93,1.36,4.9,9.2,1.73,2.08,2.0,1.81,1.8,2.08,1.72,2.0,1.74,2.1,-1.25,1.9,1.9,1.9,1.91,1.9,1.9,1.86,1.85,1.89,1.96,1.36,4.1,7.0,1.33,4.33,8.0,1.41,4.25,7.0,1.36,4.4,7.5,1.36,4.5,6.5,1.36,4.5,6.5,1.36,4.5,6.5,2.48,3.52,2.965,1.41,4.75,8.1,1.36,4.4,7.24,1.41,5.0,9.6,1.73,2.08,2.0199999999999996,1.8,1.75,2.08,1.71,2.01,1.84,2.14,-1.25,1.88,1.93,1.89,1.96,1.88,1.93,1.85,1.86,1.88,2.0,5,5,0.10358494976455201,0.6614144270950766,0.2078297626422603,0.13075581026266306,2025.0,12.0,5.0
SC1,2025-12-27,15:00,Arbroath,Airdrie Utd,1,1,D,0,0,D,A Grieve,7,5,2,2,3,4,6,2,0,5,0,0,1.73,3.3,4.33,1.8,3.3,4.2,1.78,3.4,4.35,1.8,3.4,4.1,1.77,3.3,4.0,1.75,3.3,4.0,1.75,3.3,4.0,2.38,3.44,2.99,1.8,3.5,4.35,1.78,3.35,4.16,1.82,3.05,3.35,2.0,1.8,2.0,1.81,2.0,1.8,1.94,1.76,,,-0.5,1.8,2.0,1.9,1.91,1.8,2.0,1.76,1.93,,,1.75,3.25,4.2,1.8,3.3,4.2,1.78,3.4,4.35,1.8,3.4,4.1,1.77,3.3,4.0,1.75,3.3,4.0,1.75,3.3,4.0,2.48,3.52,2.965,1.83,3.6,4.5,1.77,3.36,4.2,1.85,3.7,4.8,2.0,1.8,2.0199999999999996,1.8,2.0,1.8,1.93,1.77,2.04,1.9,-0.5,1.83,1.98,1.89,1.96,1.83,2.05,1.75,1.95,1.84,2.13,2,0,0.10068983088017136,0.510405145071382,0.27120034573942087,0.2183945091891971,2025.0,12.0,5.0
SC1,2025-12-27,15:00,Morton,Ayr,1,1,D,0,1,A,R Hardie,10,16,3,4,12,16,5,6,2,1,0,0,2.9,3.1,2.3,3.0,3.0,2.3,3.2,3.1,2.2,2.9,3.2,2.3,2.85,3.1,2.2,2.87,3.1,2.25,2.87,3.1,2.25,2.38,3.44,2.99,3.2,3.2,2.42,2.95,3.09,2.28,3.15,3.3,2.38,2.15,1.67,2.0,1.81,2.2,1.67,2.15,1.62,,,0.25,1.78,2.03,1.9,1.91,1.83,2.05,1.77,1.94,,,2.8,3.1,2.3,2.88,3.0,2.38,3.2,3.1,2.2,2.9,3.1,2.3,2.8,3.1,2.25,2.8,3.1,2.3,2.8,3.1,2.3,2.48,3.52,2.965,3.2,3.14,2.44,2.92,3.07,2.32,3.2,3.25,2.54,2.15,1.67,2.0199999999999996,1.8,2.2,1.67,2.15,1.62,2.28,1.7,0.25,1.75,2.05,1.89,1.96,1.83,2.05,1.77,1.95,1.82,2.14,2,0,0.10120413754478363,0.3078294380579113,0.29388247322680855,0.39828808871528004,2025.0,12.0,5.0
SC1,2025-12-27,15:00,Queens Park,Partick,2,2,D,1,2,A,L Wilson,8,7,4,2,3,6,5,2,1,0,0,0,5.5,3.6,1.53,5.5,3.75,1.53,6.0,3.85,1.52,5.5,3.8,1.53,5.0,3.75,1.53,5.0,3.75,1.53,5.0,3.75,1.53,2.38,3.44,2.99,6.0,4.0,1.55,5.51,3.79,1.52,2.5,3.4,1.56,1.9,1.9,2.0,1.81,1.9,1.9,1.84,1.85,,,1.0,1.83,1.98,1.9,1.91,1.85,1.98,1.83,1.88,,,4.5,3.5,1.67,4.6,3.6,1.62,5.3,3.7,1.58,4.75,3.6,1.65,4.5,3.6,1.61,4.6,3.5,1.61,4.5,3.6,1.61,2.48,3.52,2.965,5.3,3.8,1.67,4.81,3.61,1.63,5.2,3.95,1.77,1.9,1.9,2.0199999999999996,1.8,1.9,1.91,1.85,1.84,1.94,1.99,0.75,1.93,1.88,1.89,1.96,1.98,1.88,1.93,1.77,1.96,2.01,4,0,0.1032351828529563,0.16450545276979003,0.2391622809397211,0.5963322662904889,2025.0,12.0,5.0
SC1,2025-12-27,15:00,Raith Rvs,Dunfermline,1,2,A,0,2,A,D McFarlane,8,7,4,2,9,9,4,5,2,3,0,0,1.95,3.2,3.6,2.05,3.0,3.5,2.14,3.0,3.5,2.05,3.1,3.5,2.0,3.1,3.3,2.05,3.1,3.3,2.05,3.1,3.3,2.38,3.44,2.99,2.14,3.2,3.6,2.06,3.07,3.46,2.06,2.98,3.6,2.25,1.62,2.0,1.81,2.4,1.62,2.25,1.57,,,-0.25,1.75,2.05,1.9,1.91,1.78,2.05,1.75,1.94,,,2.0,3.1,3.4,2.05,3.0,3.5,2.14,3.0,3.5,2.05,3.13,3.5,2.0,3.1,3.25,2.05,3.1,3.25,2.05,3.1,3.25,2.48,3.52,2.965,2.14,3.25,3.5,2.07,3.09,3.41,2.18,3.35,3.95,2.2,1.65,2.0199999999999996,1.8,2.4,1.65,2.24,1.57,2.36,1.72,-0.25,1.8,2.0,1.89,1.96,1.8,2.0,1.77,1.93,1.85,2.12,3,-1,0.10018713326714734,0.4412312037883193,0.29607044944753674,0.2626983467641439,2025.0,12.0,5.0
SC1,2025-12-27,15:00,Ross County,St Johnstone,0,0,D,0,0,D,S Murdoch,5,13,1,3,12,11,3,8,6,4,0,0,4.2,3.7,1.65,4.5,3.5,1.67,4.5,3.6,1.71,4.6,3.7,1.65,4.2,3.5,1.68,4.2,3.5,1.7,4.2,3.5,1.7,2.38,3.44,2.99,4.75,3.8,1.71,4.44,3.6,1.67,3.8,2.88,1.64,1.85,1.95,2.0,1.81,1.85,1.95,1.82,1.86,,,0.75,1.9,1.9,1.9,1.91,1.9,1.9,1.85,1.85,,,4.0,3.7,1.67,4.5,3.6,1.67,4.5,3.6,1.7,4.5,3.7,1.67,4.2,3.7,1.65,4.2,3.7,1.65,4.2,3.7,1.65,2.48,3.52,2.965,4.6,4.0,1.7,4.41,3.72,1.66,5.3,4.2,1.7,1.8,2.0,2.0199999999999996,1.8,1.8,2.05,1.74,1.97,1.75,2.28,0.75,1.88,1.93,1.89,1.96,1.9,1.93,1.85,1.84,2.0,1.93,0,0,0.10180539821258394,0.20441470480231747,0.2521114692561916,0.5434738259414909,2025.0,12.0,5.0
