ï»¿Div,Date,Time,HomeTeam,AwayTeam,FTHG,FTAG,FTR,HTHG,HTAG,HTR,Referee,HS,AS,HST,AST,HF,AF,HC,AC,HY,AY,HR,AR,B365H,B365D,B365A,BFDH,BFDD,BFDA,BVH,BVD,BVA,BWH,BWD,BWA,CLH,CLD,CLA,LBH,LBD,LBA,PSH,PSD,PSA,MaxH,MaxD,MaxA,AvgH,AvgD,AvgA,BFEH,BFED,BFEA,B365>2.5,B365<2.5,P>2.5,P<2.5,Max>2.5,Max<2.5,Avg>2.5,Avg<2.5,BFE>2.5,BFE<2.5,AHh,B365AHH,B365AHA,PAHH,PAHA,MaxAHH,MaxAHA,AvgAHH,AvgAHA,BFEAHH,BFEAHA,B365CH,B365CD,B365CA,BFDCH,BFDCD,BFDCA,BMGMCH,BMGMCD,BMGMCA,BVCH,BVCD,BVCA,BWCH,BWCD,BWCA,CLCH,CLCD,CLCA,LBCH,LBCD,LBCA,PSCH,PSCD,PSCA,MaxCH,MaxCD,MaxCA,AvgCH,AvgCD,AvgCA,BFECH,BFECD,BFECA,B365C>2.5,B365C<2.5,PC>2.5,PC<2.5,MaxC>2.5,MaxC<2.5,AvgC>2.5,AvgC<2.5,BFEC>2.5,BFEC<2.5,AHCh,B365CAHH,B365CAHA,PCAHH,PCAHA,MaxCAHH,MaxCAHA,AvgCAHH,AvgCAHA,BFECAHH,BFECAHA,TotalGoals,GoalDifference,Overround,prob_home_market,prob_draw_market,prob_away_market,Year,Month,DayOfWeek,is_extreme_favorite_home,is_extreme_favorite_away,is_mismatch,is_high_scoring_match,is_very_high_scoring,draw_prob_category,has_extreme_draw_odds,has_extreme_home_odds,has_extreme_away_odds,home_team_strength_category,away_team_strength_category
SC2,2025-08-02,15:00,Cove Rangers,Queen of Sth,0,2,A,0,1,A,J Kennedy,7,14,3,8,18,15,5,3,5,2,0,0,2.25,3.4,2.88,2.3,3.25,2.88,2.25,3.3,2.88,2.2,3.25,2.75,2.2,3.25,2.75,2.2,3.25,2.75,2.35,3.32,2.85,2.35,3.4,2.9,2.24,3.28,2.82,2.48,3.2,2.92,1.9,1.9,1.97,1.84,1.97,1.91,1.85,1.84,1.95,1.87,-0.25,2.0,1.8,2.05,1.79,2.05,1.8,1.95,1.74,2.14,1.81,2.55,3.3,2.45,2.6,3.2,2.5,2.6,3.25,2.4,2.5,3.3,2.55,2.3,3.2,2.65,2.5,3.2,2.45,2.5,3.2,2.45,2.47,3.35,2.67,2.65,3.4,2.65,2.52,3.22,2.46,2.78,3.45,2.66,1.9,1.9,1.91,1.89,1.93,1.9,1.86,1.82,1.96,1.99,0.0,1.98,1.83,1.84,1.99,1.98,1.83,1.89,1.79,2.0,1.9,2,-2,0.1059165492870735,0.40367292786816555,0.27567907269045455,0.3206479994413798,2025.0,8.0,5.0,0,0,0,0,0,medium,0,0,0,medium,strong
SC2,2025-08-02,15:00,Hamilton,Montrose,2,0,H,1,0,H,S Murdoch,10,12,5,2,6,10,2,2,1,0,0,0,1.95,3.4,3.6,1.95,3.5,3.4,1.95,3.5,3.4,1.9,3.4,3.25,1.91,3.4,3.25,1.91,3.4,3.25,2.34,3.5,2.85,2.0,3.6,3.6,1.93,3.43,3.35,1.04,1.09,1.09,1.72,2.05,1.87,1.93,1.74,2.05,1.71,1.99,1.24,1.26,-0.5,1.98,1.83,1.93,1.88,1.98,1.83,1.91,1.76,1.04,1.01,1.85,3.5,3.7,1.95,3.5,3.4,,,,1.91,3.5,3.5,1.93,3.4,3.2,1.95,3.4,3.2,1.95,3.4,3.2,2.02,3.45,3.4,1.97,3.6,3.7,1.92,3.42,3.39,1.94,3.9,3.7,1.7,2.1,1.75,2.01,1.7,2.15,1.65,2.07,1.75,2.28,-0.5,1.93,1.88,2.03,1.8,1.95,1.88,1.89,1.76,1.93,1.94,2,2,0.10818736721684719,0.46755154439918784,0.2630829389768024,0.26936551662400965,2025.0,8.0,5.0,0,0,0,0,0,medium,0,0,0,strong,medium
SC2,2025-08-02,15:00,Kelty Hearts,Inverness C,0,3,A,0,2,A,G Calder,5,14,2,8,10,12,1,6,1,2,0,0,4.33,3.7,1.7,4.6,3.5,1.7,4.5,3.6,1.67,4.2,3.4,1.68,4.2,3.5,1.7,4.2,3.5,1.7,4.63,3.6,1.69,4.63,3.7,1.73,4.37,3.53,1.69,4.6,3.8,1.8,1.9,1.9,1.96,1.83,1.96,1.9,1.88,1.81,1.94,1.86,0.75,1.85,1.95,1.89,1.91,1.89,1.95,1.8,1.88,1.85,2.02,4.75,3.75,1.62,4.6,3.6,1.67,4.6,3.55,1.65,4.5,3.7,1.67,4.33,3.5,1.66,4.33,3.5,1.67,4.4,3.5,1.65,4.35,3.58,1.76,4.8,3.75,1.69,4.52,3.55,1.65,5.6,4.1,1.69,1.98,1.83,1.93,1.87,1.98,1.83,1.9,1.79,2.0,1.96,0.75,2.0,1.8,1.83,2.0,2.0,1.91,1.84,1.84,2.07,1.87,3,-3,0.10383504725661119,0.20730719912708365,0.25663809070406673,0.5360547101688494,2025.0,8.0,5.0,0,0,0,0,0,medium,0,0,0,medium,strong
SC2,2025-08-02,15:00,Peterhead,East Fife,4,1,H,3,1,H,P Stuart,7,9,4,1,13,12,8,2,3,3,0,0,2.2,3.5,2.88,2.2,3.3,3.0,2.2,3.4,2.9,2.15,3.4,2.75,2.15,3.4,2.8,2.15,3.4,2.8,2.34,3.5,2.85,2.25,3.55,3.0,2.18,3.39,2.84,1.04,1.03,1.04,1.83,1.98,1.87,1.93,1.83,1.98,1.77,1.92,1.27,1.26,-0.25,1.95,1.85,1.93,1.88,1.95,1.85,1.88,1.78,1.05,1.01,2.1,3.5,3.0,2.15,3.3,3.1,,,,2.15,3.4,3.0,2.05,3.3,2.95,2.1,3.3,3.0,2.1,3.3,3.0,2.4,3.26,2.82,2.15,3.5,3.15,2.1,3.33,3.0,2.16,3.55,3.35,1.83,1.98,1.86,1.94,1.85,1.98,1.79,1.9,1.9,2.04,-0.25,1.85,1.95,2.07,1.74,1.85,1.95,1.81,1.84,1.87,2.0,5,3,0.10581352312407644,0.41482183635658576,0.2667585850316687,0.31841957861174547,2025.0,8.0,5.0,0,0,0,0,0,medium,0,0,0,medium,strong
SC2,2025-08-02,15:00,Stenhousemuir,Alloa,1,2,A,1,1,D,D Graves,9,11,6,6,9,8,3,6,2,1,0,0,2.5,3.4,2.5,2.6,3.25,2.5,2.5,3.3,2.55,2.4,3.3,2.45,2.45,3.3,2.45,2.45,3.3,2.45,2.34,3.5,2.85,2.6,3.45,2.7,2.44,3.3,2.53,1.04,1.03,1.04,1.85,1.95,1.87,1.93,1.85,1.95,1.79,1.89,1.83,1.91,0.0,1.9,1.9,1.93,1.88,1.97,1.9,1.92,1.76,2.18,1.64,3.0,3.5,2.15,3.0,3.3,2.2,2.75,3.55,2.15,2.8,3.4,2.25,2.65,3.25,2.25,2.7,3.25,2.25,2.7,3.25,2.25,2.83,3.68,2.21,3.0,3.55,2.26,2.82,3.35,2.18,3.2,3.45,2.26,1.85,1.95,1.87,1.93,1.85,1.95,1.8,1.89,1.93,2.0,0.25,1.9,1.9,1.86,1.96,1.9,1.94,1.79,1.89,1.95,1.99,3,-1,0.10812328560012086,0.36984699347042205,0.2734626254750999,0.3566903810544782,2025.0,8.0,5.0,0,0,0,0,0,medium,0,0,0,medium,strong
SC2,2025-08-09,15:00,East Fife,Alloa,0,1,A,0,0,D,A Grieve,11,3,4,2,17,15,12,2,2,6,0,0,3.0,3.4,2.2,3.0,3.3,2.2,3.0,3.3,2.2,2.9,3.3,2.1,2.9,3.3,2.1,2.9,3.3,2.1,2.83,3.5,2.28,3.0,3.45,2.22,2.93,3.31,2.16,2.76,3.45,2.18,1.85,1.95,1.88,1.92,1.85,1.95,1.81,1.86,1.87,1.79,0.25,1.85,1.95,1.82,2.0,1.85,1.95,1.79,1.86,1.83,1.97,2.63,3.4,2.4,2.75,3.3,2.38,2.75,3.4,2.2,2.75,3.5,2.25,2.6,3.3,2.3,2.87,3.3,2.15,2.75,3.3,2.2,2.89,3.59,2.27,2.87,3.5,2.4,2.7,3.33,2.27,2.82,3.8,2.56,1.83,1.98,1.87,1.96,1.85,1.98,1.8,1.88,1.86,2.0,0.0,2.0,1.8,2.15,1.69,2.1,1.8,2.0,1.69,2.07,1.87,1,-1,0.10637469491598539,0.30848222568355294,0.27306734781051667,0.41845042650593056,2025.0,8.0,5.0,0,0,0,0,0,medium,0,0,0,medium,strong
SC2,2025-08-09,15:00,Inverness C,Peterhead,2,0,H,1,0,H,I Snedden,13,5,8,0,20,7,6,2,3,1,0,0,1.67,3.6,4.5,1.62,3.6,5.0,1.65,3.6,4.75,1.63,3.6,4.33,1.65,3.6,4.33,1.65,3.6,4.33,1.71,4.03,4.04,1.69,3.85,5.0,1.65,3.62,4.49,1.71,4.0,4.9,1.95,1.85,1.96,1.84,1.95,1.85,1.89,1.79,1.95,1.85,-0.75,1.9,1.9,1.93,1.89,1.9,1.9,1.82,1.83,1.91,1.9,1.57,3.75,5.0,1.62,3.75,5.0,1.62,3.65,4.6,1.57,3.75,5.25,1.57,3.75,4.6,1.57,3.75,4.6,1.57,3.75,4.6,1.63,3.84,5.07,1.62,3.9,5.25,1.59,3.68,4.77,1.64,4.2,6.0,1.9,1.9,1.91,1.91,1.9,1.9,1.84,1.83,1.95,1.94,-0.75,1.75,2.05,1.82,2.03,1.88,2.05,1.78,1.9,1.8,2.18,2,2,0.1050208492037481,0.5484607883166358,0.24998903334874287,0.2015501783346212,2025.0,8.0,5.0,0,0,0,0,0,medium,0,0,0,strong,medium
SC2,2025-08-09,15:00,Montrose,Kelty Hearts,1,2,A,1,1,D,S Luke,14,4,3,3,10,11,4,2,3,3,0,1,1.95,3.4,3.6,2.0,3.25,3.6,1.95,3.3,3.6,1.93,3.3,3.3,1.95,3.3,3.3,1.95,3.3,3.3,1.96,3.37,3.68,2.0,3.45,3.65,1.94,3.31,3.46,1.96,3.4,3.85,1.98,1.83,2.01,1.8,1.98,1.83,1.92,1.76,2.0,1.8,-0.5,1.98,1.83,1.97,1.85,1.98,1.83,1.91,1.76,1.96,1.84,1.73,3.6,4.33,1.73,3.5,4.33,1.68,3.5,4.3,1.8,3.5,4.0,1.75,3.4,3.9,1.91,3.4,3.5,1.8,3.4,3.7,1.89,3.5,3.99,1.91,3.6,4.4,1.74,3.44,4.07,1.78,3.9,5.0,1.93,1.88,2.01,1.83,1.95,1.88,1.91,1.78,2.0,1.94,-0.75,1.95,1.85,2.15,1.69,2.01,1.85,1.93,1.76,1.98,1.92,3,-1,0.10659606219161333,0.46581036670679726,0.273012722480721,0.2611769108124817,2025.0,8.0,5.0,0,0,0,0,0,medium,0,0,0,strong,medium
SC2,2025-08-09,15:00,Queen of Sth,Hamilton,1,4,A,0,2,A,G Soutar,5,20,4,12,9,16,3,4,1,2,0,0,2.15,3.5,2.9,2.2,3.25,3.1,2.15,3.3,3.1,2.15,3.25,2.8,2.2,3.25,2.8,2.2,3.25,2.8,2.41,3.19,2.85,2.23,3.5,3.1,2.16,3.29,2.95,2.2,3.3,3.2,1.95,1.85,1.96,1.85,1.95,1.85,1.87,1.8,1.82,1.86,-0.25,1.9,1.9,2.09,1.76,1.9,1.9,1.84,1.81,1.9,1.88,2.05,3.5,3.1,2.15,3.25,3.2,2.12,3.15,3.1,2.1,3.3,3.2,2.05,3.25,3.1,2.05,3.3,3.1,2.05,3.3,3.1,2.16,3.28,3.36,2.15,3.5,3.25,2.09,3.22,3.12,2.16,3.5,3.55,1.93,1.88,1.96,1.88,1.93,1.88,1.88,1.81,1.99,1.96,-0.25,1.83,1.98,1.88,1.98,1.88,1.98,1.81,1.86,1.86,2.05,5,-3,0.10589738159157558,0.41863103274254976,0.27484590599510866,0.3065230612623415,2025.0,8.0,5.0,0,0,0,0,0,medium,0,0,0,medium,strong
SC2,2025-08-09,15:00,Stenhousemuir,Cove Rangers,1,0,H,1,0,H,G Grainger,6,6,4,2,18,21,4,4,1,4,0,0,3.0,3.4,2.1,3.1,3.3,2.15,3.0,3.4,2.15,2.87,3.3,2.1,2.87,3.3,2.1,2.87,3.3,2.1,3.21,3.42,2.11,3.1,3.45,2.19,2.96,3.33,2.12,3.0,3.35,2.4,1.85,1.95,1.88,1.93,1.85,1.95,1.79,1.89,1.87,1.93,0.25,1.9,1.9,1.97,1.85,1.9,1.9,1.82,1.83,1.84,2.04,2.6,3.3,2.4,2.63,3.25,2.5,2.6,3.3,2.4,2.55,3.3,2.5,2.6,3.25,2.3,2.5,3.25,2.45,2.5,3.3,2.45,2.54,3.46,2.61,2.7,3.45,2.5,2.58,3.25,2.4,2.88,3.6,2.5,1.88,1.93,1.9,1.93,1.88,1.93,1.82,1.86,1.93,2.02,0.0,2.03,1.78,1.9,1.95,2.03,1.8,1.92,1.77,2.1,1.84,1,1,0.1098362513456852,0.30440331844288454,0.27058072750478623,0.4250159540523293,2025.0,8.0,5.0,0,0,0,0,0,medium,0,0,0,medium,strong
SC2,2025-08-16,15:00,Cove Rangers,Montrose,3,3,D,2,1,H,D Nicolson,15,5,6,5,16,13,6,2,4,1,0,1,1.91,3.4,3.7,1.91,3.3,3.75,1.93,3.3,3.7,1.88,3.3,3.4,1.91,3.3,3.4,1.91,3.3,3.4,1.96,3.42,3.62,1.96,3.45,3.75,1.91,3.29,3.52,1.09,1.03,1.04,1.98,1.83,2.01,1.81,1.98,1.83,1.93,1.76,1.86,1.69,-0.5,1.95,1.85,1.97,1.85,1.96,1.85,1.9,1.78,1.09,1.01,2.05,3.3,3.4,2.05,3.25,3.4,1.91,3.3,3.5,2.05,3.3,3.3,2.0,3.25,3.2,2.0,3.25,3.2,2.0,3.25,3.2,2.08,3.43,3.41,2.08,3.4,3.5,1.99,3.25,3.32,2.18,3.5,3.6,1.95,1.85,1.89,1.94,1.97,1.85,1.91,1.78,1.93,1.94,-0.25,1.8,2.0,1.82,2.05,1.8,2.08,1.72,1.98,1.87,2.05,6,0,0.111602486296148,0.4709958963555244,0.273435307610654,0.2555687960338215,2025.0,8.0,5.0,0,0,0,0,0,medium,0,0,0,strong,medium
SC2,2025-08-16,15:00,Hamilton,East Fife,1,2,A,1,0,H,C Scott,13,10,6,7,10,15,7,7,1,2,0,0,1.57,3.9,5.0,1.57,3.75,5.5,1.55,3.9,5.25,1.55,3.8,4.75,1.57,3.8,4.8,1.57,3.8,4.8,1.6,4.01,4.9,1.62,4.0,5.5,1.58,3.78,4.76,1.57,4.1,4.9,1.8,2.0,1.8,2.01,1.8,2.0,1.75,1.94,1.79,2.0,-0.75,1.73,2.08,1.75,2.06,1.83,2.08,1.75,1.94,1.73,2.12,1.57,3.9,5.0,1.53,4.0,5.5,1.47,3.85,5.8,1.55,3.9,5.25,1.52,3.9,5.0,1.53,3.9,4.8,1.53,3.9,4.8,1.62,4.06,5.01,1.57,4.1,5.8,1.52,3.84,5.2,1.62,4.3,6.2,1.8,2.0,1.82,2.02,1.8,2.0,1.76,1.93,1.9,2.06,-1.0,1.98,1.83,2.08,1.79,1.98,1.84,1.9,1.78,2.03,1.88,3,-1,0.10754569056877306,0.5714539795464652,0.23886171631836378,0.1896843041351712,2025.0,8.0,5.0,0,0,0,0,0,medium,0,0,0,strong,medium
SC2,2025-08-16,15:00,Inverness C,Stenhousemuir,1,2,A,1,1,D,G Duncan,19,4,8,3,12,12,9,1,2,3,0,0,1.67,3.5,4.75,1.7,3.4,5.0,1.65,3.5,5.0,1.66,3.4,4.4,1.67,3.4,4.33,1.67,3.4,4.33,1.62,3.36,4.06,1.71,3.65,5.0,1.66,3.43,4.61,1.61,3.4,4.7,2.1,1.7,1.98,1.65,2.1,1.7,2.06,1.67,1.97,1.68,-0.75,1.9,1.9,1.8,1.84,1.91,1.9,1.86,1.81,1.8,1.92,1.4,4.2,7.0,1.4,4.0,8.0,1.38,4.3,6.5,1.45,3.75,6.5,1.43,4.1,6.0,1.44,4.0,6.0,1.44,4.0,6.0,1.52,3.86,4.7,1.45,4.3,8.0,1.4,4.07,6.58,1.49,4.4,8.4,1.98,1.83,1.95,1.75,1.98,1.83,1.9,1.78,1.97,1.87,-1.25,1.98,1.83,2.1,1.62,2.0,1.83,1.95,1.73,2.05,1.76,3,-1,0.11087456775490234,0.5422841210342025,0.26244654254133415,0.19526933642446337,2025.0,8.0,5.0,0,0,0,0,0,medium,0,0,0,strong,medium
SC2,2025-08-16,15:00,Queen of Sth,Peterhead,4,0,H,1,0,H,S Murdoch,24,8,10,2,8,6,9,9,3,3,0,0,2.05,3.3,3.25,2.05,3.3,3.3,2.05,3.3,3.3,1.95,3.25,3.25,1.95,3.3,3.25,1.95,3.3,3.25,2.08,3.61,3.13,2.1,3.5,3.3,2.02,3.33,3.16,1.09,3.4,2.82,1.98,1.83,1.97,1.83,1.98,1.83,1.9,1.78,1.83,1.71,-0.25,1.8,2.0,1.83,1.99,1.82,2.0,1.78,1.9,1.35,1.82,1.9,3.4,3.6,1.9,3.4,3.75,1.9,3.55,3.3,1.95,3.5,3.4,1.88,3.4,3.4,1.91,3.4,3.4,1.91,3.4,3.4,1.94,3.67,3.59,1.95,3.55,3.75,1.89,3.41,3.44,1.88,3.8,4.5,1.93,1.88,1.97,1.87,1.93,1.88,1.88,1.8,2.0,1.94,-0.5,1.95,1.85,1.95,1.89,1.95,1.85,1.89,1.79,1.88,2.09,4,4,0.11180550145332702,0.44526628470841123,0.27010147000330054,0.2846322452882882,2025.0,8.0,5.0,0,0,0,0,0,medium,0,0,0,medium,medium
SC2,2025-08-23,15:00,Alloa,Hamilton,1,0,H,0,0,D,G Calder,7,8,5,2,5,5,3,3,0,1,0,0,2.5,3.4,2.35,2.63,3.2,2.5,2.7,3.1,2.5,2.6,3.2,2.35,2.62,3.2,2.37,2.62,3.2,2.37,2.63,3.2,2.6,2.75,3.4,2.6,2.63,3.15,2.42,2.64,2.9,2.64,2.08,1.73,2.12,1.69,2.1,1.73,2.05,1.67,1.95,1.71,0.0,1.95,1.85,1.92,1.9,2.02,1.85,1.94,1.76,1.92,1.88,3.0,3.75,1.95,3.3,3.4,2.05,2.9,3.6,2.05,3.3,3.3,2.05,3.1,3.3,1.98,3.0,3.2,2.1,3.25,3.25,2.0,2.76,3.31,2.5,3.3,3.75,2.1,3.06,3.39,2.03,3.7,3.65,2.14,1.83,1.98,1.96,1.87,2.07,1.98,1.91,1.78,1.98,1.93,0.25,1.98,1.83,1.71,2.16,1.98,1.85,1.88,1.79,2.12,1.84,1,1,0.11091159483831459,0.34226678220733564,0.2857655991127913,0.371967618679873,2025.0,8.0,5.0,0,0,0,0,0,medium,0,0,0,medium,strong
SC2,2025-08-23,15:00,East Fife,Kelty Hearts,2,1,H,1,1,D,D Nicolson,18,7,6,1,15,11,8,5,3,1,1,0,1.75,3.5,3.8,1.8,3.4,4.2,1.8,3.4,4.1,1.78,3.4,3.8,1.8,3.4,3.8,1.8,3.4,3.8,1.78,3.55,3.82,1.82,3.65,4.2,1.78,3.43,3.86,1.79,3.45,4.3,1.98,1.83,1.94,1.8,1.98,1.83,1.91,1.78,1.93,1.8,-0.5,1.8,2.0,1.78,1.98,1.81,2.0,1.77,1.91,1.79,2.05,1.7,3.6,4.1,1.7,3.5,4.6,1.76,3.55,3.85,1.7,3.5,4.5,1.7,3.4,4.2,1.7,3.4,4.2,1.7,3.4,4.2,1.77,3.76,4.25,1.77,3.7,4.6,1.71,3.48,4.14,1.81,3.8,5.0,1.95,1.85,1.97,1.87,1.95,1.85,1.91,1.78,1.96,1.92,-0.75,1.95,1.85,2.01,1.85,2.07,1.85,1.96,1.73,2.05,1.87,3,1,0.11241029982631545,0.5050274641440341,0.26208422337503806,0.23288831248092767,2025.0,8.0,5.0,0,0,0,0,0,medium,0,0,0,strong,medium
SC2,2025-08-23,15:00,Montrose,Inverness C,0,2,A,0,2,A,G Irvine,4,13,1,7,10,10,3,3,1,0,0,0,3.4,3.6,1.83,3.75,3.4,1.9,3.75,3.4,1.87,3.6,3.25,1.87,3.6,3.25,1.85,3.6,3.25,1.85,3.61,3.47,1.85,3.75,3.6,1.93,3.59,3.33,1.87,3.65,3.55,1.96,1.9,1.9,1.82,1.93,2.02,1.9,1.9,1.79,1.87,1.88,0.5,1.9,1.9,1.9,1.85,1.9,1.93,1.81,1.87,2.0,1.96,3.75,3.7,1.73,4.33,3.5,1.73,3.75,3.65,1.76,4.4,3.6,1.7,3.9,3.4,1.75,3.7,3.4,1.83,3.9,3.4,1.75,3.74,3.68,1.9,4.4,3.7,1.83,3.91,3.52,1.75,5.0,4.0,1.78,1.85,1.95,1.86,1.98,1.86,1.95,1.81,1.87,1.87,2.04,0.5,2.05,1.75,1.94,1.91,2.05,1.81,1.94,1.74,2.23,1.78,2,-2,0.11361119062249658,0.2501335604195203,0.26966350807990325,0.4802029315005763,2025.0,8.0,5.0,0,0,0,0,0,medium,0,0,0,medium,strong
SC2,2025-08-23,15:00,Peterhead,Cove Rangers,3,1,H,2,0,H,D Graves,10,6,8,4,11,13,3,5,2,3,0,1,2.45,3.3,2.4,2.63,3.2,2.5,2.63,3.2,2.5,2.5,3.2,2.45,2.5,3.2,2.45,2.5,3.2,2.45,2.63,3.11,2.66,2.8,3.3,2.6,2.61,3.1,2.45,2.64,3.25,2.62,2.0,1.8,2.02,1.79,2.0,1.8,1.94,1.75,1.99,1.81,0.0,1.93,1.88,1.9,1.92,2.04,1.88,1.93,1.76,1.92,1.89,2.35,3.5,2.45,2.5,3.3,2.63,2.63,3.0,2.55,2.4,3.4,2.6,2.4,3.25,2.5,2.4,3.25,2.5,2.4,3.25,2.5,2.52,3.32,2.73,2.63,3.5,2.65,2.45,3.21,2.54,2.62,3.6,2.78,1.75,2.05,1.87,1.97,1.81,2.05,1.75,1.94,1.85,2.1,0.0,1.83,1.98,1.85,2.01,1.9,1.98,1.82,1.87,1.9,2.02,4,2,0.11388567291952012,0.34396866012997895,0.28959942030298225,0.36643191956703874,2025.0,8.0,5.0,0,0,0,0,0,medium,0,0,0,medium,strong
SC2,2025-08-23,15:00,Stenhousemuir,Queen of Sth,0,0,D,0,0,D,D McFarlane,12,9,4,1,13,16,5,1,4,2,0,0,2.7,3.4,2.25,2.8,3.25,2.38,2.88,3.3,2.25,2.7,3.2,2.25,2.75,3.2,2.25,2.75,3.2,2.25,2.94,3.35,2.28,2.9,3.4,2.38,2.75,3.2,2.29,3.0,3.1,2.28,1.9,1.9,1.9,1.9,2.0,1.9,1.9,1.79,1.89,1.9,0.25,1.8,2.0,1.83,1.99,1.8,2.1,1.7,2.0,1.83,1.98,2.88,3.5,2.1,3.2,3.3,2.1,2.8,3.45,2.16,3.13,3.3,2.1,2.85,3.2,2.15,2.87,3.2,2.2,2.87,3.2,2.2,2.82,3.38,2.42,3.2,3.5,2.2,2.93,3.3,2.13,3.45,3.6,2.2,1.95,1.85,1.93,1.91,2.0,1.85,1.92,1.77,1.94,1.94,0.25,1.93,1.88,1.75,2.07,1.93,1.93,1.82,1.86,2.03,1.91,0,0,0.11281758634378725,0.32677086352589685,0.2808187108425676,0.39241042563153555,2025.0,8.0,5.0,0,0,0,0,0,medium,0,0,0,medium,strong
SC2,2025-08-30,15:00,Inverness C,Alloa,1,0,H,0,0,D,S Murdoch,14,7,6,2,10,11,9,5,2,1,0,0,1.57,4.0,4.5,1.57,4.0,5.0,1.57,4.0,4.8,1.57,4.0,4.33,1.57,4.0,4.33,1.57,4.0,4.33,1.56,4.12,4.52,1.61,4.2,5.0,1.57,3.97,4.48,1.58,4.1,5.1,1.53,2.38,1.53,2.3,1.55,2.4,1.52,2.33,1.65,2.38,-1.0,1.98,1.83,1.93,1.83,2.07,1.83,1.98,1.73,1.93,1.82,1.38,4.5,6.25,1.36,4.5,7.0,1.38,4.5,6.0,1.36,4.6,7.0,1.37,4.6,6.0,1.36,4.5,6.0,1.36,4.5,6.0,1.47,4.54,5.56,1.43,4.7,7.0,1.37,4.45,6.17,1.45,5.1,7.4,1.57,2.35,1.54,2.38,1.57,2.38,1.54,2.28,1.65,2.44,-1.25,1.83,1.98,2.01,1.82,1.95,1.98,1.87,1.81,1.88,1.92,1,1,0.11204612963926452,0.5727664151538865,0.22650964024977377,0.20072394459633966,2025.0,8.0,5.0,0,0,0,0,0,medium,0,0,0,strong,medium
SC2,2025-08-30,15:00,Montrose,Peterhead,2,1,H,2,1,H,G Grainger,6,11,3,3,16,11,6,6,4,0,0,0,2.38,3.3,2.7,2.4,3.25,2.75,2.38,3.3,2.7,2.3,3.3,2.6,2.3,3.3,2.62,2.3,3.3,2.62,2.41,3.5,2.65,2.41,3.45,2.75,2.33,3.31,2.64,2.4,3.5,2.8,1.83,1.98,1.83,1.97,1.83,1.98,1.78,1.9,1.81,1.99,0.0,1.78,2.03,1.82,2.01,1.78,2.03,1.74,1.95,1.79,2.04,2.15,3.4,3.0,2.25,3.3,2.88,2.15,3.4,2.85,2.2,3.25,3.0,2.2,3.3,2.7,2.25,3.3,2.7,2.25,3.3,2.7,2.38,3.51,2.68,2.29,3.5,3.0,2.18,3.32,2.84,2.24,3.65,3.3,1.8,2.0,1.83,1.98,1.8,2.0,1.77,1.91,1.89,2.06,-0.25,1.93,1.88,2.08,1.74,1.97,1.88,1.89,1.79,1.96,1.96,3,1,0.11008723176947965,0.38662236360659946,0.272154110937576,0.3412235254558245,2025.0,8.0,5.0,0,0,0,0,0,medium,0,0,0,medium,strong
SC2,2025-08-30,15:00,Queen of Sth,Kelty Hearts,2,1,H,1,0,H,G Hanvidge,17,7,9,2,12,13,3,3,2,2,0,0,1.55,3.7,5.25,1.53,4.0,5.5,1.53,4.0,5.25,1.52,3.9,5.0,1.53,3.9,4.8,1.53,3.9,4.8,1.55,3.91,5.4,1.56,4.0,5.5,1.52,3.84,5.15,1.56,3.7,5.1,1.75,2.05,1.77,2.0,1.77,2.1,1.72,1.98,1.65,2.04,-1.0,1.95,1.85,1.98,1.83,2.0,1.85,1.92,1.77,1.97,1.82,1.44,4.1,6.0,1.44,4.33,6.0,1.44,4.1,6.0,1.45,4.33,5.75,1.46,4.2,5.25,1.48,4.2,5.25,1.5,4.0,4.8,1.54,4.15,5.35,1.5,4.4,6.0,1.45,4.13,5.54,1.52,4.8,6.8,1.57,2.35,1.63,2.24,1.61,2.35,1.57,2.22,1.66,2.38,-1.0,1.73,2.08,1.92,1.9,1.81,2.08,1.76,1.93,1.79,2.1,3,1,0.11248616079032536,0.5913734121193273,0.2340853089639004,0.17454127891677232,2025.0,8.0,5.0,0,0,0,0,0,medium,0,0,0,strong,medium
SC2,2025-08-30,15:00,Stenhousemuir,East Fife,1,1,D,0,0,D,G Soutar,8,8,4,6,11,20,4,4,4,3,0,1,2.45,3.3,2.55,2.5,3.3,2.63,2.5,3.3,2.55,2.35,3.3,2.5,2.37,3.3,2.5,2.37,3.3,2.5,2.43,3.51,2.62,2.5,3.5,2.65,2.42,3.32,2.51,2.44,3.35,2.74,1.83,1.98,1.82,1.99,1.83,1.98,1.76,1.92,1.8,2.0,0.0,1.85,1.95,1.84,1.98,1.89,1.95,1.82,1.86,1.8,1.99,2.38,3.4,2.6,2.5,3.3,2.63,2.48,3.4,2.43,2.4,3.4,2.6,2.3,3.3,2.6,2.3,3.3,2.62,2.3,3.3,2.62,2.46,3.52,2.58,2.5,3.5,2.7,2.38,3.33,2.56,2.5,3.6,2.88,1.8,2.0,1.78,2.0,1.8,2.0,1.75,1.95,1.84,2.12,0.0,1.83,1.98,1.87,1.95,1.89,1.98,1.8,1.88,1.83,2.12,2,0,0.11283433427496825,0.37132493828480784,0.27066456344856477,0.35801049826662745,2025.0,8.0,5.0,0,0,0,0,0,medium,0,0,0,medium,strong
SC2,2025-08-30,17:30,Hamilton,Cove Rangers,0,0,D,0,0,D,C Scott,7,7,2,3,9,13,7,1,0,1,0,0,1.85,3.5,3.6,1.91,3.4,3.75,1.87,3.5,3.7,1.85,3.3,3.6,1.85,3.3,3.6,1.85,3.3,3.6,1.93,3.49,3.62,1.92,3.55,3.75,1.86,3.38,3.58,1.81,3.15,3.3,1.83,1.98,1.86,1.94,1.83,1.98,1.78,1.9,1.71,1.84,-0.5,1.9,1.9,1.94,1.87,1.92,1.9,1.87,1.81,1.84,1.87,1.75,3.6,3.8,1.83,3.5,3.75,1.87,3.4,3.55,1.8,3.6,3.8,1.82,3.4,3.6,1.83,3.4,3.6,1.83,3.4,3.6,1.88,3.64,3.87,1.89,3.6,3.8,1.82,3.43,3.63,1.84,3.75,4.6,1.75,2.05,1.83,2.01,1.82,2.05,1.76,1.93,1.81,2.1,-0.5,1.8,2.0,1.89,1.96,1.92,2.0,1.84,1.84,1.84,2.12,0,0,0.11282200570637846,0.4831270462349277,0.26586281242513776,0.2510101413399345,2025.0,8.0,5.0,0,0,0,0,0,medium,0,0,0,strong,medium
SC2,2025-09-13,15:00,Alloa,Montrose,0,1,A,0,0,D,S Luke,10,8,4,3,6,17,7,6,0,4,0,0,2.3,3.25,2.88,2.3,3.2,2.88,2.3,3.2,2.88,2.25,3.1,2.85,2.25,3.1,2.87,2.25,3.1,2.87,2.33,3.52,2.75,2.35,3.35,2.9,2.28,3.19,2.83,2.18,3.15,2.5,1.98,1.83,1.97,1.83,1.98,1.83,1.92,1.77,1.83,1.71,-0.25,2.03,1.78,2.05,1.79,2.03,1.78,1.95,1.71,1.9,1.76,2.2,3.3,2.9,2.15,3.3,3.1,2.08,3.25,3.1,2.15,3.25,3.1,2.1,3.2,3.0,2.1,3.2,3.0,2.1,3.2,3.0,2.18,3.79,2.93,2.25,3.5,3.1,2.12,3.27,3.0,2.28,3.75,3.15,1.9,1.9,1.88,1.95,1.91,1.9,1.87,1.82,1.89,2.0,-0.25,1.98,1.83,1.93,1.92,1.98,1.88,1.85,1.81,1.99,1.96,1,-1,0.10543300551188572,0.39676442538005474,0.2835808432183463,0.31965473140159884,2025.0,9.0,5.0,0,0,0,0,0,medium,0,0,0,medium,strong
SC2,2025-09-13,15:00,East Fife,Queen of Sth,2,1,H,1,1,D,J Hay,10,3,3,2,14,15,4,1,4,4,0,0,2.45,3.25,2.7,2.4,3.2,2.75,2.4,3.4,2.63,2.3,3.25,2.6,2.3,3.25,2.6,2.3,3.25,2.6,2.4,3.44,2.7,2.45,3.4,2.75,2.35,3.29,2.65,2.26,3.1,2.46,1.83,1.98,1.88,1.93,1.83,1.98,1.8,1.88,1.75,1.79,0.0,1.78,2.03,1.8,2.03,1.78,2.03,1.73,1.94,1.67,1.79,2.5,3.5,2.45,2.5,3.4,2.5,,,,2.5,3.5,2.45,2.4,3.4,2.4,2.45,3.4,2.4,2.45,3.4,2.4,2.61,3.62,2.47,2.55,3.55,2.5,2.48,3.43,2.42,2.78,3.7,2.52,1.62,2.25,1.74,2.1,1.71,2.25,1.64,2.1,1.75,2.18,0.0,1.93,1.88,1.98,1.88,1.93,1.88,1.86,1.81,2.11,1.87,3,1,0.10684177324080979,0.3844559585492228,0.27461139896373055,0.34093264248704663,2025.0,9.0,5.0,0,0,0,0,0,medium,0,0,0,medium,strong
SC2,2025-09-13,15:00,Kelty Hearts,Stenhousemuir,0,1,A,0,1,A,P Stuart,3,16,2,11,12,18,4,10,2,3,0,0,3.25,3.6,1.95,3.6,3.3,1.95,3.6,3.3,1.95,3.25,3.25,1.95,3.3,3.25,1.95,3.3,3.25,1.95,3.51,3.44,1.99,3.6,3.6,2.01,3.41,3.32,1.94,4.0,3.65,2.0,1.98,1.83,1.97,1.83,1.98,1.83,1.91,1.78,1.96,1.83,0.5,1.8,2.0,1.83,2.0,1.8,2.0,1.75,1.93,1.98,2.0,3.1,3.6,2.0,3.3,3.3,2.05,3.2,3.45,1.97,3.25,3.3,2.05,3.1,3.2,2.05,3.1,3.2,2.05,3.1,3.2,2.05,3.4,3.52,2.05,3.45,3.6,2.2,3.21,3.32,2.02,3.75,3.7,2.08,1.98,1.83,1.98,1.85,1.98,1.86,1.89,1.8,2.0,1.91,0.5,1.73,2.08,1.81,2.06,1.77,2.15,1.69,2.01,1.87,2.08,1,-1,0.10992386876769089,0.26421193400444676,0.27137430570938664,0.4644137602861668,2025.0,9.0,5.0,0,0,0,0,0,medium,0,0,0,medium,strong
SC2,2025-09-13,15:00,Peterhead,Hamilton,2,2,D,1,1,D,E Anderson,13,10,5,4,12,13,7,8,3,4,0,0,2.7,3.2,2.5,2.75,3.25,2.4,2.63,3.25,2.45,2.6,3.25,2.3,2.6,3.25,2.37,2.6,3.25,2.37,2.55,3.68,2.41,2.75,3.5,2.5,2.62,3.28,2.39,2.42,3.5,2.2,1.8,2.0,1.84,1.96,1.81,2.0,1.77,1.92,1.7,1.83,0.0,1.98,1.83,1.97,1.85,2.0,1.83,1.93,1.75,1.82,1.71,2.88,3.2,2.3,2.88,3.3,2.25,,,,2.9,3.4,2.2,2.7,3.25,2.2,2.75,3.25,2.25,2.75,3.25,2.25,3.08,3.78,2.11,3.0,3.5,2.32,2.8,3.32,2.23,2.86,3.75,2.38,1.75,2.05,1.84,2.0,1.81,2.1,1.76,1.93,1.85,2.06,0.25,1.8,2.0,1.99,1.87,1.8,2.0,1.74,1.92,1.84,2.08,4,0,0.10496747993446909,0.345421377772686,0.27591585663549917,0.3786627655918148,2025.0,9.0,5.0,0,0,0,0,0,medium,0,0,0,medium,strong
SC2,2025-09-13,17:30,Cove Rangers,Inverness C,0,1,A,0,0,D,A Grieve,9,9,2,3,14,10,4,6,4,2,0,0,6.5,3.8,1.5,7.0,3.75,1.44,6.5,3.6,1.5,5.75,3.75,1.47,5.75,3.75,1.48,5.75,3.75,1.48,6.9,3.94,1.47,7.0,3.95,1.51,6.2,3.73,1.48,6.8,3.65,1.51,2.05,1.75,2.05,1.74,2.05,1.75,1.99,1.72,2.04,1.77,1.0,1.9,1.9,1.95,1.87,1.9,1.9,1.86,1.81,1.85,1.79,4.5,3.5,1.73,4.5,3.4,1.73,4.6,3.75,1.6,4.5,3.5,1.7,4.1,3.3,1.73,4.0,3.3,1.75,4.0,3.3,1.75,4.51,3.38,1.78,4.6,3.75,1.75,4.41,3.46,1.69,5.6,3.9,1.73,1.98,1.83,1.97,1.83,1.98,1.83,1.92,1.77,1.96,1.96,0.5,2.0,1.8,2.05,1.79,2.04,1.8,1.98,1.71,2.31,1.72,1,-1,0.10506251300162917,0.14595583569524936,0.24260755531113837,0.6114366089936122,2025.0,9.0,5.0,0,0,0,0,0,medium,0,0,0,medium,strong
SC2,2025-09-20,15:00,Alloa,Cove Rangers,2,1,H,2,0,H,G Grainger,10,6,5,2,11,12,3,4,1,2,0,0,2.15,3.4,3.1,2.15,3.25,3.2,2.15,3.25,3.13,2.1,3.25,2.9,2.15,3.25,2.9,2.15,3.25,2.9,2.24,3.31,3.03,2.2,3.4,3.2,2.14,3.25,3.01,2.22,3.35,3.35,1.85,1.95,1.86,1.94,1.91,1.95,1.84,1.84,1.84,1.94,-0.25,1.9,1.9,1.95,1.86,1.9,1.9,1.82,1.81,1.93,1.98,2.1,3.4,3.1,2.1,3.3,3.25,2.1,3.25,3.0,2.1,3.3,3.13,2.05,3.25,3.1,2.05,3.25,3.1,2.05,3.25,3.1,2.15,3.37,3.17,2.1,3.4,3.25,2.07,3.26,3.1,2.18,3.45,3.75,1.9,1.9,1.87,1.93,1.9,1.9,1.82,1.86,1.9,1.99,-0.25,1.83,1.98,1.88,1.94,1.83,1.98,1.76,1.88,1.86,2.12,3,1,0.1072079409397384,0.42204332388508514,0.27789929634279453,0.3000573797721203,2025.0,9.0,5.0,0,0,0,0,0,medium,0,0,0,medium,medium
SC2,2025-09-20,15:00,East Fife,Montrose,1,1,D,1,1,D,S Murdoch,17,7,4,4,15,14,5,2,2,2,0,0,2.1,3.3,3.0,1.95,3.4,3.5,1.87,3.4,3.7,2.05,3.25,3.1,2.05,3.3,3.1,2.05,3.3,3.1,2.13,3.38,3.19,2.1,3.4,3.7,2.01,3.3,3.23,1.97,3.05,2.88,1.9,1.9,1.92,1.88,1.9,1.91,1.83,1.85,1.78,1.75,-0.5,2.1,1.7,2.12,1.71,2.1,1.82,1.95,1.71,1.97,1.6,1.95,3.5,3.5,2.05,3.3,3.3,2.07,3.35,3.05,2.0,3.4,3.3,1.98,3.3,3.2,2.0,3.3,3.2,2.0,3.3,3.2,2.07,3.44,3.29,2.08,3.5,3.5,2.01,3.33,3.22,2.06,3.55,3.7,1.85,1.95,1.83,1.97,1.85,1.95,1.81,1.87,1.87,2.02,-0.5,2.0,1.8,2.06,1.75,2.05,1.8,1.96,1.71,2.06,1.86,2,0,0.1101402640610627,0.4481527730477668,0.2729657799472761,0.27888144700495704,2025.0,9.0,5.0,0,0,0,0,0,medium,0,0,0,medium,medium
SC2,2025-09-20,15:00,Kelty Hearts,Hamilton,0,4,A,0,3,A,G Soutar,7,13,3,5,9,10,0,10,2,1,1,0,4.5,3.75,1.65,5.0,3.75,1.6,4.6,3.9,1.62,4.33,3.7,1.61,4.33,3.7,1.61,4.33,3.7,1.61,4.59,3.86,1.66,5.0,3.9,1.65,4.45,3.73,1.62,1.09,1.09,1.44,1.7,2.1,1.71,2.1,1.73,2.1,1.69,2.02,1.24,2.26,0.75,1.95,1.85,1.97,1.85,1.95,1.85,1.86,1.77,1.65,1.56,5.25,4.0,1.53,5.5,4.0,1.53,5.4,4.25,1.45,5.25,4.0,1.53,4.75,3.8,1.55,4.6,3.8,1.55,4.6,3.8,1.55,4.36,3.76,1.71,5.5,4.25,1.64,5.08,3.96,1.52,5.8,4.5,1.56,1.7,2.1,1.73,2.07,1.7,2.18,1.64,2.1,1.74,2.28,1.0,1.9,1.9,1.63,2.26,1.9,1.91,1.82,1.84,1.99,1.91,4,-4,0.11009956648618768,0.20243148264159921,0.24150672862067465,0.5560617887377262,2025.0,9.0,5.0,0,0,0,0,0,medium,0,0,0,medium,strong
SC2,2025-09-20,15:00,Queen of Sth,Inverness C,0,2,A,0,1,A,C Graham,8,23,1,16,10,15,1,7,2,5,0,0,3.9,3.3,1.85,4.0,3.25,1.9,3.9,3.3,1.87,3.6,3.2,1.87,3.7,3.2,1.85,3.7,3.2,1.85,3.86,3.43,1.87,4.0,3.3,1.9,3.77,3.24,1.86,1.04,1.02,1.04,2.1,1.7,2.11,1.69,2.1,1.7,2.06,1.66,1.37,1.1,0.5,1.9,1.9,1.93,1.88,1.9,1.9,1.82,1.85,1.01,1.04,4.1,3.4,1.83,3.75,3.5,1.83,4.0,3.5,1.74,3.9,3.5,1.8,3.7,3.5,1.78,3.7,3.5,1.8,3.7,3.5,1.8,3.86,3.72,1.82,4.1,3.5,1.85,3.83,3.45,1.79,3.9,3.7,1.93,1.83,1.98,1.83,1.98,1.91,2.0,1.8,1.89,1.9,2.04,0.5,1.95,1.85,2.0,1.83,1.95,1.85,1.88,1.78,1.94,1.93,2,-2,0.11152837330071286,0.23863717360830625,0.27767350138991187,0.48368932500178197,2025.0,9.0,5.0,0,0,0,0,0,medium,0,0,0,medium,strong
SC2,2025-09-20,15:00,Stenhousemuir,Peterhead,3,1,H,1,1,D,D Graves,6,7,3,6,20,19,3,4,4,3,0,0,2.3,3.5,2.75,2.3,3.3,2.8,2.3,3.3,2.8,2.25,3.3,2.65,2.3,3.3,2.62,2.3,3.3,2.62,2.4,3.33,2.76,2.35,3.5,2.8,2.3,3.29,2.7,2.38,3.35,2.76,1.75,2.05,1.78,2.01,1.78,2.05,1.74,1.95,1.67,1.36,-0.25,2.0,1.8,2.08,1.74,2.0,1.8,1.95,1.7,2.06,1.79,2.1,3.5,3.1,2.1,3.4,3.1,2.16,3.45,2.8,2.1,3.4,3.1,2.05,3.3,2.95,2.05,3.4,3.0,2.05,3.4,3.0,2.08,3.49,3.21,2.16,3.5,3.1,2.09,3.38,3.0,2.12,3.7,3.45,1.83,1.98,1.79,2.0,1.83,2.0,1.75,1.95,1.84,2.06,-0.25,1.83,1.98,1.83,1.99,1.83,1.98,1.77,1.88,1.84,2.1,4,2,0.10910434684717751,0.3920123565754634,0.2740511915269197,0.33393645189761695,2025.0,9.0,5.0,0,0,0,0,0,medium,0,0,0,medium,strong
SC2,2025-09-27,15:00,Cove Rangers,Kelty Hearts,0,2,A,0,1,A,J Hay,18,4,5,2,10,8,8,1,3,4,0,0,1.67,3.8,4.33,1.7,3.6,4.5,1.67,3.7,4.5,1.65,3.7,4.2,1.65,3.7,4.2,1.65,3.7,4.2,1.7,3.8,4.41,1.71,3.8,4.5,1.67,3.68,4.19,1.7,3.8,4.7,1.75,2.05,1.76,2.03,1.77,2.05,1.72,1.97,1.76,2.04,-0.75,1.9,1.9,1.91,1.91,1.9,1.9,1.82,1.82,1.9,2.02,1.48,4.2,5.5,1.5,4.0,6.0,1.54,4.0,4.6,1.5,3.9,5.75,1.49,4.0,5.0,1.5,4.0,5.0,1.5,4.0,5.0,1.54,4.15,5.34,1.54,4.2,6.0,1.5,3.99,5.23,1.54,4.5,6.4,1.7,2.1,1.7,2.12,1.7,2.1,1.68,2.05,1.71,2.2,-1.0,1.83,1.98,1.92,1.9,1.83,1.98,1.78,1.88,1.85,2.02,2,-2,0.10920501013123696,0.5398482604570393,0.2449854877617542,0.21516625178120655,2025.0,9.0,5.0,0,0,0,0,0,medium,0,0,0,strong,medium
SC2,2025-09-27,15:00,Hamilton,Stenhousemuir,2,0,H,1,0,H,C Ashwood,8,8,4,2,6,8,2,4,1,3,0,0,1.67,3.7,4.33,1.67,3.4,4.5,1.7,3.6,4.4,1.68,3.5,4.1,1.7,3.5,4.2,1.7,3.5,4.2,1.7,3.83,4.34,1.71,3.75,4.5,1.69,3.58,4.15,1.83,3.8,4.6,1.8,2.0,1.82,1.99,1.8,2.0,1.76,1.92,1.71,1.84,-0.75,1.9,1.9,1.91,1.91,1.9,1.9,1.85,1.78,2.02,1.89,1.83,3.5,3.6,1.9,3.4,4.0,1.73,3.65,3.85,1.85,3.5,3.75,1.8,3.4,3.6,1.83,3.5,3.6,1.83,3.5,3.6,1.85,3.61,3.82,1.9,3.65,4.0,1.81,3.49,3.7,2.04,3.7,4.0,1.85,1.95,1.88,1.93,1.85,1.95,1.79,1.9,1.87,1.99,-0.5,1.9,1.9,1.86,1.96,1.9,1.9,1.81,1.85,1.99,1.96,2,2,0.11200944069159502,0.5321141661921085,0.2511935589007439,0.21669227490714774,2025.0,9.0,5.0,0,0,0,0,0,medium,0,0,0,strong,medium
SC2,2025-09-27,15:00,Inverness C,East Fife,4,1,H,1,1,D,C Stirling,20,6,7,4,12,11,4,3,0,0,0,0,1.45,4.2,5.25,1.44,4.2,6.5,1.45,4.2,6.0,1.43,4.2,5.5,1.44,4.2,5.5,1.44,4.2,5.5,1.5,4.46,5.41,1.5,4.33,6.5,1.45,4.15,5.45,1.49,4.3,1.09,1.67,2.15,1.65,2.2,1.68,2.15,1.65,2.07,1.56,2.02,-1.25,2.05,1.75,2.07,1.74,2.05,1.75,1.98,1.68,2.09,1.72,1.45,4.33,5.25,1.4,4.33,6.5,1.48,4.25,5.0,1.4,4.4,6.5,1.44,4.2,5.5,1.44,4.2,5.5,1.44,4.2,5.5,1.43,4.72,5.9,1.48,4.5,6.5,1.43,4.26,5.65,1.46,4.8,7.2,1.65,2.2,1.57,2.32,1.67,2.2,1.62,2.14,1.66,2.3,-1.0,1.75,2.05,1.69,2.15,1.75,2.06,1.67,2.01,1.72,2.22,5,3,0.11410526636758989,0.6190215531987685,0.21628463906944917,0.1646938077317824,2025.0,9.0,5.0,0,0,0,0,0,medium,0,0,0,strong,medium
SC2,2025-09-27,15:00,Montrose,Queen of Sth,2,1,H,0,0,D,G Hanvidge,12,8,4,2,14,14,4,4,4,2,0,0,2.35,3.5,2.7,2.38,3.4,2.63,2.38,3.4,2.63,2.3,3.4,2.55,2.3,3.4,2.6,2.3,3.4,2.6,2.37,3.66,2.61,2.38,3.5,2.7,2.34,3.38,2.58,2.18,3.25,2.36,1.75,2.05,1.75,2.05,1.75,2.05,1.71,1.98,1.64,1.89,0.0,1.78,2.03,1.82,2.01,1.8,2.03,1.74,1.92,1.63,1.8,2.3,3.5,2.75,2.38,3.3,2.75,2.35,3.3,2.6,2.38,3.4,2.63,2.3,3.4,2.55,2.3,3.4,2.6,2.3,3.4,2.6,2.37,3.66,2.61,2.38,3.5,2.75,2.33,3.37,2.61,2.5,3.55,2.76,1.73,2.08,1.75,2.05,1.75,2.08,1.71,2.0,1.79,2.06,0.0,1.73,2.08,1.82,2.01,1.8,2.08,1.73,1.93,1.84,2.04,3,1,0.11080531474091404,0.3847212663454921,0.2663454920853407,0.3489332415691672,2025.0,9.0,5.0,0,0,0,0,0,medium,0,0,0,medium,strong
SC2,2025-09-27,15:00,Peterhead,Alloa,2,1,H,2,1,H,P Kennedy,10,8,6,5,14,10,3,7,3,2,0,0,2.15,3.1,3.0,2.2,3.3,3.0,2.15,3.5,2.9,2.1,3.4,2.85,2.1,3.4,2.87,2.1,3.4,2.87,2.2,3.54,2.94,2.2,3.5,3.0,2.13,3.35,2.88,2.02,3.15,2.66,1.73,2.08,1.72,2.08,1.73,2.1,1.69,2.02,1.62,1.92,-0.25,1.93,1.88,1.93,1.88,1.93,1.88,1.84,1.79,1.86,1.74,2.15,3.1,3.0,2.2,3.3,3.0,2.17,3.4,2.8,2.15,3.4,3.0,2.1,3.4,2.85,2.1,3.4,2.87,2.1,3.4,2.87,2.17,3.58,2.96,2.2,3.5,3.0,2.14,3.36,2.87,2.32,3.6,2.92,1.73,2.08,1.71,2.09,1.73,2.1,1.69,2.03,1.75,2.14,-0.25,1.93,1.88,1.92,1.9,1.93,1.88,1.85,1.78,2.03,1.83,3,1,0.11521325298390672,0.4209809799327164,0.2676685036587122,0.3113505164085715,2025.0,9.0,5.0,0,0,0,0,0,medium,0,0,0,medium,strong
SC2,2025-10-04,15:00,East Fife,Cove Rangers,2,0,H,1,0,H,G Hanvidge,14,10,8,5,6,12,6,7,1,1,0,0,1.83,3.9,3.4,1.8,3.6,4.0,1.9,3.5,3.5,1.82,3.5,3.5,1.83,3.5,3.5,1.83,3.5,3.5,1.89,3.6,3.67,1.9,3.9,4.0,1.82,3.54,3.57,1.91,3.7,3.85,1.73,2.08,1.75,2.05,1.74,2.08,1.72,1.98,1.64,1.89,-0.5,1.85,1.95,1.9,1.92,1.86,1.95,1.82,1.84,1.91,1.92,2.0,3.7,3.1,1.95,3.4,3.5,1.83,3.45,3.65,2.0,3.4,3.3,1.9,3.3,3.4,1.91,3.3,3.4,1.91,3.3,3.4,1.99,3.44,3.69,2.1,3.7,3.65,1.94,3.38,3.38,2.08,3.7,3.8,1.85,1.95,1.92,1.92,1.95,1.95,1.84,1.84,1.89,2.06,-0.5,2.05,1.75,2.0,1.86,2.05,1.8,1.93,1.73,2.14,1.82,2,2,0.11204846997469131,0.49408866995073886,0.2540229885057471,0.25188834154351397,2025.0,10.0,5.0,0,0,0,0,0,medium,0,0,0,strong,medium
SC2,2025-10-04,15:00,Hamilton,Inverness C,3,1,H,1,0,H,S Murdoch,12,6,8,2,12,9,2,4,2,1,0,0,3.3,3.7,1.95,3.6,3.25,2.0,3.6,3.4,1.93,3.4,3.3,1.93,3.4,3.3,1.95,3.4,3.3,1.95,3.47,3.3,2.05,3.6,3.7,2.0,3.46,3.37,1.92,3.7,3.7,1.96,1.98,1.83,2.01,1.81,1.98,1.83,1.91,1.77,1.86,1.85,0.5,1.83,1.98,1.76,2.04,1.83,1.98,1.77,1.9,2.0,1.96,3.5,3.7,1.85,3.6,3.3,1.95,3.5,3.5,1.86,3.75,3.4,1.87,3.4,3.3,1.88,3.4,3.3,1.95,3.4,3.3,1.95,3.73,3.37,2.0,3.75,3.7,1.95,3.48,3.38,1.9,3.8,3.7,2.08,1.85,1.95,2.0,1.84,1.95,1.95,1.89,1.8,1.96,1.93,0.5,1.9,1.9,1.85,2.01,1.9,1.95,1.78,1.88,1.89,2.08,4,2,0.1065865794183063,0.26117914893960553,0.2681542597421469,0.47066659131824745,2025.0,10.0,5.0,0,0,0,0,0,medium,0,0,0,medium,strong
SC2,2025-10-04,15:00,Kelty Hearts,Peterhead,1,2,A,1,1,D,G Grainger,4,4,3,2,16,16,2,4,3,0,0,0,3.5,3.5,1.9,3.5,3.4,1.95,3.6,3.4,1.91,3.3,3.4,1.9,3.3,3.4,1.91,3.3,3.4,1.91,3.29,3.48,2.03,3.6,3.5,1.96,3.38,3.37,1.92,3.7,4.0,1.96,1.8,2.0,1.86,1.93,1.8,2.07,1.73,1.96,1.78,2.0,0.5,1.85,1.95,1.79,2.03,1.85,1.95,1.78,1.88,1.96,1.96,3.9,3.6,1.8,4.0,3.5,1.8,3.95,3.5,1.74,3.8,3.5,1.83,3.6,3.4,1.8,3.6,3.4,1.8,3.6,3.4,1.8,4.16,3.86,1.77,4.0,3.9,1.83,3.83,3.51,1.77,4.4,4.0,1.82,1.8,2.0,1.78,2.0,1.8,2.1,1.72,1.98,1.81,2.14,0.5,2.03,1.78,2.06,1.75,2.03,1.8,1.9,1.76,2.12,1.82,3,-1,0.1134272265435241,0.26571829852241835,0.2665067801204077,0.467774921357174,2025.0,10.0,5.0,0,0,0,0,0,medium,0,0,0,medium,strong
SC2,2025-10-04,15:00,Stenhousemuir,Montrose,3,1,H,2,0,H,J Kennedy,12,13,6,6,14,11,2,3,1,3,0,0,2.1,3.6,2.9,2.15,3.25,3.2,2.15,3.25,3.1,2.1,3.25,2.95,2.1,3.25,3.0,2.1,3.25,3.0,2.2,3.38,3.05,2.2,3.6,3.2,2.11,3.28,3.0,2.06,2.92,2.78,1.98,1.83,1.85,1.95,1.98,1.83,1.88,1.8,1.85,1.69,-0.25,1.9,1.9,1.93,1.89,1.9,1.9,1.83,1.8,1.78,1.8,2.05,3.4,3.4,2.0,3.2,3.6,2.14,3.3,2.9,2.1,3.2,3.3,1.93,3.2,3.4,1.95,3.25,3.4,1.95,3.25,3.4,1.97,3.27,4.0,2.14,3.4,3.6,2.02,3.23,3.3,2.14,3.3,3.6,2.1,1.7,2.08,1.72,2.1,1.86,1.98,1.73,2.18,1.81,-0.5,2.05,1.75,1.98,1.88,2.08,1.8,1.98,1.71,2.12,1.83,4,2,0.11214503140292065,0.42614374556100265,0.27413515339442546,0.29972110104457184,2025.0,10.0,5.0,0,0,0,0,0,medium,0,0,0,medium,strong
SC2,2025-10-04,17:30,Queen of Sth,Alloa,1,0,H,0,0,D,I Snedden,11,9,3,3,20,15,2,2,6,5,0,0,2.0,3.9,3.0,2.0,3.5,3.3,2.05,3.5,3.13,1.95,3.5,3.1,1.95,3.5,3.1,1.95,3.5,3.1,2.15,3.74,2.89,2.05,3.9,3.3,1.96,3.51,3.15,2.04,3.55,3.3,1.73,2.08,1.72,2.09,1.81,2.1,1.72,1.98,1.71,2.12,-0.5,2.0,1.8,2.14,1.69,2.01,1.8,1.96,1.72,2.04,1.78,2.2,3.75,2.63,2.3,3.3,2.8,2.18,3.25,2.88,2.38,3.3,2.7,2.25,3.3,2.65,2.3,3.3,2.62,2.3,3.3,2.62,2.4,3.31,2.78,2.38,3.75,2.88,2.24,3.34,2.75,2.36,3.55,3.1,1.73,2.08,1.88,1.93,2.1,2.1,1.79,1.91,1.87,2.1,-0.25,2.0,1.8,2.08,1.74,2.02,1.8,1.94,1.71,2.06,1.87,1,1,0.11256468399325548,0.4585837470603606,0.2560752547687484,0.285340998170891,2025.0,10.0,5.0,0,0,0,0,0,medium,0,0,0,strong,medium
SC2,2025-10-07,19:45,Kelty Hearts,Alloa,0,2,A,0,1,A,P Stuart,8,14,5,9,10,13,4,5,2,1,1,0,3.6,3.7,1.83,3.75,3.5,1.83,3.8,3.5,1.83,3.7,3.4,1.8,3.7,3.4,1.83,3.7,3.4,1.83,3.65,3.69,1.88,3.8,3.8,1.97,3.56,3.49,1.85,4.0,3.75,1.89,1.83,1.98,1.81,2.0,1.84,1.98,1.78,1.9,1.81,2.02,0.5,1.95,1.85,1.93,1.88,1.95,1.85,1.86,1.8,2.03,1.89,3.75,3.7,1.8,3.75,3.5,1.83,3.7,3.5,1.79,3.9,3.75,1.75,3.7,3.4,1.8,3.7,3.4,1.83,3.7,3.4,1.83,3.69,3.67,1.87,3.9,3.75,1.83,3.7,3.52,1.8,4.4,3.8,1.92,1.8,2.0,1.83,1.98,1.81,2.0,1.77,1.91,1.84,2.08,0.5,1.95,1.85,1.94,1.88,1.95,1.85,1.87,1.79,2.06,1.92,2,-2,0.10797236823443312,0.2535251640364552,0.2586101959798798,0.487864639983665,2025.0,10.0,1.0,0,0,0,0,0,medium,0,0,0,medium,strong
SC2,2025-10-18,15:00,Alloa,East Fife,1,1,D,0,0,D,E Anderson,4,8,2,4,11,14,3,5,2,3,0,0,2.15,3.4,2.9,2.2,3.3,3.0,2.2,3.25,3.0,2.05,3.3,3.0,2.05,3.3,3.0,2.05,3.3,3.0,2.25,3.28,3.03,2.25,3.4,3.0,2.14,3.3,2.94,2.28,2.94,2.74,1.85,1.95,1.88,1.93,1.85,1.95,1.79,1.88,1.75,1.79,-0.25,1.95,1.85,1.97,1.85,1.95,1.85,1.86,1.77,2.01,1.76,2.05,3.5,3.1,2.3,3.25,2.88,1.96,3.4,3.25,2.1,3.4,3.1,2.15,3.25,2.85,2.15,3.25,2.87,2.15,3.25,2.87,2.42,3.23,2.82,2.3,3.5,3.25,2.09,3.33,3.03,2.24,3.6,3.4,1.75,2.05,1.78,2.0,1.8,2.05,1.74,1.95,1.8,2.08,-0.25,1.85,1.95,2.08,1.74,1.85,1.95,1.77,1.86,1.93,2.0,2,0,0.1104560770782399,0.4208088273564774,0.272888148649352,0.30630302399417064,2025.0,10.0,5.0,0,0,0,0,0,medium,0,0,0,medium,strong
SC2,2025-10-18,15:00,Cove Rangers,Stenhousemuir,0,1,A,0,0,D,G Calder,8,2,2,1,16,11,3,1,3,3,0,0,3.1,3.25,2.15,3.2,3.2,2.15,3.13,3.25,2.15,3.1,3.2,2.05,3.1,3.2,2.05,3.1,3.2,2.05,3.0,3.5,2.18,3.2,3.5,2.2,3.05,3.23,2.12,3.3,3.2,2.16,2.05,1.75,2.07,1.73,2.05,1.75,1.99,1.71,1.92,1.75,0.25,1.9,1.9,1.9,1.92,1.9,1.9,1.82,1.82,1.87,1.88,2.45,3.2,2.63,2.5,3.2,2.38,2.63,3.05,2.43,2.45,3.13,2.7,2.55,3.1,2.45,2.6,3.1,2.45,2.6,3.1,2.45,3.17,3.44,2.12,2.75,3.4,2.7,2.53,3.15,2.51,2.58,3.5,2.88,2.05,1.75,2.03,1.76,2.05,1.75,1.99,1.72,2.08,1.8,0.0,1.83,1.98,2.37,1.58,1.91,1.98,1.78,1.88,1.86,2.09,1,-1,0.10916448888637786,0.29559984632054254,0.27912678986924294,0.4252733638102144,2025.0,10.0,5.0,0,0,0,0,0,medium,0,0,0,medium,strong
SC2,2025-10-18,15:00,Inverness C,Kelty Hearts,2,2,D,1,2,A,J Wilkie,19,7,7,3,10,8,11,2,0,3,0,0,1.17,6.25,13.0,1.14,6.5,15.0,1.14,6.5,15.0,1.15,7.0,11.5,1.14,7.0,11.0,1.14,7.0,11.0,1.18,6.71,12.28,1.17,7.0,15.0,1.15,6.32,12.73,1.16,5.9,11.0,1.5,2.5,1.47,2.53,1.5,2.63,1.46,2.49,1.44,2.3,-2.0,1.9,1.9,1.93,1.88,1.9,1.9,1.83,1.83,1.79,1.84,1.14,6.5,13.0,1.14,7.0,15.0,1.16,6.25,12.5,1.13,7.0,15.0,1.14,7.0,13.0,1.14,7.0,12.0,1.14,7.0,12.0,1.16,7.21,13.2,1.16,7.0,15.0,1.14,6.56,13.09,1.16,9.6,20.0,1.44,2.63,1.39,2.81,1.5,2.75,1.44,2.56,1.45,2.92,-2.25,2.03,1.78,2.01,1.78,2.03,1.78,1.97,1.69,2.0,1.81,4,0,0.10634766093640358,0.7859782671346831,0.14301819734254514,0.07100353552277183,2025.0,10.0,5.0,0,0,0,0,0,low,0,0,0,strong,medium
SC2,2025-10-18,15:00,Montrose,Hamilton,0,4,A,0,1,A,D Graves,6,7,1,6,10,10,4,2,2,4,1,0,2.63,3.3,2.45,2.75,3.25,2.4,2.63,3.25,2.45,2.6,3.25,2.3,2.62,3.25,2.3,2.62,3.25,2.3,2.74,3.36,2.41,2.75,3.4,2.54,2.58,3.27,2.41,2.36,3.1,2.32,1.9,1.9,1.92,1.88,1.9,1.9,1.83,1.84,1.78,1.09,0.0,1.98,1.83,2.05,1.79,1.98,1.83,1.89,1.77,1.88,1.69,2.9,3.3,2.2,2.88,3.3,2.2,3.55,3.45,1.86,3.0,3.25,2.2,2.75,3.2,2.25,2.75,3.2,2.25,2.75,3.2,2.25,2.66,3.45,2.43,3.55,3.6,2.4,2.93,3.31,2.16,3.25,3.75,2.32,1.95,1.85,1.88,1.92,1.95,1.87,1.85,1.82,1.93,1.97,0.25,1.85,1.95,1.71,2.12,1.85,1.95,1.76,1.88,1.96,2.01,4,-4,0.10834505611442236,0.34970778918220913,0.2759162373364219,0.37437597348136914,2025.0,10.0,5.0,0,0,0,0,0,medium,0,0,0,medium,strong
SC2,2025-10-18,17:30,Peterhead,Queen of Sth,3,0,H,2,0,H,L Hogarth,10,6,3,2,18,13,5,2,2,4,0,0,2.2,3.4,2.9,2.2,3.4,2.88,2.2,3.4,2.88,2.2,3.4,2.7,2.2,3.4,2.7,2.2,3.4,2.7,2.19,3.64,2.89,2.25,3.6,2.9,2.18,3.43,2.81,2.14,3.6,3.0,1.75,2.05,1.78,2.0,1.77,2.05,1.73,1.97,1.67,1.86,-0.25,1.95,1.85,1.93,1.88,1.95,1.85,1.87,1.77,1.86,2.02,2.15,3.4,3.0,2.2,3.3,3.0,2.06,3.4,3.0,2.15,3.4,3.0,2.05,3.3,3.0,2.05,3.3,3.1,2.05,3.3,3.1,2.12,3.7,3.09,2.2,3.6,3.1,2.1,3.36,2.99,2.4,3.55,3.1,1.75,2.05,1.78,2.01,1.77,2.05,1.72,1.98,1.8,2.12,-0.25,1.88,1.93,1.88,1.98,1.88,1.93,1.8,1.83,2.01,1.89,3,3,0.1061326719556448,0.41470214917281584,0.26357162833724157,0.3217262224899426,2025.0,10.0,5.0,0,0,0,0,0,medium,0,0,0,medium,strong
SC2,2025-10-24,19:45,Hamilton,Queen of Sth,1,2,A,0,1,A,C Steven,9,12,5,5,9,12,6,5,1,3,0,0,1.53,3.8,5.0,1.53,4.0,5.5,1.5,4.1,5.5,1.5,3.9,5.25,1.5,3.9,5.25,1.5,3.9,5.25,1.75,3.66,4.33,1.55,4.4,5.75,1.5,4.02,5.27,1.54,4.2,5.4,1.7,2.1,1.84,1.97,1.7,2.23,1.63,2.11,1.74,2.14,-1.0,1.9,1.9,2.27,1.59,1.9,1.9,1.84,1.82,1.54,1.96,1.53,3.75,5.0,1.53,4.0,5.5,1.44,4.4,5.3,1.53,4.0,5.25,1.51,3.9,5.0,1.5,3.8,5.25,1.5,3.8,5.25,1.75,3.66,4.33,1.57,4.4,5.5,1.5,4.01,5.13,1.6,4.5,5.8,1.67,2.15,1.84,1.97,1.7,2.23,1.63,2.11,1.75,2.24,-1.0,1.95,1.85,2.27,1.59,1.95,1.9,1.86,1.8,2.0,1.87,3,-1,0.10517620625525126,0.6032220589742713,0.2250828578262207,0.171695083199508,2025.0,10.0,4.0,0,0,0,0,0,medium,0,0,0,strong,medium
SC2,2025-10-25,15:00,Alloa,Stenhousemuir,0,0,D,0,0,D,G Hanvidge,6,7,6,2,15,19,5,5,2,3,1,0,2.55,3.5,2.35,2.63,3.2,2.5,2.63,3.25,2.45,2.5,3.2,2.45,2.5,3.2,2.45,2.5,3.2,2.45,2.34,3.5,2.85,2.8,3.5,2.88,2.6,3.18,2.45,2.52,2.96,2.26,2.0,1.8,1.87,1.93,2.1,1.8,1.96,1.73,1.01,1.21,0.0,2.0,1.8,1.93,1.88,2.0,1.8,1.91,1.75,2.03,1.01,2.15,3.5,2.8,2.3,3.2,2.88,2.1,3.25,3.0,2.3,3.2,2.9,2.25,3.1,2.8,2.3,3.1,2.75,2.3,3.1,2.75,2.37,3.58,2.82,2.38,3.5,3.0,2.24,3.19,2.86,2.36,3.4,3.15,2.08,1.73,1.87,1.96,2.1,1.8,1.97,1.73,2.14,1.76,-0.25,1.98,1.83,1.93,1.9,1.98,1.83,1.91,1.73,2.02,1.88,0,0,0.10724405872653842,0.34736278924606534,0.2840073119621918,0.36862989879174285,2025.0,10.0,5.0,0,0,0,0,0,medium,0,0,0,medium,strong
SC2,2025-10-25,15:00,Kelty Hearts,East Fife,0,3,A,0,1,A,C Ashwood,8,15,3,8,6,8,7,6,1,2,0,0,3.9,3.5,1.8,4.0,3.5,1.8,3.9,3.5,1.8,3.9,3.5,1.72,3.9,3.5,1.73,3.9,3.5,1.73,2.34,3.5,2.85,4.0,3.5,1.87,3.81,3.46,1.79,3.05,2.7,1.61,1.8,2.0,1.87,1.93,1.8,2.02,1.74,1.96,1.26,1.25,0.5,1.98,1.83,1.93,1.88,2.0,1.83,1.91,1.76,1.86,1.61,4.1,3.5,1.73,4.2,3.6,1.73,4.1,3.75,1.67,4.4,3.6,1.7,4.0,3.4,1.72,4.0,3.4,1.73,4.0,3.4,1.73,2.37,3.58,2.82,4.4,3.75,1.83,4.03,3.54,1.72,4.2,3.8,1.86,1.83,1.98,1.87,1.96,1.83,2.08,1.75,1.95,1.89,2.06,0.75,1.8,2.0,1.93,1.9,1.81,2.0,1.75,1.89,1.58,2.11,3,-3,0.11014375051860714,0.2364263109875973,0.26034226730137167,0.5032314217110312,2025.0,10.0,5.0,0,0,0,0,0,medium,0,0,0,medium,strong
SC2,2025-10-25,15:00,Montrose,Cove Rangers,0,3,A,0,1,A,S Luke,11,13,2,6,11,19,3,3,0,2,0,0,2.05,3.3,3.1,2.1,3.2,3.3,2.1,3.25,3.2,2.05,3.2,3.1,2.05,3.2,3.1,2.05,3.2,3.1,2.34,3.5,2.85,2.1,3.4,3.4,2.05,3.19,3.22,2.1,3.0,3.2,2.0,1.8,1.87,1.93,2.05,1.8,1.95,1.74,1.92,1.75,-0.25,1.83,1.98,1.93,1.88,1.83,1.98,1.76,1.88,1.81,2.02,1.91,3.3,3.3,1.95,3.3,3.6,2.0,3.2,3.3,1.95,3.4,3.5,1.98,3.2,3.25,2.0,3.2,3.25,2.0,3.2,3.25,2.37,3.58,2.82,2.05,3.4,3.6,1.98,3.24,3.35,2.08,3.45,3.8,1.9,1.9,1.87,1.96,1.98,1.9,1.89,1.78,2.0,1.94,-0.5,2.0,1.8,1.93,1.9,2.05,1.8,1.94,1.73,2.08,1.87,3,-3,0.11184350808441201,0.43873519474805983,0.2819458148067469,0.2793189904451933,2025.0,10.0,5.0,0,0,0,0,0,medium,0,0,0,medium,medium
SC2,2025-10-25,15:00,Peterhead,Inverness C,0,1,A,0,0,D,D Graves,10,6,2,1,14,16,5,4,4,4,0,0,4.5,3.9,1.6,5.0,4.0,1.57,4.75,3.9,1.6,4.6,3.8,1.57,4.6,3.8,1.57,4.6,3.8,1.57,2.34,3.5,2.85,5.25,4.0,1.62,4.72,3.81,1.58,1.04,3.45,1.72,1.67,2.15,1.87,1.93,1.67,2.2,1.61,2.14,1.21,1.12,1.0,1.75,2.05,1.93,1.88,1.8,2.05,1.7,1.97,1.62,1.72,3.7,3.6,1.8,4.0,3.6,1.8,3.3,3.55,1.91,3.8,3.6,1.8,3.6,3.4,1.8,3.6,3.4,1.8,3.6,3.4,1.8,2.37,3.58,2.82,4.0,3.7,1.91,3.6,3.54,1.82,4.2,3.95,1.87,1.7,2.1,1.87,1.96,1.73,2.1,1.68,2.04,1.74,2.24,0.5,1.98,1.83,1.93,1.9,2.0,1.83,1.88,1.78,2.08,1.87,1,-1,0.10724299078577415,0.19134409388250703,0.23704570160772523,0.5716102045097677,2025.0,10.0,5.0,0,0,0,0,0,medium,0,0,0,medium,strong
SC2,2025-11-01,15:00,Alloa,Kelty Hearts,3,0,H,2,0,H,D Williams,10,5,10,2,16,11,3,3,5,7,0,0,1.48,3.8,6.0,1.5,4.0,6.0,1.45,4.2,6.0,1.46,4.0,5.5,1.48,4.0,5.5,1.48,4.0,5.5,2.34,3.5,2.85,1.55,4.75,6.25,1.48,4.05,5.5,1.5,4.4,6.6,1.7,2.1,1.87,1.93,1.7,2.1,1.68,2.04,1.74,2.08,-1.0,1.8,2.0,1.93,1.88,1.8,2.0,1.78,1.88,1.83,2.0,1.62,3.6,5.0,1.57,3.75,5.5,1.55,3.8,5.0,1.55,3.9,5.25,1.55,3.7,5.0,1.55,3.7,5.0,1.55,3.7,5.0,2.37,3.58,2.82,1.67,3.9,5.75,1.57,3.75,4.97,1.69,4.0,4.7,1.8,2.0,1.87,1.96,1.8,2.0,1.75,1.94,1.9,2.06,-1.0,2.08,1.73,1.93,1.9,2.08,1.8,1.96,1.71,1.75,1.17,3,3,0.1044074377407711,0.6117992803977038,0.223571095058914,0.16462962454338212,2025.0,11.0,5.0,0,0,0,0,0,medium,0,0,0,strong,medium
SC2,2025-11-01,15:00,Cove Rangers,Peterhead,1,2,A,1,1,D,C Stirling,13,8,4,5,18,14,6,5,2,3,0,0,2.9,3.2,2.3,2.88,3.25,2.3,2.8,3.3,2.3,2.75,3.2,2.2,2.75,3.2,2.25,2.75,3.2,2.25,2.34,3.5,2.85,2.9,3.3,2.4,2.79,3.2,2.3,2.8,3.1,2.44,1.9,1.9,1.87,1.93,1.9,1.9,1.83,1.84,1.87,1.93,0.25,1.78,2.03,1.93,1.88,1.78,2.03,1.69,1.96,1.74,2.13,2.55,3.2,2.6,2.5,3.2,2.6,2.55,3.2,2.43,2.5,3.3,2.55,2.4,3.2,2.5,2.4,3.2,2.5,2.4,3.2,2.5,2.37,3.58,2.82,2.55,3.3,2.63,2.49,3.2,2.52,2.64,3.65,2.76,1.85,1.95,1.87,1.96,1.86,1.95,1.82,1.86,1.89,2.0,0.0,1.88,1.93,1.93,1.9,1.88,1.93,1.8,1.86,1.95,2.0,3,-1,0.10570554776375252,0.3241576745210306,0.2826249724730236,0.39321735300594585,2025.0,11.0,5.0,0,0,0,0,0,medium,0,0,0,medium,strong
SC2,2025-11-01,15:00,East Fife,Hamilton,1,1,D,0,0,D,I Snedden,5,7,3,4,11,11,1,1,1,2,0,0,2.55,3.5,2.38,2.63,3.4,2.38,2.6,3.4,2.4,2.55,3.4,2.3,2.6,3.4,2.3,2.6,3.4,2.3,2.34,3.5,2.85,2.63,3.75,2.42,2.56,3.45,2.36,2.52,3.35,2.36,1.7,2.1,1.87,1.93,1.7,2.1,1.66,2.06,1.61,1.94,0.0,2.0,1.8,1.93,1.88,2.0,1.8,1.9,1.76,1.94,1.82,2.63,3.5,2.35,2.6,3.4,2.4,2.48,3.55,2.35,2.55,3.4,2.45,2.5,3.3,2.35,2.5,3.3,2.37,2.5,3.3,2.37,2.37,3.58,2.82,2.63,3.75,2.45,2.55,3.43,2.35,2.72,3.6,2.5,1.75,2.05,1.87,1.96,1.77,2.05,1.72,1.98,1.8,2.12,0.0,2.03,1.78,1.93,1.9,2.03,1.8,1.9,1.76,2.05,1.86,2,0,0.10420888602309009,0.3537600583951755,0.2625002172439563,0.38373972436086834,2025.0,11.0,5.0,0,0,0,0,0,medium,0,0,0,medium,strong
SC2,2025-11-01,15:00,Inverness C,Montrose,1,0,H,0,0,D,S Murdoch,19,5,10,3,14,10,12,1,2,2,0,0,1.4,4.75,5.75,1.36,4.33,7.5,1.36,4.4,7.5,1.37,4.2,7.0,1.36,4.2,7.0,1.36,4.2,7.0,2.34,3.5,2.85,1.43,4.75,7.5,1.38,4.24,6.81,1.41,4.5,8.8,1.85,1.95,1.87,1.93,1.85,1.95,1.8,1.87,1.87,1.94,-1.25,1.95,1.85,1.93,1.88,1.95,1.85,1.87,1.77,1.97,1.82,1.33,5.5,6.25,1.33,4.6,8.0,1.37,4.5,6.4,1.3,5.0,8.0,1.32,4.75,7.0,1.33,4.6,7.0,1.33,4.6,7.0,2.37,3.58,2.82,1.37,5.5,8.0,1.32,4.76,7.2,1.38,5.2,8.0,1.53,2.38,1.87,1.96,1.62,2.4,1.54,2.29,1.66,2.34,-1.5,1.93,1.88,1.93,1.9,1.95,1.88,1.89,1.78,1.42,1.07,1,1,0.10732961588360501,0.6544010661009806,0.21298902623097946,0.1326099076680401,2025.0,11.0,5.0,0,0,0,0,0,medium,0,0,0,strong,medium
SC2,2025-11-01,15:00,Queen of Sth,Stenhousemuir,1,1,D,1,0,H,E Anderson,14,10,3,4,16,14,5,10,4,3,0,0,2.63,3.25,2.45,2.75,3.1,2.5,2.7,3.13,2.45,2.6,3.1,2.4,2.62,3.1,2.4,2.62,3.1,2.4,2.34,3.5,2.85,2.75,3.25,2.55,2.67,3.07,2.46,2.5,2.78,2.34,2.05,1.75,1.87,1.93,2.1,1.75,2.04,1.68,1.91,1.63,0.0,2.0,1.8,1.93,1.88,2.0,1.8,1.91,1.75,1.83,1.66,2.2,3.4,2.88,2.3,3.1,3.0,2.45,3.1,2.55,2.25,3.25,2.9,2.3,3.1,2.7,2.3,3.1,2.75,2.3,3.1,2.75,2.37,3.58,2.82,2.45,3.4,3.1,2.31,3.12,2.81,2.4,3.3,3.1,2.0,1.8,1.87,1.96,2.08,1.8,1.99,1.72,2.08,1.83,-0.25,1.98,1.83,1.93,1.9,1.98,1.83,1.91,1.73,2.05,1.88,2,0,0.10676879926944416,0.33840115067682924,0.2943097955397831,0.3672890537833878,2025.0,11.0,5.0,0,0,0,0,0,medium,0,0,0,medium,strong
SC2,2025-11-08,15:00,Hamilton,Peterhead,3,0,H,2,0,H,A Grieve,14,7,9,1,8,12,3,2,1,2,0,0,1.75,3.75,4.0,1.73,3.6,4.2,1.73,3.7,4.1,1.75,3.6,3.7,1.75,3.6,3.7,1.75,3.6,3.7,2.34,3.5,2.85,1.77,3.75,4.4,1.74,3.61,3.94,1.78,3.35,3.9,1.73,2.08,1.87,1.93,1.77,2.08,1.71,2.0,1.65,2.08,-0.75,1.98,1.83,1.93,1.88,1.98,1.83,1.91,1.74,2.0,1.8,1.73,3.75,4.33,1.73,3.6,4.2,1.65,3.6,4.35,1.7,3.6,4.4,1.7,3.6,4.0,1.7,3.6,4.0,1.7,3.6,4.0,2.37,3.58,2.82,1.75,3.75,4.75,1.69,3.59,4.23,1.69,4.2,5.2,1.8,2.0,1.87,1.96,1.8,2.0,1.74,1.96,1.85,2.12,-0.75,1.98,1.83,1.93,1.9,1.98,1.83,1.85,1.78,1.84,2.03,3,3,0.10552806052645325,0.5198535109135831,0.25056651218549436,0.22957997690092247,2025.0,11.0,5.0,0,0,0,0,0,medium,0,0,0,strong,medium
SC2,2025-11-08,15:00,Inverness C,Cove Rangers,1,0,H,1,0,H,G Hanvidge,22,4,4,1,10,6,15,2,0,1,0,0,1.36,5.0,7.0,1.33,4.6,8.5,1.33,4.5,8.0,1.33,4.6,7.0,1.33,4.6,7.0,1.33,4.6,7.0,2.34,3.5,2.85,1.36,5.0,9.0,1.33,4.55,7.71,1.31,1.03,7.2,1.73,2.08,1.87,1.93,1.73,2.1,1.67,2.05,1.66,1.97,-1.5,2.05,1.75,1.93,1.88,2.05,1.8,1.96,1.72,1.9,1.69,1.36,5.0,7.5,1.3,4.6,9.0,1.32,4.6,7.5,1.3,5.0,8.0,1.32,4.75,7.25,1.33,4.6,7.0,1.33,4.6,7.0,2.37,3.58,2.82,1.36,5.0,9.0,1.32,4.63,7.72,1.37,5.3,8.8,1.65,2.2,1.87,1.96,1.67,2.2,1.64,2.11,1.7,2.24,-1.5,2.0,1.8,1.93,1.9,2.0,1.8,1.91,1.75,2.02,1.81,1,1,0.10136160515025971,0.6826819599776593,0.19955318830116198,0.1177648517211786,2025.0,11.0,5.0,0,0,0,0,0,medium,0,0,0,strong,medium
SC2,2025-11-08,15:00,Montrose,Alloa,0,4,A,0,1,A,G Soutar,9,13,1,6,12,12,4,4,0,1,0,0,2.8,3.3,2.35,2.88,3.2,2.3,2.75,3.2,2.38,2.75,3.2,2.25,2.75,3.2,2.25,2.75,3.2,2.25,2.34,3.5,2.85,2.9,3.3,2.38,2.79,3.2,2.3,3.05,3.2,2.22,1.95,1.85,1.87,1.93,1.95,1.85,1.9,1.78,1.96,1.86,0.25,1.75,2.05,1.93,1.88,1.75,2.05,1.67,1.99,1.84,2.05,2.6,3.3,2.5,2.63,3.2,2.5,2.63,3.0,2.48,2.63,3.2,2.5,2.6,3.2,2.35,2.62,3.2,2.37,2.62,3.2,2.37,2.37,3.58,2.82,2.8,3.4,2.5,2.63,3.18,2.42,2.82,3.6,2.48,1.98,1.83,1.87,1.96,2.04,1.83,1.93,1.76,2.04,1.91,0.0,1.93,1.88,1.93,1.9,2.0,1.88,1.89,1.77,2.06,1.81,4,-4,0.10570554776375252,0.3241576745210306,0.2826249724730236,0.39321735300594585,2025.0,11.0,5.0,0,0,0,0,0,medium,0,0,0,medium,strong
SC2,2025-11-08,15:00,Queen of Sth,East Fife,3,0,H,2,0,H,L Wilson,12,10,7,3,5,11,1,4,0,4,0,0,2.2,3.5,3.0,2.2,3.5,2.88,2.2,3.4,2.88,2.15,3.4,2.75,2.2,3.4,2.75,2.2,3.4,2.75,2.34,3.5,2.85,2.25,3.9,3.0,2.19,3.49,2.78,2.42,3.5,2.8,1.8,2.0,1.87,1.93,1.8,2.05,1.72,1.99,1.75,2.0,-0.25,1.98,1.83,1.93,1.88,1.98,1.83,1.89,1.76,2.12,1.77,2.25,3.5,2.88,2.25,3.4,2.88,2.28,3.65,2.55,2.25,3.4,2.8,2.15,3.3,2.75,2.2,3.3,2.8,2.2,3.3,2.8,2.37,3.58,2.82,2.28,3.9,2.88,2.22,3.47,2.72,2.34,3.85,2.86,1.75,2.05,1.87,1.96,1.77,2.07,1.71,2.0,1.77,2.14,-0.25,2.0,1.8,1.93,1.9,2.0,1.8,1.9,1.74,2.06,1.85,3,3,0.10286618607143572,0.4140311946572215,0.25980754048690974,0.32616126485586877,2025.0,11.0,5.0,0,0,0,0,0,medium,0,0,0,medium,strong
SC2,2025-11-08,15:00,Stenhousemuir,Kelty Hearts,2,2,D,0,1,A,L Hogarth,9,10,4,6,10,15,5,5,3,3,0,0,1.44,4.33,6.5,1.44,4.2,6.5,1.4,4.2,7.0,1.42,4.1,6.0,1.44,4.2,5.75,1.44,4.2,5.75,2.34,3.5,2.85,1.45,4.4,7.0,1.42,4.18,6.22,1.43,4.1,6.8,1.83,1.98,1.87,1.93,1.83,1.98,1.79,1.89,1.82,1.98,-1.25,2.0,1.8,1.93,1.88,2.0,1.8,1.94,1.71,2.0,1.8,1.55,4.0,5.5,1.53,4.0,5.5,1.47,3.8,6.1,1.53,3.8,5.5,1.5,3.9,5.0,1.5,3.9,5.0,1.5,3.9,5.0,2.37,3.58,2.82,1.55,4.2,6.1,1.51,3.87,5.38,1.58,4.3,6.2,1.83,1.98,1.87,1.96,1.84,1.98,1.79,1.9,1.91,2.04,-1.0,1.95,1.85,1.93,1.9,1.95,1.85,1.88,1.77,1.96,1.9,4,0,0.10423150605350595,0.637751547797761,0.21665243968249298,0.14559601251974608,2025.0,11.0,5.0,0,0,0,0,0,medium,0,0,0,strong,medium
SC2,2025-11-15,15:00,Cove Rangers,Hamilton,2,1,H,2,1,H,G Grainger,9,14,6,8,9,8,2,7,1,0,0,0,4.0,3.5,1.73,4.2,3.5,1.73,4.1,3.6,1.75,3.75,3.5,1.75,3.75,3.5,1.75,3.75,3.5,1.75,2.34,3.5,2.85,4.25,3.75,1.77,4.03,3.53,1.72,4.4,3.75,1.8,1.75,2.05,1.87,1.93,1.88,2.05,1.75,1.95,1.78,2.04,0.75,1.8,2.0,1.93,1.88,1.8,2.0,1.74,1.9,1.83,2.01,4.33,3.5,1.67,4.2,3.5,1.73,4.2,3.45,1.71,4.33,3.6,1.7,4.0,3.5,1.71,4.0,3.5,1.73,4.0,3.5,1.73,2.37,3.58,2.82,4.5,3.7,1.75,4.19,3.52,1.7,5.1,3.95,1.75,1.8,2.0,1.87,1.96,1.88,2.0,1.79,1.89,1.88,2.02,0.75,1.88,1.93,1.93,1.9,1.88,1.93,1.79,1.85,1.94,1.98,3,1,0.11282042563375638,0.22298203025439695,0.2545658872309404,0.5224520825146627,2025.0,11.0,5.0,0,0,0,0,0,medium,0,0,0,medium,strong
SC2,2025-11-15,15:00,Kelty Hearts,Queen of Sth,1,1,D,0,0,D,C Stirling,9,11,2,4,16,13,7,9,3,3,0,0,4.0,3.5,1.73,4.2,3.5,1.73,4.2,3.5,1.75,3.9,3.5,1.72,3.9,3.5,1.73,3.9,3.5,1.73,2.34,3.5,2.85,4.4,3.6,1.88,3.96,3.46,1.76,4.5,3.55,1.78,1.85,1.95,1.87,1.93,1.85,1.95,1.79,1.89,1.89,1.91,0.75,1.8,2.0,1.93,1.88,1.8,2.0,1.72,1.92,1.8,2.01,4.0,3.5,1.73,4.2,3.5,1.73,3.5,3.35,1.88,4.2,3.5,1.75,3.9,3.5,1.72,3.9,3.5,1.73,3.9,3.5,1.73,2.37,3.58,2.82,4.2,3.66,1.88,3.91,3.48,1.76,4.6,3.8,1.82,1.83,1.98,1.87,1.96,1.83,1.98,1.78,1.9,1.85,2.08,0.75,1.8,2.0,1.93,1.9,1.8,2.0,1.72,1.92,1.85,2.05,2,0,0.10972441174753333,0.22755672476159156,0.26044064452482735,0.512002630713581,2025.0,11.0,5.0,0,0,0,0,0,medium,0,0,0,medium,strong
SC2,2025-11-15,15:00,Peterhead,Montrose,1,1,D,0,0,D,D McFarlane,13,8,5,3,13,17,5,4,1,4,0,0,1.7,3.6,4.1,1.73,3.6,4.2,1.7,3.6,4.4,1.68,3.6,4.0,1.7,3.6,4.0,1.7,3.6,4.0,2.34,3.5,2.85,1.73,4.0,4.4,1.68,3.63,4.16,1.72,4.0,4.1,1.8,2.0,1.87,1.93,1.8,2.0,1.76,1.93,1.73,2.06,-0.75,1.95,1.85,1.93,1.88,1.95,1.85,1.86,1.77,1.92,1.9,1.8,3.5,3.8,1.8,3.4,4.0,1.65,3.65,4.3,1.85,3.4,3.8,1.73,3.5,3.9,1.8,3.4,3.75,1.8,3.4,3.75,2.37,3.58,2.82,1.85,3.66,4.3,1.76,3.48,3.91,1.87,3.95,4.4,1.9,1.9,1.87,1.96,1.91,1.92,1.82,1.86,1.89,2.1,-0.5,1.83,1.98,1.93,1.9,1.83,2.0,1.77,1.89,1.88,2.06,2,0,0.1111048042866225,0.5357173265219242,0.24793529161345254,0.2163473818646232,2025.0,11.0,5.0,0,0,0,0,0,medium,0,0,0,strong,medium
SC2,2025-11-15,17:00,East Fife,Stenhousemuir,1,0,H,0,0,D,S Murdoch,7,5,2,2,15,11,7,7,4,3,0,0,2.1,3.3,3.1,2.1,3.2,3.2,2.15,3.25,3.13,2.1,3.2,2.95,2.1,3.25,2.9,2.1,3.25,2.9,2.34,3.5,2.85,2.17,3.3,3.3,2.12,3.21,3.05,2.04,3.1,3.4,1.95,1.85,1.87,1.93,1.95,1.93,1.85,1.83,1.81,1.89,-0.25,1.85,1.95,1.93,1.88,1.85,1.95,1.8,1.84,1.78,2.04,2.05,3.3,3.1,2.05,3.25,3.25,1.98,3.25,3.25,2.1,3.25,3.2,1.98,3.25,3.2,2.0,3.25,3.2,2.0,3.25,3.2,2.37,3.58,2.82,2.15,3.3,3.25,2.05,3.21,3.19,2.28,3.55,3.35,1.9,1.9,1.87,1.96,1.9,1.94,1.82,1.85,1.98,1.92,-0.25,1.85,1.95,1.93,1.9,1.85,1.95,1.78,1.85,1.96,1.96,1,1,0.11109344541734245,0.4245350516223868,0.28037828954500316,0.2950866588326099,2025.0,11.0,5.0,0,0,0,0,0,medium,0,0,0,medium,medium
SC2,2025-11-22,15:00,Cove Rangers,Alloa,0,0,D,0,0,D,J Kennedy,10,13,7,5,13,7,8,8,4,1,0,0,2.75,3.25,2.3,2.8,3.1,2.38,2.8,3.3,2.3,2.7,3.2,2.3,2.7,3.2,2.3,2.7,3.2,2.3,2.34,3.5,2.85,2.88,3.3,2.42,2.76,3.15,2.33,3.15,3.2,2.46,2.0,1.8,1.87,1.93,2.0,1.8,1.93,1.75,1.07,1.1,0.25,1.78,2.03,1.93,1.88,1.78,2.03,1.69,1.97,1.79,2.11,2.6,3.4,2.38,2.8,3.1,2.38,,,,2.7,3.25,2.4,2.65,3.25,2.25,2.7,3.25,2.3,2.7,3.25,2.3,2.37,3.58,2.82,2.8,3.4,2.45,2.7,3.19,2.36,2.98,3.35,2.6,1.83,1.98,1.87,1.96,1.95,1.98,1.88,1.81,2.02,1.9,0.0,2.0,1.8,1.93,1.9,2.0,1.8,1.94,1.72,2.11,1.84,0,0,0.10896370739625083,0.32671839318385176,0.28626754450394626,0.38701406231220203,2025.0,11.0,5.0,0,0,0,0,0,medium,0,0,0,medium,strong
SC2,2025-11-22,15:00,Hamilton,Kelty Hearts,3,1,H,1,1,D,P Stuart,7,10,3,6,13,10,1,7,3,2,0,0,1.3,4.75,8.0,1.29,5.0,8.5,1.29,5.0,8.5,1.29,5.0,7.5,1.28,5.0,7.5,1.28,5.0,7.5,2.34,3.5,2.85,1.33,5.0,8.5,1.29,4.9,7.95,1.31,4.6,8.6,1.62,2.25,1.87,1.93,1.62,2.25,1.57,2.21,1.2,1.1,-1.5,1.9,1.9,1.93,1.88,1.9,1.9,1.85,1.82,1.92,1.86,1.3,4.75,8.0,1.29,5.0,8.5,,,,1.3,4.8,8.5,1.27,5.25,7.75,1.28,5.25,7.5,1.28,5.25,7.5,2.37,3.58,2.82,1.3,5.25,8.5,1.29,4.91,7.91,1.35,5.6,11.0,1.62,2.25,1.87,1.96,1.62,2.25,1.57,2.21,1.68,2.34,-1.5,1.95,1.85,1.93,1.9,1.95,1.9,1.84,1.82,2.02,1.85,4,2,0.10506159462468623,0.701493746792361,0.18467896599227462,0.11382728721536425,2025.0,11.0,5.0,0,0,0,0,0,medium,0,0,0,strong,medium
SC2,2025-11-22,15:00,Montrose,East Fife,2,1,H,2,1,H,D Williams,9,8,5,5,10,16,5,6,0,2,0,0,3.4,3.4,1.95,3.5,3.3,1.95,3.6,3.4,1.93,3.2,3.4,1.95,3.2,3.4,1.95,3.2,3.4,1.95,2.34,3.5,2.85,3.6,3.5,1.96,3.39,3.37,1.94,3.55,3.25,1.93,1.9,1.9,1.87,1.93,1.91,1.91,1.85,1.83,1.94,1.9,0.5,1.75,2.05,1.93,1.88,1.78,2.05,1.74,1.93,1.89,1.9,2.9,3.25,2.2,2.88,3.2,2.25,,,,2.88,3.3,2.25,2.8,3.2,2.2,2.8,3.2,2.2,2.8,3.2,2.2,2.37,3.58,2.82,3.0,3.5,2.33,2.8,3.28,2.23,2.86,3.6,2.48,1.95,1.85,1.87,1.96,1.95,1.85,1.85,1.82,1.98,1.92,0.25,1.83,1.98,1.93,1.9,1.83,1.98,1.73,1.92,1.8,2.15,3,1,0.10718507330774685,0.2664281318896274,0.2680093077465391,0.4655625603638334,2025.0,11.0,5.0,0,0,0,0,0,medium,0,0,0,medium,strong
SC2,2025-11-22,15:00,Peterhead,Stenhousemuir,1,4,A,0,1,A,I Snedden,12,11,3,7,17,22,6,1,3,3,0,0,2.25,3.3,2.88,2.3,3.1,2.88,2.3,3.2,2.9,2.25,3.1,2.8,2.25,3.1,2.8,2.25,3.1,2.8,2.34,3.5,2.85,2.38,3.3,3.0,2.29,3.1,2.86,2.36,2.9,3.0,2.08,1.73,1.87,1.93,2.1,1.73,2.04,1.68,1.07,1.1,-0.25,2.0,1.8,1.93,1.88,2.0,1.8,1.93,1.72,1.38,1.01,2.15,3.25,3.1,2.15,3.1,3.2,,,,2.15,3.25,3.13,2.15,3.1,2.9,2.2,3.1,2.9,2.2,3.1,2.9,2.37,3.58,2.82,2.2,3.25,3.25,2.14,3.14,3.09,2.24,3.35,3.35,2.1,1.7,1.87,1.96,2.1,1.73,2.01,1.7,2.12,1.78,-0.25,1.93,1.88,1.93,1.9,1.93,1.88,1.81,1.83,1.93,1.98,5,-3,0.10891221751906377,0.3937924172973741,0.29089826955193115,0.31530931315069466,2025.0,11.0,5.0,0,0,0,0,0,medium,0,0,0,medium,strong
SC2,2025-11-22,17:30,Inverness C,Queen of Sth,4,0,H,2,0,H,J Wilkie,14,1,8,1,11,14,6,1,1,2,0,0,1.4,4.33,6.25,1.36,4.5,6.5,1.4,4.4,6.5,1.41,4.5,5.5,1.4,4.5,5.5,1.4,4.5,5.5,2.34,3.5,2.85,1.44,4.6,6.5,1.4,4.36,5.95,1.41,4.2,5.5,1.57,2.35,1.87,1.93,1.64,2.38,1.55,2.27,1.45,2.2,-1.25,1.9,1.9,1.93,1.88,1.9,1.9,1.84,1.8,1.75,1.75,1.44,4.2,5.75,1.4,4.2,6.5,1.43,4.1,6.0,1.4,4.4,6.5,1.42,4.4,5.5,1.44,4.33,5.5,1.44,4.33,5.5,2.37,3.58,2.82,1.48,4.4,6.8,1.43,4.2,5.93,1.49,4.7,6.6,1.62,2.25,1.87,1.96,1.66,2.25,1.6,2.17,1.69,2.32,-1.25,1.98,1.83,1.93,1.9,1.98,1.83,1.91,1.73,2.02,1.83,4,4,0.11171073934160813,0.6425104022191401,0.20631067961165048,0.15117891816920942,2025.0,11.0,5.0,0,0,0,0,0,medium,0,0,0,strong,medium
SC2,2025-11-25,19:45,Alloa,Inverness C,1,1,D,0,1,A,E Anderson,8,10,2,3,10,11,5,6,1,1,0,0,4.5,3.9,1.62,4.6,3.6,1.67,4.75,3.75,1.62,4.4,3.7,1.61,4.4,3.7,1.61,4.4,3.7,1.61,2.34,3.5,2.85,4.75,3.9,1.73,4.44,3.64,1.65,5.0,3.85,1.7,1.75,2.05,1.87,1.93,1.81,2.05,1.74,1.95,1.76,2.12,0.75,2.0,1.8,1.93,1.88,2.0,1.8,1.87,1.76,1.61,1.7,4.1,3.5,1.7,4.5,3.5,1.7,4.25,3.4,1.73,4.5,3.7,1.67,4.0,3.4,1.72,4.0,3.4,1.73,4.0,3.4,1.73,2.37,3.58,2.82,4.5,3.7,1.75,4.2,3.51,1.71,5.2,3.85,1.76,1.88,1.93,1.87,1.96,1.88,1.93,1.81,1.87,1.9,1.98,0.75,1.85,1.95,1.93,1.9,1.85,1.95,1.77,1.86,1.95,1.96,2,0,0.10601110601110597,0.20363739930018715,0.24839287167385465,0.5479697290259582,2025.0,11.0,1.0,0,0,0,0,0,medium,0,0,0,medium,strong
SC2,2025-12-06,15:00,Alloa,Peterhead,4,0,H,1,0,H,A Grieve,12,4,8,1,20,13,6,1,2,1,0,0,1.85,3.5,3.6,1.9,3.3,3.6,1.91,3.4,3.6,1.9,3.3,3.3,1.91,3.4,3.3,1.91,3.4,3.3,2.34,3.5,2.85,1.91,3.6,3.8,1.87,3.4,3.54,1.78,3.2,3.4,1.88,1.93,1.87,1.93,1.9,1.93,1.82,1.85,1.76,1.8,-0.5,1.93,1.88,1.93,1.88,1.93,1.9,1.85,1.81,1.78,1.96,1.9,3.4,3.6,1.83,3.3,3.75,,,,1.9,3.4,3.7,1.9,3.3,3.4,1.91,3.3,3.4,1.91,3.3,3.4,2.37,3.58,2.82,1.95,3.6,3.75,1.88,3.37,3.57,1.88,3.75,4.5,1.95,1.85,1.87,1.96,1.95,1.85,1.89,1.8,1.98,1.9,-0.5,1.98,1.83,1.93,1.9,1.98,1.85,1.86,1.8,1.88,2.09,4,4,0.11136288105380832,0.48117439173576176,0.26464591545466903,0.2541796928095691,2025.0,12.0,5.0,0,0,0,0,0,medium,0,0,0,strong,medium
SC2,2025-12-06,15:00,Kelty Hearts,Montrose,0,3,A,0,2,A,G Calder,6,11,2,5,6,14,4,3,2,3,0,0,2.88,3.3,2.2,2.88,3.2,2.2,3.0,3.25,2.2,2.8,3.3,2.15,2.8,3.3,2.15,2.8,3.3,2.15,2.34,3.5,2.85,3.1,3.3,2.28,2.92,3.23,2.18,2.78,2.96,2.04,1.88,1.93,1.87,1.93,1.9,1.95,1.81,1.87,1.78,1.75,0.25,1.85,1.95,1.93,1.88,1.85,1.95,1.77,1.87,1.7,1.77,2.7,3.2,2.4,2.75,3.1,2.4,2.8,3.15,2.3,2.7,3.25,2.4,2.65,3.2,2.3,2.7,3.2,2.3,2.7,3.2,2.3,2.37,3.58,2.82,2.8,3.25,2.45,2.72,3.13,2.36,3.0,3.35,2.5,2.0,1.8,1.87,1.96,2.0,1.8,1.93,1.76,2.08,1.83,0.0,2.03,1.78,1.93,1.9,2.03,1.78,1.95,1.72,2.2,1.8,3,-3,0.11077887297474698,0.30831136759696304,0.2787211125025177,0.4129675199005193,2025.0,12.0,5.0,0,0,0,0,0,medium,0,0,0,medium,strong
SC2,2025-12-06,15:00,Queen of Sth,Cove Rangers,1,1,D,0,1,A,I Snedden,10,12,3,6,7,16,2,4,0,2,0,0,2.1,3.4,3.1,2.1,3.3,3.0,2.05,3.5,3.1,2.0,3.4,3.0,2.0,3.4,3.0,2.0,3.4,3.0,2.34,3.5,2.85,2.12,3.6,3.2,2.05,3.42,3.01,2.08,3.2,3.1,1.73,2.08,1.87,1.93,1.73,2.1,1.67,2.04,1.67,2.1,-0.25,1.83,1.98,1.93,1.88,1.83,1.98,1.77,1.87,1.82,1.93,1.85,3.5,3.5,1.95,3.3,3.4,1.98,3.15,3.45,1.91,3.5,3.5,1.9,3.4,3.3,1.91,3.4,3.3,1.91,3.4,3.3,2.37,3.58,2.82,1.98,3.6,3.65,1.91,3.39,3.42,1.96,3.75,3.9,1.73,2.08,1.87,1.96,1.85,2.08,1.77,1.92,1.89,2.06,-0.5,1.93,1.88,1.93,1.9,1.93,1.88,1.87,1.79,1.96,1.94,2,0,0.11242845248875644,0.4385044961385603,0.26284626230527736,0.29864924155616235,2025.0,12.0,5.0,0,0,0,0,0,medium,0,0,0,medium,medium
SC2,2025-12-06,15:00,Stenhousemuir,Hamilton,0,0,D,0,0,D,C Stirling,15,7,5,5,11,13,4,1,2,4,0,0,2.63,3.4,2.35,2.63,3.2,2.38,2.7,3.25,2.4,2.65,3.25,2.25,2.7,3.25,2.3,2.7,3.25,2.3,2.34,3.5,2.85,2.75,3.5,2.4,2.66,3.28,2.34,2.7,3.45,2.44,1.95,1.85,1.87,1.93,1.95,1.85,1.87,1.8,1.93,1.87,0.0,2.03,1.78,1.93,1.88,2.03,1.78,1.94,1.72,2.0,1.8,2.9,3.4,2.2,2.8,3.2,2.25,2.8,3.2,2.28,2.8,3.3,2.3,2.7,3.25,2.25,2.7,3.25,2.25,2.7,3.25,2.25,2.37,3.58,2.82,3.0,3.5,2.3,2.8,3.28,2.24,3.1,3.55,2.42,1.95,1.85,1.87,1.96,1.98,1.9,1.89,1.79,1.94,1.93,0.25,1.83,1.98,1.93,1.9,1.83,1.98,1.74,1.9,1.86,2.08,0,0,0.10816832575497526,0.3392443556514206,0.2751188981807252,0.3856367461678542,2025.0,12.0,5.0,0,0,0,0,0,medium,0,0,0,medium,strong
SC2,2025-12-13,15:00,Alloa,Queen of Sth,0,2,A,0,1,A,L Hogarth,7,15,2,5,11,20,5,4,4,5,0,0,1.85,3.3,3.8,1.9,3.25,3.6,1.85,3.4,3.8,1.83,3.3,3.7,1.85,3.3,3.7,1.85,3.3,3.7,2.34,3.5,2.85,1.91,3.5,3.85,1.86,3.34,3.65,1.94,3.4,3.75,1.95,1.85,1.87,1.93,1.95,1.85,1.89,1.79,1.9,1.91,-0.5,1.9,1.9,1.93,1.88,1.9,1.9,1.83,1.82,1.94,1.86,1.9,3.3,3.6,1.9,3.25,3.6,1.88,3.35,3.5,1.91,3.4,3.6,1.88,3.3,3.5,1.91,3.3,3.5,1.85,3.2,3.4,2.37,3.58,2.82,1.95,3.5,3.85,1.89,3.33,3.61,2.0,3.5,3.8,1.9,1.9,1.87,1.96,1.93,1.9,1.87,1.82,2.0,1.89,-0.5,1.95,1.85,1.93,1.9,1.95,1.9,1.89,1.82,2.0,1.89,2,-2,0.11100820894666708,0.48391578412537106,0.2694860354710151,0.24659818040361375,2025.0,12.0,5.0,0,0,0,0,0,medium,0,0,0,strong,medium
SC2,2025-12-13,15:00,Cove Rangers,East Fife,0,1,A,0,0,D,J Hay,6,8,3,5,6,8,4,3,0,0,0,0,2.5,3.3,2.55,2.5,3.2,2.5,2.5,3.3,2.55,2.4,3.25,2.5,2.45,3.25,2.5,2.45,3.25,2.5,2.34,3.5,2.85,2.5,3.4,2.55,2.45,3.27,2.51,2.6,3.45,2.72,1.85,1.95,1.87,1.93,1.9,1.95,1.8,1.87,1.87,1.92,0.0,1.88,1.93,1.93,1.88,1.88,1.93,1.79,1.86,1.89,1.99,2.2,3.4,2.88,2.25,3.2,2.8,2.35,3.1,2.75,2.25,3.4,2.8,2.2,3.3,2.7,2.2,3.3,2.7,2.2,3.3,2.7,2.37,3.58,2.82,2.35,3.5,2.88,2.25,3.27,2.75,2.4,3.55,3.0,1.8,2.0,1.87,1.96,1.91,2.0,1.8,1.88,1.87,2.02,-0.25,1.98,1.83,1.93,1.9,1.98,1.83,1.9,1.74,2.07,1.84,1,-1,0.11238003736163127,0.3669278947815474,0.274915395172719,0.3581567100457336,2025.0,12.0,5.0,0,0,0,0,0,medium,0,0,0,medium,strong
SC2,2025-12-13,15:00,Inverness C,Hamilton,4,0,H,2,0,H,G Irvine,10,6,5,0,9,17,8,4,0,2,0,0,1.67,3.2,5.0,1.62,3.4,5.0,1.65,3.5,5.0,1.65,3.4,4.5,1.67,3.4,4.5,1.67,3.4,4.5,2.34,3.5,2.85,1.7,3.5,5.1,1.66,3.36,4.7,1.68,3.2,5.3,2.1,1.7,1.87,1.93,2.1,1.7,2.05,1.66,2.08,1.71,-0.75,1.9,1.9,1.93,1.88,1.9,1.9,1.83,1.8,1.88,1.88,1.53,3.6,5.5,1.5,3.75,6.0,1.58,3.55,5.1,1.5,3.9,5.75,1.49,3.8,5.5,1.48,3.8,5.5,1.48,3.8,5.5,2.37,3.58,2.82,1.58,4.2,6.0,1.51,3.77,5.46,1.55,4.4,6.0,1.8,2.0,1.87,1.96,1.87,2.05,1.75,1.94,1.79,2.14,-1.0,1.9,1.9,1.93,1.9,1.9,1.9,1.82,1.84,1.87,1.92,4,4,0.11279464362007308,0.5413484347790317,0.2674519052777359,0.19119965994323246,2025.0,12.0,5.0,0,0,0,0,0,medium,0,0,0,strong,medium
SC2,2025-12-13,15:00,Montrose,Stenhousemuir,3,0,H,2,0,H,E Anderson,5,10,4,5,12,11,1,4,2,1,0,0,2.75,3.5,2.2,2.8,3.2,2.25,2.88,3.3,2.25,2.75,3.25,2.2,2.75,3.25,2.2,2.75,3.25,2.2,2.34,3.5,2.85,3.0,3.5,2.3,2.83,3.23,2.22,2.96,3.4,2.32,1.8,2.0,1.87,1.93,1.8,2.0,1.76,1.91,1.81,1.98,0.25,1.83,1.98,1.93,1.88,1.83,1.98,1.75,1.9,1.81,2.02,2.7,3.2,2.38,2.88,3.1,2.3,2.85,3.25,2.23,2.9,3.2,2.3,2.75,3.1,2.25,2.8,3.1,2.25,2.8,3.1,2.25,2.37,3.58,2.82,2.9,3.25,2.55,2.8,3.08,2.33,2.92,3.1,2.64,2.08,1.73,1.87,1.96,2.1,1.81,1.99,1.71,2.16,1.78,0.0,2.03,1.78,1.93,1.9,2.08,1.78,1.99,1.69,2.05,1.83,3,3,0.1134048641296288,0.3173660380364785,0.2780637423044069,0.40457021965911444,2025.0,12.0,5.0,0,0,0,0,0,medium,0,0,0,medium,strong
SC2,2025-12-13,15:00,Peterhead,Kelty Hearts,3,2,H,1,0,H,G Soutar,7,4,4,2,16,11,3,2,1,0,1,0,1.65,3.9,4.2,1.62,3.75,4.33,1.65,3.75,4.5,1.63,3.8,4.2,1.65,3.8,4.2,1.65,3.8,4.2,2.34,3.5,2.85,1.65,4.33,4.5,1.64,3.86,4.17,1.74,3.9,4.1,1.62,2.25,1.87,1.93,1.62,2.25,1.59,2.18,1.59,2.14,-0.75,1.85,1.95,1.93,1.88,1.85,1.95,1.78,1.85,1.93,1.88,1.75,3.6,3.8,1.8,3.4,4.0,1.73,3.5,4.0,1.87,3.4,3.75,1.8,3.4,3.6,1.83,3.4,3.6,1.83,3.4,3.6,2.37,3.58,2.82,1.91,3.6,4.0,1.81,3.45,3.72,1.94,3.75,3.9,1.83,1.98,1.87,1.96,1.85,2.04,1.76,1.92,1.86,2.08,-0.5,1.8,2.0,1.93,1.9,1.9,2.0,1.81,1.85,1.94,2.01,5,1,0.10863160855114717,0.5500078591100754,0.23368209558044656,0.2163100453094781,2025.0,12.0,5.0,0,0,0,0,0,medium,0,0,0,strong,medium
SC2,2025-12-20,15:00,East Fife,Peterhead,0,1,A,0,1,A,D Graves,3,7,0,2,14,8,3,7,3,2,0,0,2.1,3.3,2.9,2.15,3.25,3.0,2.15,3.4,3.0,2.05,3.25,3.0,2.1,3.25,3.0,2.1,3.25,3.0,2.34,3.5,2.85,2.15,3.6,3.0,2.11,3.31,2.94,2.2,3.3,2.94,1.83,1.98,1.87,1.93,1.85,1.98,1.8,1.89,1.8,1.95,-0.25,1.9,1.9,1.93,1.88,1.9,1.9,1.83,1.81,1.94,1.83,2.1,3.2,3.0,2.1,3.2,3.1,2.14,3.25,2.95,2.1,3.25,3.2,2.05,3.2,3.1,2.05,3.2,3.1,2.05,3.2,3.1,2.37,3.58,2.82,2.2,3.5,3.2,2.1,3.23,3.04,2.16,3.55,3.45,2.0,1.8,1.87,1.96,2.0,1.83,1.89,1.79,1.98,1.93,-0.25,1.9,1.9,1.93,1.9,1.9,1.9,1.8,1.83,1.87,2.05,1,-1,0.11618450733624575,0.42460152974182885,0.27066744040944374,0.3047310298487275,2025.0,12.0,5.0,0,0,0,0,0,medium,0,0,0,medium,strong
SC2,2025-12-20,15:00,Hamilton,Alloa,1,0,H,1,0,H,S Murdoch,7,11,2,4,16,11,7,8,2,2,0,0,2.4,3.2,2.55,2.5,3.1,2.63,2.45,3.25,2.63,2.3,3.2,2.7,2.3,3.2,2.7,2.3,3.2,2.7,2.34,3.5,2.85,2.5,3.6,2.75,2.4,3.17,2.63,2.48,3.6,2.58,1.95,1.85,1.87,1.93,2.12,1.85,1.94,1.75,1.9,1.89,0.0,1.83,1.98,1.93,1.88,1.83,1.98,1.77,1.88,1.87,1.93,2.38,3.3,2.55,2.4,3.2,2.6,2.38,3.1,2.8,2.45,3.3,2.6,2.37,3.2,2.55,2.4,3.25,2.5,2.4,3.25,2.5,2.37,3.58,2.82,2.45,3.6,2.8,2.38,3.26,2.6,2.48,3.75,2.86,1.8,2.0,1.87,1.96,1.9,2.0,1.8,1.88,1.92,2.02,0.0,1.83,1.98,1.93,1.9,1.83,1.98,1.76,1.9,1.85,2.1,1,1,0.11235221679800733,0.3745815941879221,0.2835948978078905,0.3418235080041874,2025.0,12.0,5.0,0,0,0,0,0,medium,0,0,0,medium,strong
SC2,2025-12-20,15:00,Kelty Hearts,Cove Rangers,2,5,A,2,1,H,D Williams,9,11,6,7,7,8,3,3,2,1,0,0,3.0,3.25,2.05,3.2,3.1,2.1,3.13,3.25,2.15,3.1,3.25,2.05,3.1,3.25,2.05,3.1,3.25,2.05,2.34,3.5,2.85,3.35,3.3,2.3,3.08,3.14,2.13,3.25,3.3,2.24,2.0,1.8,1.87,1.93,2.08,1.8,1.97,1.73,2.0,1.79,0.25,1.93,1.88,1.93,1.88,1.93,1.88,1.83,1.8,1.91,1.92,3.1,3.25,2.05,3.25,3.2,2.05,2.95,2.95,2.3,3.25,3.2,2.1,3.0,3.2,2.1,3.0,3.2,2.1,3.0,3.2,2.1,2.37,3.58,2.82,3.3,3.4,2.3,3.12,3.16,2.1,3.55,3.6,2.18,2.0,1.8,1.87,1.96,2.05,1.8,1.97,1.72,2.12,1.87,0.25,2.0,1.8,1.93,1.9,2.0,1.8,1.9,1.74,2.08,1.89,7,-3,0.1126302303300597,0.29180882904737393,0.28623286416111837,0.42195830679150786,2025.0,12.0,5.0,0,0,0,0,0,medium,0,0,0,medium,strong
SC2,2025-12-20,15:00,Queen of Sth,Montrose,1,0,H,0,0,D,G Grainger,13,7,6,2,13,11,3,5,2,2,0,0,1.8,3.6,3.6,1.83,3.4,3.75,1.83,3.6,3.7,1.83,3.4,3.5,1.83,3.4,3.5,1.83,3.4,3.5,2.34,3.5,2.85,1.95,3.9,3.9,1.85,3.48,3.5,1.9,3.55,3.7,1.73,2.08,1.87,1.93,1.87,2.1,1.73,1.97,1.69,2.1,-0.5,1.88,1.93,1.93,1.88,1.88,1.93,1.81,1.84,1.9,1.91,1.85,3.4,3.6,1.9,3.25,3.6,1.95,3.25,3.45,1.9,3.4,3.6,1.88,3.25,3.5,1.91,3.25,3.5,1.91,3.25,3.5,2.37,3.58,2.82,1.95,3.7,3.75,1.89,3.33,3.5,2.02,3.7,3.85,1.98,1.83,1.87,1.96,1.98,1.85,1.88,1.8,2.04,1.87,-0.5,1.93,1.88,1.93,1.9,1.93,1.88,1.87,1.79,2.02,1.92,1,1,0.1136111480939066,0.4853943330809389,0.2580400908619934,0.2565655760570677,2025.0,12.0,5.0,0,0,0,0,0,medium,0,0,0,strong,medium
SC2,2025-12-20,15:00,Stenhousemuir,Inverness C,1,0,H,0,0,D,L Wilson,3,14,3,2,18,7,3,9,3,1,1,0,3.8,3.3,1.8,4.0,3.25,1.83,3.9,3.4,1.83,3.75,3.3,1.82,3.75,3.3,1.83,3.75,3.3,1.83,2.34,3.5,2.85,5.0,3.4,1.87,4.0,3.21,1.82,4.3,3.25,1.83,2.0,1.8,1.87,1.93,2.0,1.8,1.95,1.74,2.0,1.77,0.5,1.95,1.85,1.93,1.88,1.95,1.85,1.86,1.79,2.01,1.83,4.33,3.4,1.67,4.0,3.3,1.8,4.4,3.55,1.66,4.6,3.5,1.7,4.1,3.4,1.73,4.0,3.4,1.73,4.0,3.4,1.73,2.37,3.58,2.82,5.0,3.55,1.8,4.39,3.34,1.71,5.7,3.5,1.78,2.0,1.8,1.87,1.96,2.0,1.8,1.92,1.76,2.08,1.88,0.75,1.85,1.95,1.93,1.9,1.85,1.95,1.76,1.87,1.88,2.01,1,1,0.11097702920132813,0.22502715486360944,0.28040766961197433,0.49456517552441626,2025.0,12.0,5.0,0,0,0,0,0,medium,0,0,0,medium,strong
SC2,2025-12-27,15:00,Alloa,Stenhousemuir,0,0,D,0,0,D,P Stuart,4,6,0,2,8,10,2,2,3,3,0,0,2.1,3.3,3.0,2.05,3.1,3.3,2.1,3.2,3.3,2.05,3.2,3.1,2.05,3.2,3.2,2.05,3.2,3.2,2.34,3.5,2.85,2.15,3.4,3.35,2.08,3.17,3.17,1.04,1.01,1.04,2.1,1.7,1.87,1.93,2.1,1.7,2.04,1.67,,,-0.25,1.8,2.0,1.93,1.88,1.8,2.0,1.76,1.88,,,2.1,3.25,3.0,2.15,3.0,3.25,2.02,3.1,3.4,2.15,3.1,3.25,2.05,3.1,3.2,2.05,3.1,3.2,2.05,3.1,3.2,2.37,3.58,2.82,2.15,3.25,3.5,2.07,3.06,3.28,2.22,3.35,3.55,2.2,1.65,1.87,1.96,2.2,1.65,2.15,1.61,2.32,1.71,-0.25,1.88,1.93,1.93,1.9,1.88,1.93,1.79,1.85,1.88,2.03,0,0,0.1116840572676534,0.4324693042291951,0.2837653478854025,0.2837653478854025,2025.0,12.0,5.0,0,0,0,0,0,medium,0,0,0,medium,medium
SC2,2025-12-27,15:00,East Fife,Kelty Hearts,0,1,A,0,1,A,I Snedden,4,7,3,6,16,9,2,6,1,4,0,0,1.53,3.7,5.25,1.5,3.75,5.5,1.53,3.8,5.5,1.53,3.9,5.0,1.53,3.9,4.8,1.53,3.9,4.8,2.34,3.5,2.85,1.55,4.0,5.75,1.52,3.81,5.2,1.04,1.01,1.04,1.75,2.05,1.87,1.93,1.8,2.05,1.72,1.97,,,-1.0,1.95,1.85,1.93,1.88,1.95,1.85,1.87,1.79,,,1.65,3.5,4.5,1.67,3.5,4.5,1.53,3.8,5.25,1.67,3.7,4.5,1.63,3.7,4.2,1.65,3.7,4.2,1.65,3.7,4.2,2.37,3.58,2.82,1.75,3.8,5.25,1.64,3.63,4.42,1.87,3.65,4.6,1.8,2.0,1.87,1.96,1.8,2.0,1.75,1.93,1.84,2.06,-0.75,1.85,1.95,1.93,1.9,1.85,1.95,1.83,1.8,1.94,1.96,1,-1,0.11266962075084752,0.5912759048801451,0.235889599847197,0.1728344952726578,2025.0,12.0,5.0,0,0,0,0,0,medium,0,0,0,strong,medium
SC2,2025-12-27,15:00,Montrose,Inverness C,2,1,H,0,1,A,G Hanvidge,7,1,4,1,2,6,2,2,1,0,0,0,6.25,3.8,1.45,6.5,4.0,1.4,6.5,4.0,1.44,5.5,4.0,1.46,5.5,4.0,1.48,5.5,4.0,1.48,2.34,3.5,2.85,6.5,4.2,1.48,5.96,3.93,1.45,1.04,1.01,1.04,1.8,2.0,1.87,1.93,1.8,2.0,1.76,1.91,,,1.0,2.03,1.78,1.93,1.88,2.03,1.8,1.93,1.74,,,5.75,3.8,1.48,6.0,4.0,1.44,6.0,4.4,1.41,6.0,4.2,1.45,5.25,4.0,1.47,5.25,4.0,1.48,5.25,4.0,1.48,2.37,3.58,2.82,6.2,4.4,1.5,5.66,4.03,1.46,6.6,4.2,1.56,1.73,2.08,1.87,1.96,1.73,2.1,1.68,2.04,1.79,2.16,1.0,1.98,1.83,1.93,1.9,1.98,1.83,1.9,1.76,1.97,1.9,3,1,0.11189333352177355,0.15090047744768068,0.2288465255949559,0.6202529969573634,2025.0,12.0,5.0,0,0,0,0,0,medium,0,0,0,medium,strong
SC2,2025-12-27,15:00,Peterhead,Cove Rangers,0,4,A,0,2,A,J Wilkie,12,10,2,7,14,12,4,6,3,1,0,0,2.15,3.3,2.9,2.2,3.2,2.88,2.2,3.4,2.9,2.15,3.3,2.8,2.15,3.3,2.8,2.15,3.3,2.8,2.34,3.5,2.85,2.2,3.4,3.1,2.16,3.29,2.89,1.04,1.01,1.04,1.85,1.95,1.87,1.93,1.9,1.95,1.8,1.87,,,-0.25,1.95,1.85,1.93,1.88,1.95,1.85,1.86,1.77,,,2.3,3.2,2.7,2.25,3.1,2.88,2.18,3.35,2.85,2.3,3.2,2.88,2.25,3.2,2.75,2.25,3.2,2.75,2.25,3.2,2.75,2.37,3.58,2.82,2.3,3.35,2.9,2.25,3.21,2.8,2.52,3.4,3.0,2.0,1.8,1.87,1.96,2.0,1.85,1.9,1.78,2.08,1.85,0.0,1.75,2.05,1.93,1.9,1.75,2.08,1.67,2.0,1.82,2.13,4,-4,0.11293509198979268,0.41598379482782,0.27310790177145633,0.3109083034007236,2025.0,12.0,5.0,0,0,0,0,0,medium,0,0,0,medium,strong
SC2,2025-12-27,15:00,Queen of Sth,Hamilton,4,1,H,2,0,H,C Ashwood,20,7,10,1,5,11,10,1,3,3,0,0,2.63,3.4,2.3,2.63,3.2,2.38,2.7,3.3,2.38,2.5,3.25,2.37,2.5,3.25,2.4,2.5,3.25,2.4,2.34,3.5,2.85,2.75,3.5,2.4,2.62,3.28,2.35,1.04,1.01,1.04,1.85,1.95,1.87,1.93,1.9,1.95,1.8,1.88,,,0.0,2.03,1.78,1.93,1.88,2.03,1.78,1.93,1.73,,,1.95,3.5,3.1,2.05,3.3,3.1,2.16,3.5,2.8,2.38,3.3,2.7,2.0,3.4,3.0,2.05,3.4,3.0,2.05,3.4,3.0,2.37,3.58,2.82,2.38,3.6,3.2,2.08,3.41,2.96,2.1,3.9,3.5,1.83,1.98,1.87,1.96,1.83,1.98,1.77,1.9,1.87,2.1,-0.25,1.78,2.03,1.93,1.9,2.04,2.03,1.87,1.78,1.84,2.16,5,3,0.11208935298708189,0.34320928285823693,0.2741488783806649,0.3826418387610982,2025.0,12.0,5.0,0,0,0,0,0,medium,0,0,0,medium,strong
