Div,Date,Time,HomeTeam,AwayTeam,FTHG,FTAG,FTR,HTHG,HTAG,HTR,Referee,HS,AS,HST,AST,HF,AF,HC,AC,HY,AY,HR,AR,B365H,B365D,B365A,BWH,BWD,BWA,IWH,IWD,IWA,PSH,PSD,PSA,WHH,WHD,WHA,VCH,VCD,VCA,MaxH,MaxD,MaxA,AvgH,AvgD,AvgA,B365>2.5,B365<2.5,P>2.5,P<2.5,Max>2.5,Max<2.5,Avg>2.5,Avg<2.5,AHh,B365AHH,B365AHA,PAHH,PAHA,MaxAHH,MaxAHA,AvgAHH,AvgAHA,B365CH,B365CD,B365CA,BWCH,BWCD,BWCA,IWCH,IWCD,IWCA,PSCH,PSCD,PSCA,WHCH,WHCD,WHCA,VCCH,VCCD,VCCA,MaxCH,MaxCD,MaxCA,AvgCH,AvgCD,AvgCA,B365C>2.5,B365C<2.5,PC>2.5,PC<2.5,MaxC>2.5,MaxC<2.5,AvgC>2.5,AvgC<2.5,AHCh,B365CAHH,B365CAHA,PCAHH,PCAHA,MaxCAHH,MaxCAHA,AvgCAHH,AvgCAHA,TotalGoals,GoalDifference,Overround,prob_home_market,prob_draw_market,prob_away_market,Year,Month,DayOfWeek,is_extreme_favorite_home,is_extreme_favorite_away,is_mismatch,is_high_scoring_match,is_very_high_scoring,draw_prob_category,has_extreme_draw_odds,has_extreme_home_odds,has_extreme_away_odds,home_team_strength_category,away_team_strength_category
SC1,2019-08-02,19:05,Dunfermline,Dundee,2,2,D,2,1,H,G Aitken,11,11,3,3,17,10,10,4,3,1,0,0,2.87,3.4,2.37,2.6,3.2,2.4,2.85,3.1,2.45,2.97,3.5,2.42,2.9,3.4,2.38,3.0,3.25,2.45,3.0,3.5,2.5,2.84,3.26,2.38,2.2,1.65,2.23,1.7,2.25,1.71,2.17,1.65,0.25,1.75,2.05,1.81,2.1,1.81,2.13,1.76,2.07,2.87,3.4,2.37,2.6,3.2,2.4,2.8,3.1,2.45,2.91,3.49,2.47,2.88,3.4,2.4,2.9,3.2,2.55,2.91,3.49,2.55,2.79,3.25,2.42,2.2,1.65,2.23,1.7,2.25,1.7,2.17,1.65,0.0,2.1,1.77,2.11,1.79,2.12,1.84,2.05,1.78,4,0,0.07902920954089754,0.32632358136639694,0.2842818929694992,0.3893945256641039,2019.0,8.0,4.0,0,0,0,0,0,medium,0,0,0,medium,strong
SC1,2019-08-03,15:00,Alloa,Partick,1,1,D,1,0,H,N Walsh,10,12,5,7,4,18,8,10,0,1,0,0,3.75,3.5,1.95,3.9,3.4,1.8,3.7,3.4,1.93,3.73,3.73,2.01,3.7,3.6,1.95,3.9,3.6,1.95,3.9,3.73,2.01,3.64,3.48,1.93,1.95,1.85,1.97,1.89,2.02,1.91,1.93,1.84,0.5,1.9,1.95,1.88,2.0,1.95,2.0,1.87,1.94,4.2,3.6,1.85,3.4,3.4,1.91,3.8,3.45,1.9,3.85,3.92,1.93,3.8,3.75,1.88,4.0,3.6,1.91,4.2,3.92,1.95,3.71,3.54,1.9,1.95,1.85,1.95,1.93,1.99,1.93,1.92,1.86,0.5,1.93,1.93,1.97,1.93,2.01,1.95,1.91,1.91,2,0,0.08021631159026188,0.2543243161370452,0.26601738814334613,0.4796582957196087,2019.0,8.0,5.0,0,0,0,0,0,medium,0,0,0,medium,strong
SC1,2019-08-03,15:00,Arbroath,Queen of Sth,0,0,D,0,0,D,G Ross,6,12,4,8,7,8,4,8,0,0,0,0,2.25,3.5,3.0,2.35,3.25,2.65,2.3,3.25,3.0,2.38,3.39,3.12,2.3,3.3,3.1,2.38,3.4,3.0,2.38,3.5,3.12,2.3,3.28,2.93,2.0,1.8,2.03,1.84,2.08,1.84,2.0,1.78,-0.25,2.02,1.83,2.04,1.84,2.07,1.86,2.01,1.81,2.3,3.4,2.9,2.15,3.2,3.0,2.3,3.2,2.95,2.38,3.37,3.15,2.35,3.3,3.0,2.38,3.4,3.0,2.4,3.4,3.25,2.28,3.27,2.98,2.0,1.8,2.05,1.83,2.05,1.88,1.99,1.79,-0.25,2.05,1.8,2.04,1.85,2.08,1.85,2.02,1.81,0,0,0.08095758580378498,0.40221985987762315,0.2820444139385772,0.3157357261837997,2019.0,8.0,5.0,0,0,0,0,0,medium,0,0,0,medium,strong
SC1,2019-08-03,15:00,Ayr,Morton,4,2,H,1,0,H,G Duncan,18,9,10,4,14,16,10,7,1,2,0,0,1.95,3.6,3.6,1.9,3.4,3.5,2.0,3.15,3.75,2.1,3.43,3.75,2.1,3.2,3.7,2.05,3.3,3.9,2.17,3.6,3.9,2.03,3.26,3.56,2.2,1.65,2.19,1.71,2.38,1.74,2.2,1.63,-0.5,2.02,1.83,2.09,1.79,2.09,1.84,2.03,1.78,2.0,3.6,3.5,1.9,3.4,3.5,2.1,3.2,3.4,2.08,3.5,3.73,2.1,3.4,3.4,2.1,3.4,3.6,2.22,3.6,3.73,2.06,3.32,3.42,2.1,1.7,2.06,1.82,2.13,1.82,2.05,1.73,-0.5,2.1,1.77,2.08,1.82,2.13,1.82,2.08,1.76,6,2,0.08025818010058683,0.45601213349993325,0.2839584757683633,0.2600293907317035,2019.0,8.0,5.0,0,0,0,0,0,medium,0,0,0,medium,medium
SC1,2019-08-03,15:00,Dundee United,Inverness C,4,1,H,2,1,H,S McLean,10,5,5,2,13,21,6,6,0,2,0,0,1.9,3.4,4.0,1.87,3.1,3.9,1.9,3.25,4.15,1.97,3.31,4.49,1.95,3.3,4.2,1.9,3.4,4.33,1.97,3.44,4.49,1.91,3.23,4.06,2.15,1.66,2.07,1.8,2.3,1.8,2.17,1.65,-0.5,1.9,1.95,1.94,1.94,1.96,1.97,1.9,1.91,1.85,3.5,4.2,1.83,3.25,3.9,1.85,3.35,4.1,1.88,3.52,4.6,1.85,3.5,4.2,1.87,3.5,4.33,1.91,3.62,4.6,1.86,3.37,4.1,2.05,1.75,2.04,1.84,2.1,1.84,2.03,1.75,-0.5,1.88,1.98,1.88,2.02,1.91,2.02,1.87,1.95,5,3,0.07946315136310989,0.4850190659708481,0.2868069399394179,0.228173994089734,2019.0,8.0,5.0,0,0,0,0,0,medium,0,0,0,strong,medium
SC1,2019-08-09,19:05,Partick,Dundee United,1,2,A,1,0,H,W Collum,9,9,4,4,14,11,4,8,0,1,0,0,2.8,3.25,2.5,2.7,3.1,2.4,2.75,3.25,2.45,2.82,3.6,2.48,2.8,3.3,2.5,2.8,3.4,2.5,2.83,3.6,2.51,2.74,3.3,2.43,2.0,1.8,1.97,1.89,2.06,1.89,1.95,1.82,0.0,2.02,1.83,2.07,1.81,2.11,1.86,2.03,1.8,3.4,3.3,2.15,2.9,3.2,2.2,3.15,3.25,2.2,3.26,3.59,2.22,3.2,3.5,2.15,3.3,3.4,2.2,3.4,3.59,2.28,3.13,3.31,2.18,2.0,1.8,2.0,1.88,2.05,1.91,1.96,1.81,0.25,1.95,1.9,1.96,1.93,1.98,1.98,1.91,1.92,3,-1,0.07951644042479389,0.3380805423454417,0.2807092987959122,0.3812101588586462,2019.0,8.0,4.0,0,0,0,0,0,medium,0,0,0,medium,strong
SC1,2019-08-10,15:00,Dundee,Ayr,1,0,H,0,0,D,A Newlands,10,8,4,3,10,16,4,3,0,3,0,0,2.0,3.4,3.75,1.83,3.4,3.7,2.0,3.35,3.6,2.06,3.53,3.77,2.0,3.4,3.7,1.93,3.25,3.4,2.09,3.53,3.77,1.99,3.36,3.56,2.0,1.8,1.99,1.88,2.06,1.88,1.95,1.81,-0.5,2.02,1.83,2.05,1.83,2.09,1.86,2.02,1.81,2.25,3.4,3.1,2.1,3.2,3.1,2.35,3.25,2.9,2.41,3.3,3.15,2.35,3.3,3.0,2.38,3.4,3.0,2.42,3.44,3.15,2.31,3.24,2.96,1.95,1.85,1.98,1.91,2.0,1.95,1.93,1.84,-0.25,2.1,1.77,2.07,1.83,2.14,1.85,2.05,1.8,1,1,0.08103048683761238,0.46484587523899823,0.2753105034897639,0.25984362127123783,2019.0,8.0,5.0,0,0,0,0,0,medium,0,0,0,strong,medium
SC1,2019-08-10,15:00,Inverness C,Arbroath,2,1,H,1,1,D,M Roncone,17,6,9,4,9,8,8,2,1,1,0,0,1.57,3.75,6.0,1.53,3.6,5.5,1.63,3.8,5.0,1.65,3.97,5.53,1.65,3.8,5.25,1.57,3.6,4.8,1.69,4.0,6.0,1.61,3.77,5.16,1.85,1.95,1.84,2.02,1.91,2.02,1.82,1.95,-0.75,1.83,2.02,1.84,2.04,1.86,2.1,1.81,2.02,1.57,3.75,6.0,1.53,3.75,5.25,1.6,3.95,5.0,1.64,4.08,5.41,1.63,3.9,5.25,1.62,4.0,5.4,1.68,4.1,6.0,1.59,3.9,5.1,1.7,2.1,1.74,2.16,1.76,2.21,1.71,2.09,-0.75,1.8,2.05,1.83,2.06,1.83,2.11,1.79,2.05,3,1,0.08016845142468365,0.5750195829207372,0.2455653921756995,0.17941502490356337,2019.0,8.0,5.0,0,0,0,0,0,medium,0,0,0,strong,medium
SC1,2019-08-10,15:00,Morton,Alloa,4,1,H,1,1,D,G Ross,16,8,9,3,19,11,11,0,2,4,0,1,2.1,3.3,3.5,1.91,3.3,3.5,2.05,3.35,3.4,2.08,3.82,3.43,2.1,3.4,3.4,2.05,3.2,3.2,2.17,3.82,3.5,2.04,3.43,3.33,2.0,1.8,1.97,1.89,2.08,1.91,1.95,1.82,-0.5,2.15,1.73,2.07,1.81,2.19,1.81,2.09,1.75,2.1,3.5,3.25,2.05,3.5,3.0,2.05,3.5,3.25,2.1,3.82,3.36,2.1,3.6,3.25,2.15,3.6,3.13,2.15,3.82,3.36,2.07,3.54,3.16,1.72,2.07,1.78,2.11,1.8,2.14,1.75,2.03,-0.25,1.83,2.02,1.84,2.06,1.87,2.06,1.83,2.0,5,3,0.08204156823604603,0.45302887876155684,0.2694399162313632,0.2775312050070799,2019.0,8.0,5.0,0,0,0,0,0,medium,0,0,0,medium,medium
SC1,2019-08-10,15:00,Queen of Sth,Dunfermline,1,1,D,0,1,A,S Reid,7,10,4,5,19,11,3,5,5,0,0,0,2.8,3.25,2.5,2.7,3.1,2.4,2.8,3.2,2.4,2.94,3.48,2.46,2.8,3.4,2.45,2.63,3.1,2.38,2.94,3.48,2.54,2.78,3.24,2.41,2.07,1.72,2.09,1.78,2.14,1.8,2.03,1.74,0.0,2.05,1.8,2.12,1.77,2.12,1.82,2.07,1.78,3.4,3.25,2.2,2.9,3.1,2.25,3.25,3.3,2.1,3.34,3.71,2.14,3.2,3.5,2.15,3.25,3.4,2.25,3.4,3.71,2.27,3.11,3.35,2.18,2.0,1.8,2.02,1.86,2.06,1.86,1.99,1.79,0.25,1.98,1.88,2.03,1.87,2.04,1.96,1.94,1.89,2,0,0.08329196486056878,0.3320547385968345,0.28491116459851845,0.3830340968046472,2019.0,8.0,5.0,0,0,0,0,0,medium,0,0,0,medium,strong
SC1,2019-08-23,19:05,Morton,Partick,3,2,H,0,2,A,B Madden,12,7,5,4,9,15,5,4,1,2,0,0,3.2,3.4,2.2,2.85,3.3,2.2,2.95,3.35,2.25,3.06,3.47,2.38,2.9,3.4,2.35,3.0,3.4,2.38,3.2,3.55,2.43,2.91,3.36,2.28,1.8,2.0,1.84,2.04,1.85,2.07,1.79,1.98,0.25,1.82,1.97,1.84,2.06,1.87,2.12,1.79,2.02,2.75,3.6,2.4,2.65,3.4,2.3,2.7,3.4,2.4,2.72,3.78,2.48,2.7,3.6,2.4,2.75,3.6,2.45,2.8,3.78,2.51,2.67,3.49,2.39,1.8,2.0,1.83,2.06,1.83,2.09,1.77,2.01,0.0,2.05,1.8,2.04,1.86,2.09,1.86,2.02,1.8,5,1,0.07985815053096657,0.31822940032899655,0.2756093913563631,0.40616120831464037,2019.0,8.0,4.0,0,0,0,0,0,medium,0,0,0,medium,strong
SC1,2019-08-24,15:00,Alloa,Arbroath,0,1,A,0,1,A,C Steven,4,11,0,3,16,15,3,9,2,2,1,0,2.45,3.6,2.62,2.4,3.25,2.6,2.5,3.4,2.6,2.66,3.52,2.68,2.55,3.5,2.62,2.38,3.3,2.5,2.66,3.6,2.75,2.48,3.41,2.6,1.7,2.1,1.76,2.12,1.77,2.19,1.72,2.07,0.0,1.88,1.98,1.93,1.95,1.93,2.04,1.86,1.96,2.45,3.6,2.62,2.4,3.25,2.6,2.5,3.45,2.55,2.63,3.51,2.7,2.55,3.5,2.6,2.63,3.6,2.55,2.63,3.62,2.7,2.5,3.43,2.58,1.66,2.15,1.7,2.23,1.72,2.23,1.68,2.14,0.0,1.9,1.95,1.93,1.98,1.96,1.99,1.89,1.93,1,-1,0.08109632303180692,0.37297861241523217,0.2712571726656233,0.35576421491914445,2019.0,8.0,5.0,0,0,0,0,0,medium,0,0,0,medium,strong
SC1,2019-08-24,15:00,Ayr,Queen of Sth,1,0,H,1,0,H,S Kirkland,6,10,4,3,11,8,3,8,1,2,0,0,1.8,3.4,4.75,1.72,3.4,4.25,1.8,3.4,4.25,1.88,3.6,4.42,1.85,3.5,4.2,1.75,3.25,4.1,1.93,3.6,4.75,1.81,3.42,4.22,2.05,1.75,1.99,1.88,2.1,1.88,1.99,1.77,-0.5,1.82,1.97,1.88,2.01,1.88,2.05,1.82,1.98,2.1,3.5,3.25,2.05,3.25,3.2,2.1,3.35,3.25,2.15,3.5,3.53,2.15,3.4,3.3,2.1,3.5,3.5,2.2,3.5,3.53,2.1,3.36,3.28,1.95,1.85,1.94,1.94,1.96,1.96,1.9,1.86,-0.25,1.85,1.95,1.85,2.05,1.88,2.05,1.82,2.0,1,1,0.0818506733085671,0.5106861801505973,0.2702754345241465,0.21903838532525619,2019.0,8.0,5.0,0,0,0,0,0,medium,0,0,0,strong,medium
SC1,2019-08-24,15:00,Dundee,Inverness C,0,0,D,0,0,D,D Munro,9,14,3,3,10,14,11,6,2,2,0,0,2.37,3.1,3.1,2.3,3.0,2.9,2.4,3.15,2.9,2.57,3.12,3.08,2.38,3.25,3.0,2.3,3.13,2.75,2.57,3.34,3.1,2.38,3.12,2.92,2.05,1.75,2.13,1.75,2.13,1.79,2.04,1.74,-0.25,2.1,1.77,2.16,1.74,2.16,1.83,2.08,1.78,2.15,3.2,3.5,2.3,3.0,2.9,2.2,3.2,3.2,2.26,3.3,3.46,2.2,3.3,3.3,2.3,3.25,3.25,2.3,3.38,3.5,2.21,3.19,3.18,2.05,1.75,2.11,1.78,2.11,1.8,2.03,1.74,-0.25,1.95,1.9,1.94,1.96,1.98,1.96,1.93,1.9,0,0,0.08314664116436887,0.3879142964199339,0.2959089825254624,0.31617672105460365,2019.0,8.0,5.0,0,0,0,0,0,medium,0,0,0,medium,strong
SC1,2019-08-24,15:00,Dunfermline,Dundee United,0,2,A,0,2,A,E Anderson,8,14,1,5,6,12,6,6,1,3,0,0,2.9,3.3,2.37,2.65,3.25,2.35,2.9,3.15,2.4,3.04,3.46,2.4,3.0,3.3,2.35,2.75,3.1,2.3,3.06,3.46,2.45,2.88,3.25,2.35,2.1,1.7,2.12,1.76,2.2,1.76,2.1,1.69,0.25,1.72,2.07,1.82,2.06,1.82,2.14,1.76,2.05,3.25,3.4,2.15,2.85,3.25,2.2,3.3,3.15,2.15,3.4,3.39,2.25,3.4,3.25,2.2,3.5,3.3,2.15,3.5,3.4,2.3,3.2,3.26,2.18,2.1,1.7,2.12,1.78,2.2,1.78,2.09,1.7,0.25,1.98,1.88,1.96,1.93,2.02,1.95,1.94,1.89,2,-2,0.080446444808147,0.3213692116723822,0.284782562958911,0.39384822536870673,2019.0,8.0,5.0,0,0,0,0,0,medium,0,0,0,medium,strong
SC1,2019-08-30,19:05,Inverness C,Morton,5,0,H,1,0,H,A Newlands,19,11,9,6,6,10,8,7,1,2,0,0,1.7,3.6,5.0,1.7,3.5,4.25,1.7,3.8,4.45,1.69,4.15,4.83,1.7,3.9,4.6,1.7,3.9,4.8,1.75,4.15,5.0,1.69,3.8,4.47,1.75,2.05,1.75,2.15,1.8,2.15,1.73,2.05,-0.75,1.9,1.9,1.93,1.98,1.95,1.98,1.89,1.92,1.65,3.8,4.75,1.7,3.5,4.25,1.67,3.8,4.5,1.72,4.08,4.71,1.7,3.9,4.6,1.7,3.9,5.0,1.73,4.08,5.0,1.69,3.81,4.46,1.7,2.1,1.73,2.18,1.76,2.23,1.71,2.09,-0.75,1.85,1.95,1.96,1.93,1.96,2.0,1.89,1.92,5,5,0.07858751760064164,0.5486026554874799,0.24398381257206342,0.2074135319404566,2019.0,8.0,4.0,0,0,0,0,0,medium,0,0,0,strong,medium
SC1,2019-08-30,19:45,Dundee United,Dundee,6,2,H,4,1,H,K Clancy,11,8,8,3,25,17,5,6,1,2,0,0,1.83,3.6,4.2,,,,1.85,3.5,3.95,1.9,3.75,4.14,1.88,3.6,4.0,1.9,3.6,4.1,1.92,3.75,4.2,1.86,3.54,3.95,1.9,1.9,1.93,1.96,1.97,1.96,1.89,1.89,-0.5,1.87,1.92,1.9,2.0,1.95,2.01,1.88,1.94,1.8,3.6,4.33,,,,1.83,3.5,4.05,1.86,3.79,4.27,1.8,3.6,4.33,1.83,3.6,4.4,1.87,3.79,4.4,1.81,3.57,4.09,1.85,1.95,1.92,1.96,1.93,2.0,1.87,1.91,-0.5,1.8,2.0,1.86,2.04,1.86,2.06,1.83,1.98,8,4,0.07328484127039059,0.5009242541483965,0.2631974894678016,0.23587825638380186,2019.0,8.0,4.0,0,0,0,1,0,medium,0,0,0,strong,medium
SC1,2019-08-31,15:00,Arbroath,Dunfermline,1,0,H,0,0,D,S Kirkland,7,5,5,2,14,11,2,4,2,1,0,0,2.7,3.6,2.4,2.55,3.3,2.4,2.8,3.2,2.45,3.01,3.36,2.47,2.9,3.25,2.45,2.88,3.3,2.5,3.01,3.6,2.5,2.77,3.27,2.43,2.05,1.75,2.08,1.81,2.09,1.84,2.01,1.77,0.0,2.05,1.8,2.15,1.76,2.15,1.82,2.07,1.79,3.25,3.25,2.2,3.1,3.5,2.0,3.35,3.4,2.05,3.49,3.53,2.15,3.4,3.4,2.1,3.5,3.5,2.1,3.5,3.54,2.2,3.32,3.38,2.07,1.85,1.95,1.93,1.96,1.95,1.99,1.87,1.9,0.25,2.02,1.83,2.04,1.86,2.12,1.86,2.03,1.8,1,1,0.07834386162328255,0.3347826636500373,0.2835926539176157,0.381624682432347,2019.0,8.0,5.0,0,0,0,0,0,medium,0,0,0,medium,strong
SC1,2019-08-31,15:00,Partick,Ayr,2,3,A,2,1,H,A Dallas,5,12,3,8,10,3,5,3,1,1,2,0,2.2,3.5,3.1,2.25,3.3,2.75,2.25,3.25,3.1,2.29,3.51,3.2,2.25,3.4,3.1,2.25,3.4,3.2,2.32,3.51,3.2,2.22,3.33,3.03,2.05,1.75,2.02,1.86,2.08,1.86,1.99,1.78,-0.25,1.95,1.9,1.98,1.92,2.02,1.92,1.96,1.88,2.62,3.3,2.6,2.25,3.3,2.75,2.45,3.25,2.75,2.68,3.5,2.65,2.62,3.4,2.6,2.5,3.3,2.88,2.68,3.5,2.95,2.48,3.31,2.67,2.0,1.8,2.02,1.86,2.05,1.9,1.96,1.81,0.0,1.9,1.9,1.96,1.94,1.96,2.15,1.85,1.96,5,-1,0.08078375405108074,0.4167812929848693,0.27785419532324623,0.30536451169188444,2019.0,8.0,5.0,0,0,0,0,0,medium,0,0,0,medium,medium
SC1,2019-08-31,15:00,Queen of Sth,Alloa,0,1,A,0,0,D,G Duncan,9,7,0,3,11,16,8,2,0,2,0,0,1.9,3.6,3.75,2.0,3.4,3.2,1.93,3.35,3.75,1.97,3.82,3.77,1.91,3.7,3.75,1.95,3.5,3.9,2.0,3.82,3.9,1.93,3.53,3.62,2.0,1.8,1.96,1.92,2.06,1.92,1.96,1.81,-0.5,1.95,1.85,1.97,1.93,2.0,1.93,1.94,1.87,1.6,4.33,4.75,1.6,4.2,4.1,1.57,4.0,5.0,1.63,4.6,4.86,1.57,4.4,5.0,1.6,4.3,5.25,1.65,4.61,5.25,1.59,4.21,4.7,1.75,2.05,1.76,2.13,1.79,2.13,1.74,2.04,-0.75,1.72,2.07,1.83,2.07,1.83,2.1,1.78,2.04,1,-1,0.07766392792872878,0.4807943381957326,0.26287055884355914,0.2563351029607082,2019.0,8.0,5.0,0,0,0,0,0,medium,0,0,0,strong,medium
SC1,2019-09-13,19:05,Arbroath,Partick,1,1,D,1,0,H,D Munro,9,10,3,3,12,13,9,6,1,2,0,0,2.6,3.6,2.5,2.45,3.5,2.4,2.65,3.35,2.45,2.71,3.7,2.53,2.62,3.6,2.5,2.63,3.5,2.6,2.75,3.7,2.6,2.63,3.48,2.44,1.85,1.95,1.86,2.02,1.92,2.02,1.83,1.94,0.0,1.95,1.9,2.02,1.88,2.07,1.94,1.99,1.84,2.7,3.6,2.4,2.45,3.5,2.4,2.65,3.35,2.5,2.65,3.64,2.61,2.62,3.5,2.55,2.75,3.5,2.5,2.75,3.64,2.61,2.61,3.46,2.46,1.85,1.95,1.88,2.0,1.91,2.04,1.83,1.95,0.0,2.0,1.85,1.96,1.93,2.04,1.93,1.97,1.85,2,0,0.07742052429498036,0.35290597153876846,0.26670767389280486,0.3803863545684266,2019.0,9.0,4.0,0,0,0,0,0,medium,0,0,0,medium,strong
SC1,2019-09-14,15:00,Ayr,Dundee United,2,0,H,1,0,H,B Madden,10,20,6,6,14,11,6,13,2,0,0,0,3.6,3.75,1.95,3.2,3.5,1.95,3.5,3.45,1.97,3.62,3.97,1.98,3.7,3.6,1.95,3.75,3.6,2.0,3.75,3.97,2.0,3.5,3.59,1.94,1.85,1.95,1.81,2.06,1.88,2.06,1.8,1.96,0.5,1.85,1.95,1.91,1.97,1.91,2.0,1.85,1.96,3.5,3.8,1.9,3.4,3.6,1.87,3.8,3.45,1.9,3.73,3.91,1.96,3.8,3.75,1.88,4.0,3.6,1.91,4.0,3.91,1.96,3.67,3.6,1.9,1.95,1.85,1.98,1.9,2.0,1.95,1.9,1.87,0.5,1.93,1.93,1.94,1.96,1.98,1.96,1.91,1.91,2,2,0.07972973527348515,0.26461648353318434,0.25798264411313243,0.4774008723536832,2019.0,9.0,5.0,0,0,0,0,0,medium,0,0,0,medium,strong
SC1,2019-09-14,15:00,Dundee,Alloa,2,1,H,2,1,H,A Newlands,13,6,6,4,7,13,5,7,0,3,0,0,1.57,3.8,6.0,1.57,3.7,5.0,1.55,4.0,5.5,1.54,4.67,5.7,1.55,4.0,6.0,1.57,4.2,5.75,1.59,4.67,6.0,1.54,4.12,5.41,1.8,2.0,1.83,2.04,1.9,2.05,1.8,1.97,-1.0,1.97,1.82,1.96,1.92,2.02,1.92,1.94,1.86,1.55,3.8,6.0,1.53,3.7,5.5,1.55,4.0,5.4,1.59,4.46,5.4,1.55,4.33,5.5,1.57,4.2,5.75,1.62,4.46,6.0,1.55,4.03,5.41,1.8,2.0,1.86,2.02,1.89,2.05,1.8,1.97,-1.0,2.0,1.85,2.06,1.84,2.06,1.9,1.99,1.84,3,1,0.07691197950157447,0.6029746736137036,0.2253837372245397,0.17164158916175667,2019.0,9.0,5.0,0,0,0,0,0,medium,0,0,0,strong,medium
SC1,2019-09-14,15:00,Dunfermline,Inverness C,0,1,A,0,0,D,N Walsh,5,3,0,2,5,15,8,1,1,1,0,0,2.5,3.5,2.7,2.35,3.4,2.55,2.5,3.2,2.7,2.6,3.3,2.88,2.5,3.25,2.8,2.6,3.25,2.8,2.6,3.5,2.88,2.48,3.23,2.72,2.0,1.8,2.01,1.85,2.07,1.88,1.97,1.8,0.0,1.85,2.0,1.84,2.04,1.87,2.05,1.82,1.99,2.8,3.4,2.4,2.45,3.4,2.45,2.75,3.25,2.45,2.83,3.38,2.6,2.75,3.3,2.55,2.8,3.3,2.55,2.85,3.42,2.6,2.71,3.27,2.47,2.0,1.8,2.0,1.88,2.03,1.88,1.95,1.82,0.0,2.02,1.83,2.03,1.86,2.08,1.87,2.01,1.82,1,-1,0.08047038849495669,0.3731946851530907,0.28653957250144424,0.34026574234546497,2019.0,9.0,5.0,0,0,0,0,0,medium,0,0,0,medium,strong
SC1,2019-09-14,15:00,Queen of Sth,Morton,1,0,H,1,0,H,J Beaton,11,13,6,5,10,12,3,6,1,3,0,0,2.1,3.6,3.3,2.1,3.4,2.95,2.1,3.45,3.2,2.17,3.76,3.24,2.15,3.6,3.2,2.15,3.6,3.25,2.17,3.76,3.3,2.1,3.51,3.13,1.72,2.07,1.7,2.2,1.8,2.2,1.73,2.06,-0.25,1.88,1.98,1.89,1.99,1.9,2.02,1.85,1.96,2.0,3.5,3.5,2.1,3.4,2.95,2.05,3.5,3.3,2.11,3.75,3.39,2.05,3.7,3.3,2.1,3.7,3.3,2.12,3.75,3.5,2.05,3.54,3.23,1.7,2.1,1.76,2.13,1.78,2.16,1.71,2.08,-0.25,1.85,2.0,1.84,2.06,1.87,2.09,1.82,2.02,1,1,0.08057957898213486,0.4406806175617622,0.26365507033609703,0.2956643121021408,2019.0,9.0,5.0,0,0,0,0,0,medium,0,0,0,medium,medium
SC1,2019-09-21,15:00,Alloa,Ayr,1,4,A,0,4,A,D Lowe,7,8,4,5,9,6,4,2,1,0,0,0,3.5,3.8,1.95,3.25,3.3,2.0,3.55,3.4,2.0,3.73,3.74,2.01,3.6,3.5,2.0,3.6,3.5,2.05,3.73,3.8,2.06,3.45,3.5,1.98,1.95,1.85,1.94,1.93,1.95,1.93,1.9,1.86,0.25,2.1,1.77,2.18,1.74,2.18,1.8,2.09,1.74,3.75,3.75,1.9,3.5,3.5,1.85,3.8,3.6,1.85,3.88,3.89,1.93,3.9,3.7,1.88,3.9,3.7,1.9,3.9,3.89,1.93,3.66,3.64,1.88,1.8,2.0,1.79,2.09,1.84,2.09,1.78,1.99,0.5,1.98,1.88,1.97,1.93,2.01,1.95,1.93,1.89,5,-3,0.08061986322855885,0.268230376219229,0.26439851370181144,0.46737111007895965,2019.0,9.0,5.0,0,0,0,0,0,medium,0,0,0,medium,strong
SC1,2019-09-21,15:00,Dundee United,Arbroath,2,1,H,0,0,D,G Duncan,10,5,5,1,8,17,10,4,4,4,0,0,1.5,4.2,6.25,1.45,4.1,5.75,1.45,4.3,6.3,1.45,4.65,7.35,1.44,4.4,7.0,1.45,4.4,7.5,1.5,4.65,7.5,1.44,4.31,6.4,1.75,2.05,1.7,2.2,1.75,2.2,1.7,2.09,-1.25,2.02,1.77,2.08,1.8,2.1,1.84,2.02,1.79,1.5,4.2,6.25,1.45,4.1,5.75,1.45,4.4,6.4,1.45,4.7,7.22,1.44,4.5,7.0,1.44,4.5,7.5,1.5,4.71,7.5,1.44,4.39,6.44,1.65,2.2,1.7,2.23,1.73,2.23,1.68,2.14,-1.25,1.97,1.82,2.08,1.82,2.08,1.87,2.0,1.81,3,1,0.08271300592936326,0.641392908962387,0.21429368652107594,0.14431340451653707,2019.0,9.0,5.0,0,0,0,0,0,medium,0,0,0,strong,medium
SC1,2019-09-21,15:00,Inverness C,Queen of Sth,2,0,H,2,0,H,A Newlands,14,5,6,1,4,12,10,4,0,2,0,0,1.85,3.3,4.5,1.75,3.3,4.2,1.77,3.5,4.25,1.76,3.86,4.76,1.78,3.7,4.33,1.83,3.6,4.4,1.85,3.86,4.76,1.77,3.56,4.27,1.95,1.85,1.92,1.94,1.97,1.94,1.89,1.86,-0.5,1.83,2.02,1.75,2.15,1.84,2.15,1.77,2.04,1.72,3.6,4.75,1.72,3.4,4.33,1.67,3.7,4.75,1.72,3.96,4.9,1.7,3.8,4.75,1.67,3.8,5.25,1.74,3.96,5.25,1.68,3.71,4.63,1.85,1.95,1.9,1.98,1.92,2.0,1.86,1.91,-0.75,1.82,1.97,1.96,1.93,1.97,2.02,1.89,1.92,2,2,0.08006266528764971,0.5230916404854733,0.2600764617020471,0.21683189781247958,2019.0,9.0,5.0,0,0,0,0,0,medium,0,0,0,strong,medium
SC1,2019-09-21,15:00,Morton,Dundee,1,0,H,1,0,H,J McKendrick,8,14,1,1,19,9,9,8,0,3,0,0,3.2,3.4,2.2,2.9,3.0,2.3,2.9,3.45,2.25,3.01,3.99,2.21,2.88,3.75,2.25,2.88,3.6,2.38,3.2,3.99,2.38,2.91,3.51,2.21,1.72,2.07,1.73,2.16,1.81,2.16,1.73,2.05,0.25,1.77,2.02,1.93,1.95,1.93,2.08,1.84,1.95,3.2,3.4,2.2,2.9,3.0,2.3,2.9,3.4,2.25,2.96,3.74,2.33,2.88,3.6,2.3,2.9,3.5,2.38,3.2,3.74,2.38,2.88,3.42,2.27,1.8,2.0,1.77,2.12,1.81,2.12,1.76,2.01,0.25,1.8,2.0,1.86,2.04,1.86,2.06,1.81,1.99,1,1,0.08103158436693914,0.3178839699536519,0.2635448297906345,0.4185712002557136,2019.0,9.0,5.0,0,0,0,0,0,medium,0,0,0,medium,strong
SC1,2019-09-21,15:00,Partick,Dunfermline,0,3,A,0,2,A,E Anderson,9,8,1,4,11,7,9,2,0,0,0,0,2.5,3.25,2.8,2.4,3.2,2.65,2.55,3.15,2.75,2.71,3.3,2.76,2.6,3.2,2.75,2.63,3.25,2.75,2.71,3.3,2.8,2.55,3.18,2.68,2.1,1.7,2.16,1.73,2.17,1.75,2.1,1.7,0.0,1.88,1.98,1.92,1.96,1.92,2.01,1.86,1.95,2.62,3.25,2.62,2.4,3.2,2.65,2.65,3.1,2.65,2.78,3.28,2.7,2.7,3.2,2.62,2.7,3.25,2.7,2.78,3.3,2.7,2.61,3.18,2.62,2.1,1.7,2.17,1.74,2.17,1.75,2.1,1.7,0.0,1.93,1.93,1.98,1.92,2.01,1.95,1.92,1.9,3,-3,0.0797565999083385,0.363190058554297,0.29123731110486073,0.34557263034084224,2019.0,9.0,5.0,0,0,0,0,0,medium,0,0,0,medium,strong
SC1,2019-09-27,19:05,Queen of Sth,Dundee,1,1,D,1,1,D,W Collum,15,14,6,5,21,16,1,7,3,1,0,0,2.9,3.3,2.37,2.6,3.1,2.5,2.85,3.15,2.45,3.06,3.2,2.53,2.9,3.25,2.45,3.0,3.3,2.45,3.06,3.32,2.53,2.86,3.16,2.42,2.07,1.72,2.25,1.69,2.25,1.8,2.08,1.72,0.0,2.1,1.77,2.15,1.77,2.15,1.82,2.09,1.76,3.0,3.3,2.3,2.8,3.1,2.3,2.9,3.1,2.4,3.13,3.24,2.46,3.0,3.2,2.4,3.0,3.25,2.45,3.13,3.3,2.46,2.94,3.14,2.37,2.2,1.65,2.3,1.66,2.3,1.73,2.17,1.66,0.25,1.75,2.05,1.81,2.1,1.83,2.12,1.76,2.06,2,0,0.07932918634874908,0.32395153774464125,0.2931966449207828,0.38285181733457596,2019.0,9.0,4.0,0,0,0,0,0,medium,0,0,0,medium,strong
SC1,2019-09-28,15:00,Arbroath,Ayr,0,3,A,0,3,A,G Irvine,5,13,2,8,12,13,4,6,1,0,0,0,3.0,3.5,2.25,2.8,3.4,2.2,2.95,3.3,2.3,3.06,3.53,2.35,3.0,3.4,2.3,3.0,3.5,2.3,3.06,3.53,2.35,2.91,3.38,2.27,1.9,1.9,1.92,1.95,1.95,1.95,1.88,1.89,0.25,1.85,2.0,1.85,2.03,1.87,2.06,1.82,1.99,3.0,3.4,2.25,2.9,3.25,2.2,2.95,3.3,2.3,3.23,3.55,2.25,3.0,3.3,2.35,2.9,3.4,2.4,3.23,3.55,2.4,2.97,3.36,2.25,1.85,1.95,1.91,1.97,1.94,2.0,1.87,1.91,0.25,1.9,1.95,1.94,1.96,1.96,2.08,1.86,1.97,3,-3,0.08002923421076291,0.31817899071497585,0.2739351665623017,0.4078858427227223,2019.0,9.0,5.0,0,0,0,0,0,medium,0,0,0,medium,strong
SC1,2019-09-28,15:00,Dundee United,Morton,6,0,H,3,0,H,A Muir,16,4,10,1,6,10,5,2,1,1,0,0,1.5,4.33,6.0,1.48,4.2,5.0,1.5,4.2,5.6,1.49,4.86,6.14,1.52,4.5,5.5,1.5,4.5,6.25,1.54,4.86,6.25,1.49,4.35,5.57,1.65,2.2,1.63,2.34,1.67,2.34,1.63,2.21,-1.0,1.82,1.97,1.81,2.08,1.89,2.08,1.83,1.98,1.44,4.5,6.5,1.4,4.4,6.0,1.45,4.45,6.1,1.47,4.82,6.51,1.44,4.75,6.5,1.45,4.6,6.5,1.51,4.82,7.0,1.44,4.52,6.11,1.61,2.25,1.64,2.35,1.67,2.37,1.61,2.24,-1.25,2.02,1.77,2.06,1.84,2.08,1.85,2.0,1.81,6,6,0.08055921071310412,0.621105195294576,0.2127463772388318,0.16614842746659214,2019.0,9.0,5.0,0,0,0,0,0,medium,0,0,0,strong,medium
SC1,2019-09-28,15:00,Dunfermline,Alloa,1,1,D,0,0,D,C Steven,16,7,6,3,12,14,6,1,2,3,0,0,1.72,3.6,4.75,1.62,3.75,4.33,1.65,3.7,4.9,1.65,4.15,5.19,1.65,3.9,5.0,1.67,3.9,5.25,1.72,4.15,5.25,1.64,3.8,4.8,1.95,1.85,1.97,1.89,1.97,1.93,1.91,1.86,-0.75,1.88,1.98,1.85,2.03,1.95,2.03,1.85,1.95,1.5,4.0,6.5,1.5,3.9,5.25,1.53,3.95,5.9,1.56,4.32,5.91,1.55,4.0,6.0,1.55,4.1,6.25,1.6,4.32,6.5,1.52,4.01,5.72,1.95,1.85,1.96,1.93,1.99,1.94,1.9,1.87,-1.0,1.95,1.85,2.0,1.9,2.01,1.9,1.95,1.86,2,0,0.081247325631151,0.5639376700469948,0.24338362602028196,0.19267870393272324,2019.0,9.0,5.0,0,0,0,0,0,medium,0,0,0,strong,medium
SC1,2019-09-28,15:00,Inverness C,Partick,1,3,A,1,1,D,D Robertson,16,7,6,6,6,10,6,6,0,3,0,0,1.66,3.6,5.25,1.65,3.5,4.6,1.65,3.85,4.7,1.68,4.1,5.05,1.67,3.9,4.8,1.7,3.9,5.0,1.71,4.1,5.25,1.65,3.81,4.7,1.72,2.07,1.79,2.08,1.79,2.1,1.74,2.04,-0.75,1.88,1.98,1.88,2.0,1.89,2.02,1.85,1.96,1.65,4.0,5.0,1.57,4.0,4.5,1.57,4.0,5.2,1.7,4.07,4.89,1.65,3.9,5.0,1.65,4.1,5.0,1.71,4.2,5.2,1.64,3.9,4.72,1.72,2.07,1.81,2.07,1.82,2.1,1.75,2.02,-0.75,1.85,2.0,1.93,1.98,1.93,2.03,1.86,1.97,4,-2,0.08129375510846448,0.5604957979247852,0.24273440067608806,0.19676980139912673,2019.0,9.0,5.0,0,0,0,0,0,medium,0,0,0,strong,medium
SC1,2019-10-04,19:05,Alloa,Dundee United,1,0,H,1,0,H,G Aitken,4,11,2,3,9,11,1,13,1,0,1,0,8.0,5.25,1.33,6.5,4.5,1.36,7.8,4.85,1.35,7.79,5.41,1.37,9.0,5.0,1.33,9.0,5.2,1.33,9.1,5.41,1.37,7.67,4.91,1.34,1.65,2.2,1.69,2.24,1.69,2.28,1.64,2.2,1.5,1.77,2.02,1.81,2.09,1.83,2.1,1.78,2.02,9.5,5.25,1.3,6.5,4.5,1.36,8.2,4.95,1.32,8.18,5.54,1.35,9.0,5.25,1.32,9.0,5.25,1.33,9.5,5.54,1.36,7.94,4.99,1.33,1.61,2.25,1.65,2.31,1.67,2.34,1.62,2.22,1.5,1.8,2.0,1.87,2.03,1.88,2.06,1.81,1.98,1,1,0.08031274097624985,0.12068551219896952,0.18852502618454095,0.6907894616164896,2019.0,10.0,4.0,0,0,0,0,0,medium,0,0,0,medium,strong
SC1,2019-10-05,15:00,Ayr,Inverness C,0,2,A,0,1,A,S McLean,13,7,7,3,14,15,6,3,2,3,0,0,2.15,3.4,3.3,2.15,3.2,3.0,2.1,3.4,3.2,2.18,3.78,3.21,2.15,3.7,3.1,2.2,3.6,3.2,2.21,3.78,3.3,2.12,3.48,3.12,1.8,2.0,1.81,2.06,1.87,2.06,1.8,1.96,-0.25,1.9,1.95,1.91,1.99,1.94,2.0,1.87,1.94,2.2,3.4,3.25,2.15,3.2,3.0,2.2,3.35,3.1,2.26,3.64,3.15,2.2,3.5,3.1,2.25,3.4,3.2,2.26,3.64,3.25,2.18,3.39,3.08,1.95,1.85,1.95,1.93,1.99,1.96,1.89,1.89,-0.25,1.95,1.9,1.97,1.93,1.97,1.96,1.92,1.9,2,-2,0.07956725555944799,0.4369325864400232,0.26617732277380723,0.2968900907861696,2019.0,10.0,5.0,0,0,0,0,0,medium,0,0,0,medium,medium
SC1,2019-10-05,15:00,Dundee,Arbroath,2,0,H,1,0,H,A Newlands,13,7,7,1,9,16,6,8,3,3,0,0,1.8,3.6,4.33,1.78,3.4,3.9,1.75,3.6,4.3,1.76,3.87,4.76,1.75,3.7,4.6,1.8,3.7,4.5,1.82,3.87,4.76,1.75,3.61,4.33,1.9,1.9,1.93,1.95,1.96,1.96,1.88,1.88,-0.75,2.0,1.8,2.01,1.88,2.06,1.88,1.98,1.81,1.6,3.8,5.75,1.62,3.6,4.75,1.65,3.75,4.95,1.65,4.1,5.31,1.63,3.9,5.25,1.65,3.8,5.5,1.71,4.1,5.75,1.64,3.78,4.96,1.95,1.85,1.98,1.9,2.0,1.91,1.92,1.85,-0.75,1.83,2.02,1.85,2.04,1.89,2.06,1.84,1.98,2,2,0.07938376389496904,0.5294026003935474,0.2566356096090604,0.21396178999739213,2019.0,10.0,5.0,0,0,0,0,0,medium,0,0,0,strong,medium
SC1,2019-10-05,15:00,Morton,Dunfermline,1,1,D,0,0,D,G Beaton,9,5,5,2,13,6,7,5,3,1,0,0,2.9,3.4,2.3,2.65,3.3,2.35,2.85,3.4,2.3,2.9,3.77,2.35,2.8,3.6,2.35,2.8,3.6,2.4,2.9,3.77,2.4,2.8,3.49,2.29,1.72,2.07,1.77,2.1,1.8,2.11,1.74,2.03,0.0,2.13,1.75,2.16,1.75,2.17,1.81,2.11,1.73,3.1,3.4,2.25,2.65,3.25,2.35,2.9,3.25,2.3,2.99,3.54,2.4,2.9,3.4,2.35,3.0,3.3,2.4,3.1,3.54,2.4,2.92,3.32,2.29,2.05,1.75,2.08,1.81,2.08,1.88,1.98,1.8,0.25,1.77,2.02,1.83,2.08,1.87,2.08,1.81,1.99,2,0,0.08035703113967907,0.3305785465811276,0.2652206104375809,0.40420084298129144,2019.0,10.0,5.0,0,0,0,0,0,medium,0,0,0,medium,strong
SC1,2019-10-05,15:00,Partick,Queen of Sth,0,1,A,0,0,D,A Dallas,17,8,4,4,6,6,6,5,1,0,0,0,1.83,3.5,4.2,1.87,3.5,3.5,1.87,3.45,3.95,1.92,3.89,3.92,1.88,3.75,3.8,1.87,3.6,4.2,1.97,3.89,4.2,1.88,3.55,3.77,1.95,1.85,1.96,1.92,2.01,1.92,1.93,1.84,-0.5,1.88,1.98,1.92,1.98,1.95,2.03,1.88,1.93,1.75,3.6,4.5,1.8,3.5,3.75,1.75,3.6,4.35,1.83,3.89,4.28,1.8,3.7,4.2,1.8,3.75,4.4,1.86,3.89,4.5,1.79,3.62,4.11,1.85,1.95,1.91,1.97,1.93,1.99,1.87,1.9,-0.5,1.8,2.05,1.83,2.07,1.83,2.11,1.79,2.03,1,-1,0.0788570238520121,0.49303557548139443,0.26110053011409057,0.24586389440451503,2019.0,10.0,5.0,0,0,0,0,0,medium,0,0,0,strong,medium
SC1,2019-10-19,15:00,Arbroath,Morton,1,0,H,0,0,D,W Collum,10,3,3,0,9,13,3,3,1,1,0,0,2.2,3.4,3.2,2.1,3.4,2.95,2.2,3.4,2.95,2.38,3.73,2.88,2.3,3.6,2.9,2.3,3.5,3.0,2.38,3.73,3.2,2.27,3.47,2.87,1.8,2.0,1.77,2.1,1.86,2.1,1.77,2.0,-0.25,2.0,1.85,2.07,1.81,2.07,1.9,2.0,1.81,2.75,3.4,2.45,2.4,3.2,2.6,2.5,3.3,2.65,2.66,3.45,2.71,2.6,3.4,2.62,2.7,3.4,2.6,2.75,3.48,2.75,2.55,3.31,2.61,1.85,1.95,1.9,1.98,1.93,2.02,1.83,1.94,0.0,2.0,1.85,1.93,1.97,2.02,2.03,1.91,1.91,1,1,0.07714512815070829,0.40897797599247654,0.2675446701737527,0.32347735383377063,2019.0,10.0,5.0,0,0,0,0,0,medium,0,0,0,medium,strong
SC1,2019-10-19,15:00,Dundee,Partick,1,3,A,1,0,H,D Munro,20,11,6,5,3,12,7,6,0,3,0,0,2.0,3.5,3.6,2.0,3.25,3.3,2.05,3.4,3.3,2.1,3.75,3.42,2.1,3.5,3.4,2.05,3.6,3.5,2.12,3.75,3.6,2.04,3.48,3.33,1.85,1.95,1.91,1.95,1.91,2.01,1.84,1.93,-0.25,1.75,2.05,1.83,2.06,1.83,2.1,1.79,2.02,2.05,3.4,3.6,2.0,3.25,3.3,2.1,3.35,3.25,2.12,3.66,3.45,2.1,3.5,3.4,2.15,3.5,3.4,2.2,3.66,3.6,2.08,3.43,3.29,1.85,1.95,1.9,1.98,1.94,2.0,1.85,1.92,-0.25,1.82,1.97,1.84,2.06,1.87,2.06,1.81,2.0,4,-2,0.07785270057075344,0.4547894885560892,0.2666007346708109,0.2786097767730997,2019.0,10.0,5.0,0,0,0,0,0,medium,0,0,0,medium,medium
SC1,2019-10-19,15:00,Dunfermline,Ayr,3,2,H,1,1,D,A Muir,13,15,7,9,9,12,5,11,1,4,0,0,2.55,3.4,2.62,2.35,3.2,2.7,2.5,3.15,2.75,2.52,3.51,2.83,2.6,3.2,2.75,2.6,3.25,2.8,2.66,3.51,2.83,2.49,3.26,2.7,2.1,1.7,2.11,1.76,2.19,1.77,2.07,1.72,0.0,1.85,2.0,1.83,2.06,1.94,2.06,1.84,1.97,2.6,3.4,2.6,2.35,3.2,2.7,2.65,3.1,2.6,2.61,3.37,2.82,2.62,3.2,2.7,2.7,3.2,2.75,2.71,3.4,2.82,2.56,3.19,2.67,2.2,1.65,2.35,1.63,2.35,1.71,2.21,1.64,0.0,1.9,1.95,1.87,2.03,1.95,2.03,1.88,1.94,5,1,0.07872526233085031,0.37229722870774534,0.2843619937062227,0.3433407775860319,2019.0,10.0,5.0,0,0,0,0,0,medium,0,0,0,medium,strong
SC1,2019-10-19,15:00,Inverness C,Alloa,2,2,D,0,1,A,M Roncone,17,9,7,6,13,6,13,3,2,1,0,0,1.45,4.0,7.0,1.48,3.9,5.75,1.45,4.4,6.2,1.45,4.94,6.8,1.44,4.6,6.5,1.5,4.5,6.5,1.51,4.94,7.0,1.44,4.47,6.17,1.66,2.15,1.64,2.32,1.71,2.32,1.65,2.18,-1.25,2.05,1.75,2.05,1.83,2.1,1.83,2.01,1.79,1.4,4.0,7.5,1.4,4.1,6.75,1.43,4.55,6.2,1.43,5.0,7.16,1.42,4.6,7.0,1.4,4.8,8.0,1.48,5.0,8.0,1.41,4.58,6.55,1.6,2.3,1.6,2.43,1.62,2.44,1.58,2.31,-1.25,1.87,1.92,1.97,1.93,1.97,1.95,1.93,1.87,4,0,0.0802326452718587,0.6428656340687388,0.20709765392818433,0.1500367120030768,2019.0,10.0,5.0,0,0,0,0,0,medium,0,0,0,strong,medium
SC1,2019-10-19,15:00,Queen of Sth,Dundee United,4,0,H,2,0,H,D Williams,12,14,7,5,12,13,4,6,2,2,0,0,4.75,4.0,1.66,4.75,3.6,1.62,4.6,3.8,1.67,5.24,3.91,1.69,5.0,3.9,1.65,5.0,4.0,1.67,5.24,4.0,1.71,4.8,3.78,1.65,1.8,2.0,1.89,1.97,1.89,2.0,1.82,1.94,0.75,1.95,1.85,1.99,1.88,2.0,1.89,1.95,1.84,4.5,4.0,1.7,4.2,3.8,1.65,4.45,3.7,1.7,4.71,3.74,1.79,4.6,3.75,1.73,4.8,3.8,1.73,4.8,4.0,1.79,4.39,3.7,1.72,1.85,1.95,1.96,1.92,1.96,1.95,1.86,1.9,0.75,1.9,1.95,1.86,2.04,1.95,2.04,1.87,1.95,4,4,0.0789442039442041,0.19308999721370854,0.24519364725550294,0.5617163555307885,2019.0,10.0,5.0,0,0,0,0,0,medium,0,0,0,medium,strong
SC1,2019-10-25,19:05,Ayr,Dundee,1,2,A,1,2,A,B Madden,12,11,7,6,21,10,9,1,4,1,0,0,2.2,3.4,3.2,2.1,3.2,3.1,2.2,3.35,3.1,2.16,3.8,3.23,2.15,3.7,3.1,2.2,3.6,3.13,2.25,3.8,3.23,2.15,3.45,3.09,1.8,2.0,1.83,2.05,1.83,2.14,1.78,1.99,-0.25,1.93,1.93,1.89,2.0,1.97,2.0,1.89,1.92,2.3,3.4,3.0,2.1,3.2,3.1,2.2,3.4,3.0,2.33,3.65,3.02,2.3,3.6,2.9,2.38,3.5,2.9,2.38,3.65,3.15,2.24,3.41,2.94,1.8,2.0,1.81,2.08,1.84,2.08,1.77,1.99,-0.25,2.05,1.8,2.03,1.87,2.08,1.93,1.99,1.83,3,-1,0.07859594700279127,0.43122383350524846,0.2687336933438505,0.30004247315090105,2019.0,10.0,4.0,0,0,0,0,0,medium,0,0,0,medium,medium
SC1,2019-10-26,15:00,Alloa,Queen of Sth,2,2,D,0,2,A,D Lowe,5,13,3,9,7,5,1,6,2,0,0,0,3.3,3.4,2.15,3.0,3.3,2.1,3.2,3.25,2.15,3.19,3.72,2.21,3.2,3.3,2.25,3.25,3.4,2.25,3.38,3.72,2.28,3.15,3.36,2.16,2.0,1.8,2.08,1.81,2.08,1.84,1.99,1.78,0.25,1.93,1.93,1.97,1.93,1.97,1.97,1.91,1.9,3.1,3.4,2.25,3.0,3.3,2.1,3.0,3.35,2.25,3.02,3.7,2.31,3.0,3.5,2.25,3.1,3.5,2.25,3.2,3.7,2.31,3.02,3.4,2.21,1.85,1.95,1.91,1.98,1.94,1.98,1.87,1.9,0.25,1.93,1.93,1.88,2.01,1.96,2.01,1.89,1.94,4,0,0.07804232804232791,0.294478527607362,0.27607361963190186,0.4294478527607362,2019.0,10.0,5.0,0,0,0,0,0,medium,0,0,0,medium,strong
SC1,2019-10-26,15:00,Dundee United,Dunfermline,2,0,H,2,0,H,S Reid,6,11,2,3,13,15,0,5,1,1,0,0,1.65,4.0,5.0,1.6,3.6,4.75,1.67,3.75,4.55,1.67,4.07,5.19,1.65,3.9,5.0,1.7,4.0,4.75,1.72,4.07,5.19,1.65,3.82,4.69,1.7,2.1,1.74,2.14,1.78,2.14,1.71,2.06,-0.75,1.9,1.95,1.87,2.03,1.94,2.03,1.87,1.95,1.53,4.2,5.75,1.6,3.6,4.75,1.57,3.85,5.6,1.57,4.21,6.02,1.55,4.0,6.0,1.55,4.1,6.25,1.62,4.23,6.25,1.56,3.91,5.53,1.95,1.85,1.98,1.9,2.0,1.95,1.89,1.87,-1.0,2.0,1.85,2.04,1.86,2.05,1.9,1.99,1.82,2,2,0.08106032697733889,0.5606168230732884,0.24215124556830517,0.19723193135840633,2019.0,10.0,5.0,0,0,0,0,0,medium,0,0,0,strong,medium
SC1,2019-10-26,15:00,Morton,Inverness C,2,1,H,1,1,D,E Anderson,5,16,2,4,14,12,5,7,0,2,0,0,3.3,3.5,2.1,3.1,3.3,2.05,3.3,3.5,2.05,3.24,4.2,2.05,3.25,3.6,2.1,3.3,3.7,2.1,3.35,4.2,2.14,3.2,3.66,2.03,1.72,2.07,1.72,2.18,1.79,2.18,1.72,2.07,0.25,2.02,1.83,2.08,1.81,2.08,1.87,2.02,1.81,3.4,3.5,2.1,3.0,3.5,2.05,3.15,3.45,2.1,3.27,3.92,2.11,3.25,3.5,2.15,3.25,3.6,2.15,3.4,3.92,2.2,3.14,3.59,2.08,1.8,2.0,1.83,2.05,1.83,2.13,1.77,2.01,0.25,1.98,1.88,2.05,1.85,2.06,1.91,1.97,1.85,3,1,0.07833488115427079,0.2897986566710092,0.2533758746850353,0.4568254686439554,2019.0,10.0,5.0,0,0,0,0,0,medium,0,0,0,medium,strong
SC1,2019-10-26,15:00,Partick,Arbroath,1,3,A,0,1,A,G Ross,9,9,3,5,9,6,6,3,1,2,0,0,1.65,4.0,4.75,1.65,3.6,4.4,1.65,3.8,4.75,1.68,4.19,4.85,1.67,4.0,4.75,1.7,3.9,4.8,1.72,4.19,5.0,1.66,3.84,4.64,1.75,2.05,1.75,2.14,1.8,2.14,1.74,2.03,-0.75,1.9,1.95,1.91,1.99,1.95,1.99,1.89,1.93,1.61,4.0,5.0,1.65,3.6,4.4,1.7,3.65,4.55,1.73,3.88,4.96,1.7,3.75,4.8,1.7,3.9,4.8,1.75,4.0,5.0,1.69,3.7,4.62,1.85,1.95,1.94,1.94,1.94,1.95,1.87,1.89,-0.75,1.93,1.93,1.97,1.93,1.98,1.97,1.91,1.92,4,-2,0.07834354660019383,0.5586435236279724,0.24149693990167556,0.19985953647035218,2019.0,10.0,5.0,0,0,0,0,0,medium,0,0,0,strong,medium
SC1,2019-10-29,19:45,Alloa,Dundee,0,3,A,0,2,A,B Cook,7,15,1,7,11,5,1,8,1,2,0,0,3.75,3.6,2.0,3.4,3.4,1.91,3.4,3.5,2.0,3.83,3.62,2.01,3.6,3.5,2.0,3.5,3.6,2.05,3.9,3.7,2.06,3.53,3.48,1.97,1.8,2.0,1.81,2.07,1.86,2.07,1.78,2.0,0.5,1.83,2.02,1.88,2.01,1.9,2.07,1.83,1.99,3.4,3.6,2.05,3.4,3.4,1.91,3.3,3.5,2.05,3.73,3.62,2.04,3.5,3.5,2.05,3.5,3.6,2.05,3.73,3.62,2.11,3.41,3.46,2.02,1.8,2.0,1.81,2.07,1.87,2.08,1.78,1.99,0.5,1.8,2.05,1.85,2.04,1.85,2.13,1.8,2.03,3,-3,0.07825665401722004,0.26272605684809974,0.26650085651545746,0.4707730866364427,2019.0,10.0,1.0,0,0,0,0,0,medium,0,0,0,medium,strong
SC1,2019-10-29,19:45,Dundee United,Partick,1,0,H,0,0,D,G Aitken,12,11,3,5,12,8,6,9,3,1,0,0,1.57,4.2,5.0,1.55,4.0,4.75,1.6,3.95,4.9,1.62,4.4,5.17,1.6,4.2,5.0,1.62,4.2,5.25,1.65,4.4,5.25,1.59,4.07,4.92,1.66,2.15,1.68,2.27,1.71,2.27,1.66,2.16,-1.0,2.05,1.8,2.09,1.81,2.1,1.84,2.04,1.79,1.55,4.2,5.5,1.55,4.0,4.75,1.57,4.15,5.0,1.59,4.5,5.33,1.57,4.33,5.25,1.6,4.2,5.5,1.61,4.5,5.5,1.56,4.15,5.04,1.57,2.35,1.56,2.52,1.65,2.52,1.58,2.31,-1.0,1.98,1.88,2.01,1.89,2.04,1.89,1.98,1.85,1,1,0.07788309583063358,0.5834870405175052,0.2279470256567158,0.18856593382577913,2019.0,10.0,1.0,0,0,0,0,0,medium,0,0,0,strong,medium
SC1,2019-10-29,19:45,Dunfermline,Arbroath,2,0,H,0,0,D,J McKendrick,12,2,7,0,4,17,5,3,1,4,0,0,1.7,3.75,5.0,1.75,3.5,3.9,1.75,3.4,4.65,1.78,3.62,5.05,1.75,3.5,5.0,1.75,3.5,5.2,1.83,3.75,5.2,1.75,3.48,4.6,2.25,1.61,2.28,1.68,2.3,1.69,2.19,1.64,-0.75,1.97,1.82,2.06,1.85,2.06,1.87,1.99,1.81,1.66,3.75,5.25,1.75,3.5,3.9,1.73,3.4,4.8,1.74,3.72,5.19,1.7,3.6,5.25,1.73,3.6,5.2,1.77,3.75,5.25,1.71,3.54,4.78,2.15,1.66,2.24,1.7,2.3,1.7,2.17,1.66,-0.75,1.98,1.88,2.0,1.89,2.01,1.93,1.95,1.87,2,2,0.076176197615478,0.5309804962186546,0.2670160541329441,0.20200344964840122,2019.0,10.0,1.0,0,0,0,0,0,medium,0,0,0,strong,medium
SC1,2019-10-29,19:45,Morton,Ayr,2,3,A,0,0,D,C Steven,14,11,4,6,11,8,4,4,1,1,0,0,2.55,3.5,2.6,2.5,3.1,2.55,2.6,3.2,2.65,2.69,3.38,2.72,2.62,3.25,2.7,2.63,3.3,2.75,2.7,3.5,2.75,2.58,3.24,2.61,2.05,1.75,2.07,1.81,2.11,1.81,2.01,1.76,0.0,1.9,1.95,1.94,1.96,1.94,1.97,1.89,1.92,3.0,3.3,2.3,2.6,3.2,2.45,2.85,3.2,2.4,3.01,3.35,2.48,2.9,3.3,2.4,3.0,3.3,2.45,3.01,3.38,2.5,2.84,3.22,2.41,2.0,1.8,2.05,1.83,2.05,1.83,2.0,1.78,0.0,2.13,1.75,2.15,1.76,2.17,1.81,2.09,1.75,5,-1,0.07938063698555542,0.3590919513872965,0.2859435909195139,0.3549644576931897,2019.0,10.0,1.0,0,0,0,0,0,medium,0,0,0,medium,strong
SC1,2019-10-29,19:45,Queen of Sth,Inverness C,0,2,A,0,1,A,S Kirkland,17,8,3,7,10,15,6,5,1,2,0,0,2.8,3.5,2.37,2.8,3.25,2.25,2.9,3.25,2.3,2.97,3.62,2.37,2.88,3.5,2.35,3.0,3.4,2.38,3.0,3.62,2.43,2.85,3.38,2.33,2.0,1.8,2.05,1.83,2.08,1.87,1.99,1.79,0.25,1.8,2.05,1.84,2.06,1.84,2.1,1.78,2.04,2.7,3.5,2.4,2.6,3.2,2.4,2.7,3.25,2.5,2.76,3.56,2.56,2.7,3.4,2.5,2.75,3.4,2.55,2.8,3.56,2.57,2.69,3.33,2.46,2.0,1.8,2.02,1.86,2.04,1.9,1.98,1.8,0.0,2.02,1.83,2.03,1.88,2.04,1.88,1.99,1.83,2,-2,0.07591973050435974,0.32611837392179355,0.27498146913524013,0.3989001569429664,2019.0,10.0,1.0,0,0,0,0,0,medium,0,0,0,medium,strong
SC1,2019-11-01,19:05,Dundee,Morton,2,1,H,0,0,D,G Aitken,11,4,6,1,6,13,7,2,0,1,0,0,1.57,4.2,5.5,1.6,3.6,4.75,1.57,4.0,5.1,1.58,4.31,5.73,1.55,4.2,5.8,1.57,4.2,5.75,1.62,4.31,5.8,1.57,4.02,5.26,1.72,2.07,1.75,2.15,1.8,2.15,1.74,2.05,-1.0,1.98,1.88,2.03,1.87,2.06,1.94,1.99,1.83,1.5,4.33,6.0,1.48,3.9,5.5,1.53,4.1,5.5,1.53,4.34,6.51,1.5,4.2,6.5,1.5,4.33,6.5,1.55,4.34,6.51,1.51,4.13,5.75,1.75,2.05,1.75,2.16,1.79,2.16,1.74,2.05,-1.0,1.9,1.95,1.93,1.97,1.95,2.04,1.89,1.93,3,1,0.07581296250577307,0.5920570743781288,0.2312262703417071,0.17671665528016395,2019.0,11.0,4.0,0,0,0,0,0,medium,0,0,0,strong,medium
SC1,2019-11-02,15:00,Arbroath,Alloa,2,1,H,2,1,H,J Beaton,14,9,3,3,9,11,5,4,1,1,0,0,1.8,3.8,4.0,1.8,3.5,3.75,1.87,3.4,4.0,1.92,3.71,4.14,1.85,3.5,4.2,1.87,3.5,4.3,1.95,3.8,4.3,1.86,3.47,3.94,2.05,1.75,1.98,1.9,2.05,1.9,1.97,1.79,-0.5,1.85,1.95,1.92,1.99,1.95,2.0,1.87,1.93,1.95,3.8,3.5,1.91,3.4,3.4,2.05,3.3,3.5,2.01,3.51,3.99,2.05,3.4,3.6,2.0,3.5,3.75,2.1,3.8,3.99,2.01,3.36,3.56,2.05,1.75,2.11,1.78,2.12,1.83,2.03,1.75,-0.5,2.0,1.85,2.01,1.89,2.1,1.89,2.02,1.8,3,1,0.07962595324148092,0.49798210851448227,0.2669298910192902,0.23508800046622766,2019.0,11.0,5.0,0,0,0,0,0,medium,0,0,0,strong,medium
SC1,2019-11-02,15:00,Ayr,Partick,4,1,H,2,0,H,W Collum,15,8,6,3,10,9,5,6,0,0,0,0,2.2,3.6,3.1,2.1,3.5,2.85,2.15,3.4,3.1,2.2,3.76,3.19,2.2,3.6,3.1,2.2,3.6,3.1,2.25,3.76,3.19,2.15,3.53,3.01,1.7,2.1,1.7,2.21,1.73,2.23,1.69,2.11,-0.25,1.95,1.9,1.93,1.97,1.97,1.97,1.91,1.9,2.2,3.5,3.1,2.25,3.4,2.7,2.2,3.4,3.0,2.29,3.58,3.14,2.2,3.5,3.1,2.3,3.5,3.0,2.3,3.7,3.14,2.22,3.46,2.96,1.75,2.05,1.85,2.02,1.89,2.2,1.76,2.02,-0.25,2.0,1.85,1.99,1.91,2.06,1.92,1.96,1.86,5,3,0.08062831167119988,0.4304128200661905,0.2621494513151019,0.30743772861870755,2019.0,11.0,5.0,0,0,0,0,0,medium,0,0,0,medium,medium
SC1,2019-11-02,15:00,Dunfermline,Queen of Sth,2,0,H,0,0,D,A Dallas,10,5,4,0,3,15,3,0,1,3,0,0,2.0,3.5,3.5,1.91,3.3,3.5,2.0,3.25,3.6,2.01,3.49,3.99,2.0,3.4,3.8,2.05,3.4,3.75,2.06,3.5,3.99,2.0,3.29,3.64,2.1,1.7,2.24,1.68,2.24,1.75,2.13,1.68,-0.5,2.05,1.8,2.01,1.88,2.08,1.88,2.01,1.8,2.05,3.5,3.5,1.91,3.3,3.5,2.05,3.1,3.7,2.08,3.36,3.89,2.05,3.3,3.8,2.05,3.3,3.9,2.1,3.5,3.9,2.01,3.23,3.67,2.25,1.61,2.27,1.68,2.4,1.68,2.26,1.61,-0.5,2.05,1.8,2.08,1.82,2.11,1.83,2.04,1.79,2,2,0.07867664250642958,0.46353094180123555,0.28178172753874503,0.25468733066001953,2019.0,11.0,5.0,0,0,0,0,0,medium,0,0,0,strong,medium
SC1,2019-11-02,15:00,Inverness C,Dundee United,0,3,A,0,1,A,G Irvine,8,12,3,6,11,11,3,7,2,1,0,0,2.7,3.5,2.45,2.55,3.3,2.4,2.75,3.25,2.45,2.96,3.43,2.47,2.88,3.3,2.45,2.88,3.3,2.5,2.96,3.5,2.5,2.77,3.28,2.42,2.05,1.75,2.06,1.82,2.07,1.83,2.01,1.77,0.0,2.05,1.8,2.13,1.77,2.13,1.83,2.06,1.78,2.7,3.5,2.45,2.55,3.3,2.4,2.65,3.2,2.55,2.76,3.36,2.67,2.7,3.25,2.6,2.7,3.3,2.63,2.8,3.5,2.67,2.67,3.25,2.52,2.05,1.75,2.05,1.83,2.08,1.83,2.02,1.76,0.0,1.95,1.9,1.98,1.92,2.03,1.94,1.96,1.87,3,-3,0.07911201960126535,0.3345443510658923,0.2825267842843054,0.38292886464980236,2019.0,11.0,5.0,0,0,0,0,0,medium,0,0,0,medium,strong
SC1,2019-11-08,19:45,Dundee,Dundee United,0,2,A,0,0,D,S McLean,7,14,2,5,12,11,4,0,2,2,0,0,2.9,3.4,2.37,2.55,3.3,2.4,2.7,3.4,2.4,2.82,3.57,2.5,2.75,3.5,2.45,2.88,3.5,2.4,2.9,3.62,2.57,2.72,3.4,2.41,1.9,1.9,1.83,2.05,1.91,2.05,1.82,1.95,0.0,2.1,1.77,2.07,1.83,2.1,1.91,2.03,1.79,2.75,3.4,2.45,2.55,3.3,2.4,2.7,3.4,2.4,2.82,3.56,2.5,2.75,3.5,2.45,2.8,3.5,2.45,2.82,3.64,2.5,2.69,3.42,2.4,1.8,2.0,1.83,2.05,1.87,2.06,1.8,1.98,0.0,2.05,1.8,2.07,1.83,2.09,1.85,2.03,1.79,2,-2,0.07670246521845248,0.3414565032587135,0.27316520260697086,0.3853782941343157,2019.0,11.0,4.0,0,0,0,0,0,medium,0,0,0,medium,strong
SC1,2019-11-09,15:00,Alloa,Dunfermline,2,1,H,1,1,D,C Napier,5,10,3,4,7,7,7,10,0,0,0,0,3.8,3.5,1.9,3.4,3.4,1.91,3.85,3.35,1.93,3.93,3.82,1.93,3.8,3.7,1.91,3.9,3.5,1.95,4.17,3.82,2.05,3.75,3.48,1.9,2.05,1.75,2.07,1.8,2.14,1.8,2.04,1.75,0.5,1.85,1.95,1.97,1.93,1.97,2.0,1.88,1.91,5.0,3.8,1.66,4.0,3.5,1.75,4.65,3.65,1.7,4.99,4.01,1.7,4.75,3.8,1.7,5.0,3.7,1.73,5.0,4.01,1.76,4.58,3.71,1.7,2.05,1.75,2.14,1.76,2.14,1.82,2.05,1.74,0.75,1.95,1.9,1.95,1.95,1.99,1.97,1.9,1.93,3,1,0.08033877797943134,0.2468361518647105,0.2659872326128346,0.4871766155224549,2019.0,11.0,5.0,0,0,0,0,0,medium,0,0,0,medium,strong
SC1,2019-11-09,15:00,Arbroath,Inverness C,3,0,H,1,0,H,J Beaton,9,10,5,3,10,10,10,3,0,3,0,0,3.4,3.5,2.05,3.2,3.5,1.95,3.5,3.35,2.0,3.74,3.59,2.05,3.5,3.5,2.05,3.6,3.4,2.05,3.74,3.65,2.1,3.42,3.4,2.03,2.0,1.8,2.0,1.88,2.05,1.88,1.97,1.8,0.25,2.05,1.8,2.14,1.76,2.14,1.83,2.05,1.78,3.6,3.5,2.0,3.2,3.5,1.95,3.55,3.35,2.0,3.67,3.72,2.03,3.5,3.6,2.0,3.6,3.5,2.05,3.7,3.72,2.1,3.48,3.44,2.0,2.05,1.75,2.04,1.84,2.2,1.89,2.01,1.78,0.25,2.1,1.77,2.16,1.76,2.16,1.82,2.08,1.76,3,3,0.07912614531596063,0.2709578134937148,0.2725516829848543,0.45649050352143095,2019.0,11.0,5.0,0,0,0,0,0,medium,0,0,0,medium,strong
SC1,2019-11-09,15:00,Partick,Morton,2,1,H,0,0,D,B Madden,8,13,2,4,11,7,3,8,1,0,1,0,1.83,3.75,4.0,1.75,3.6,3.8,1.83,3.65,3.85,1.87,3.82,4.21,1.83,3.7,4.2,1.83,3.75,4.2,1.88,3.84,4.21,1.82,3.67,3.89,1.7,2.1,1.75,2.13,1.76,2.15,1.71,2.07,-0.5,1.83,2.02,1.87,2.03,1.89,2.07,1.82,1.99,1.9,3.75,3.8,1.75,3.6,3.9,1.9,3.4,3.85,1.93,3.6,4.19,1.91,3.5,4.0,1.91,3.6,4.0,1.95,3.77,4.19,1.89,3.47,3.84,1.95,1.85,1.98,1.9,2.04,2.08,1.93,1.83,-0.5,1.93,1.93,1.93,1.97,1.96,2.0,1.9,1.91,3,1,0.07899952222360684,0.5092222360935242,0.2525298282534644,0.23824793565301136,2019.0,11.0,5.0,0,0,0,0,0,medium,0,0,0,strong,medium
SC1,2019-11-09,15:00,Queen of Sth,Ayr,3,1,H,1,1,D,D Robertson,8,9,4,4,7,14,0,7,3,1,0,1,2.7,3.4,2.5,2.75,3.25,2.3,2.75,3.25,2.45,2.98,3.39,2.47,2.8,3.3,2.5,2.75,3.4,2.55,2.98,3.48,2.55,2.79,3.29,2.41,1.95,1.85,2.02,1.86,2.02,1.96,1.92,1.85,0.25,1.7,2.2,1.78,2.13,1.81,2.23,1.73,2.11,3.2,3.4,2.2,2.75,3.25,2.3,3.05,3.3,2.25,3.2,3.53,2.28,3.1,3.4,2.25,3.2,3.4,2.25,3.2,3.53,2.3,3.02,3.33,2.24,1.95,1.85,1.94,1.94,1.99,1.96,1.9,1.87,0.25,1.9,1.95,1.92,1.98,1.93,2.0,1.86,1.95,4,2,0.07731206618535502,0.3327011274803939,0.2821386461003948,0.38516022641921116,2019.0,11.0,5.0,0,0,0,0,0,medium,0,0,0,medium,strong
SC1,2019-11-16,15:00,Dundee United,Queen of Sth,3,0,H,2,0,H,W Collum,15,10,5,3,9,13,9,6,0,3,0,0,1.5,4.0,6.5,1.44,4.1,6.0,1.5,4.05,6.1,1.51,4.37,6.75,1.47,4.2,7.0,1.5,4.2,7.0,1.53,4.37,7.0,1.48,4.1,6.17,1.9,1.9,1.94,1.94,1.95,2.05,1.88,1.89,-1.0,1.82,1.97,1.89,2.01,1.89,2.02,1.83,1.97,1.5,4.0,6.5,1.44,4.1,6.0,1.48,4.1,6.2,1.49,4.45,6.86,1.47,4.2,7.0,1.5,4.2,7.0,1.51,4.45,7.0,1.47,4.15,6.2,1.8,2.0,1.88,2.01,1.9,2.06,1.82,1.96,-1.0,1.85,2.0,1.88,2.02,1.9,2.05,1.83,1.98,3,3,0.08165266899504164,0.6246697253596598,0.22549053500787722,0.14983973963246297,2019.0,11.0,5.0,0,0,0,0,0,medium,0,0,0,strong,medium
SC1,2019-11-16,15:00,Morton,Arbroath,1,0,H,1,0,H,A Newlands,3,4,1,1,8,10,2,2,0,4,0,0,2.37,3.25,3.0,2.3,3.25,2.7,2.35,3.25,2.9,2.46,3.42,2.98,2.4,3.3,2.9,2.45,3.3,3.0,2.46,3.42,3.0,2.36,3.25,2.86,1.95,1.85,2.03,1.85,2.03,1.92,1.94,1.82,0.0,1.77,2.1,1.76,2.14,1.8,2.16,1.73,2.1,2.2,3.3,3.25,2.05,3.2,3.2,2.2,3.25,3.15,2.25,3.53,3.26,2.25,3.4,3.1,2.25,3.4,3.2,2.33,3.53,3.3,2.18,3.31,3.14,1.95,1.85,1.93,1.95,2.0,1.96,1.89,1.88,-0.25,1.98,1.88,1.95,1.95,1.99,1.95,1.92,1.91,1,1,0.0810714709019793,0.3919526367722838,0.28461791470233533,0.323429448525381,2019.0,11.0,5.0,0,0,0,0,0,medium,0,0,0,medium,strong
SC1,2019-11-23,15:00,Inverness C,Dundee,1,0,H,1,0,H,D Munro,10,6,2,1,17,13,3,4,4,2,0,0,2.3,3.25,3.1,2.2,3.3,2.85,2.25,3.3,2.95,2.39,3.73,2.87,2.38,3.4,2.9,2.38,3.4,3.0,2.42,3.73,3.1,2.29,3.4,2.84,1.9,1.9,1.89,1.97,1.99,1.97,1.89,1.88,-0.25,2.02,1.83,2.08,1.81,2.08,1.86,2.01,1.8,2.4,3.25,2.9,2.2,3.3,2.85,2.4,3.35,2.8,2.39,3.68,2.9,2.4,3.4,2.88,2.45,3.4,2.88,2.47,3.68,2.9,2.34,3.41,2.79,1.85,1.95,1.91,1.97,1.98,1.99,1.88,1.89,-0.25,2.1,1.77,2.08,1.82,2.14,1.82,2.07,1.77,1,1,0.08291154582258509,0.40324736068421757,0.27159895763731123,0.32515368167847125,2019.0,11.0,5.0,0,0,0,0,0,medium,0,0,0,medium,strong
SC1,2019-11-26,19:45,Partick,Alloa,1,1,D,1,1,D,D Munro,18,3,5,2,14,8,10,1,1,2,0,0,1.53,4.2,5.75,1.57,3.6,5.0,1.53,4.05,5.5,1.53,4.62,5.83,1.5,4.33,6.0,1.53,4.2,6.25,1.58,4.62,6.25,1.53,4.12,5.46,1.75,2.05,1.76,2.13,1.84,2.13,1.76,2.02,-1.0,1.93,1.93,1.97,1.93,2.0,1.96,1.93,1.88,1.53,4.2,6.0,1.5,4.0,5.25,1.53,4.15,5.6,1.53,4.45,6.24,1.5,4.33,6.0,1.53,4.33,6.0,1.56,4.6,6.24,1.52,4.16,5.55,1.65,2.2,1.67,2.29,1.77,2.29,1.69,2.12,-1.0,1.9,1.95,1.91,1.99,1.98,2.02,1.91,1.92,2,0,0.07946340099395499,0.6054811776295602,0.22485101984787068,0.16966780252256908,2019.0,11.0,1.0,0,0,0,0,0,medium,0,0,0,strong,medium
SC1,2019-11-30,15:00,Alloa,Inverness C,0,2,A,0,2,A,G Aitken,8,15,2,7,11,8,8,5,2,1,1,0,4.5,4.0,1.7,3.75,3.7,1.75,4.35,3.7,1.73,4.38,4.0,1.79,4.33,4.0,1.73,4.6,3.8,1.75,4.6,4.15,1.79,4.2,3.78,1.73,1.8,2.0,1.89,1.99,1.89,2.04,1.81,1.95,0.75,1.85,2.0,1.86,2.03,1.91,2.03,1.85,1.96,4.2,4.0,1.72,3.75,3.7,1.75,4.25,3.65,1.75,4.44,4.16,1.75,4.4,3.9,1.73,4.6,3.8,1.75,4.6,4.16,1.8,4.17,3.79,1.74,1.8,2.0,1.88,2.01,1.9,2.01,1.82,1.95,0.75,1.9,1.95,1.92,1.98,1.92,2.02,1.85,1.96,2,-2,0.08068018472642757,0.22031979623602657,0.24479977359558514,0.5348804301683883,2019.0,11.0,5.0,0,0,0,0,0,medium,0,0,0,medium,strong
SC1,2019-11-30,15:00,Dundee,Queen of Sth,1,2,A,0,1,A,A Muir,11,17,2,8,7,15,5,6,1,0,0,0,1.8,3.6,4.33,1.83,3.5,3.6,1.8,3.5,4.15,1.79,3.88,4.51,1.83,3.6,4.2,1.8,3.7,4.5,1.89,3.88,4.51,1.8,3.6,4.08,1.95,1.85,2.03,1.85,2.03,1.9,1.94,1.83,-0.5,1.8,2.05,1.79,2.1,1.86,2.1,1.8,2.01,1.75,3.75,4.33,1.7,3.7,4.0,1.67,3.65,4.75,1.8,3.86,4.52,1.75,3.7,4.5,1.8,3.7,4.5,1.8,3.86,4.8,1.74,3.67,4.32,1.95,1.85,1.99,1.89,2.0,1.91,1.93,1.84,-0.75,2.0,1.85,2.06,1.84,2.07,1.93,1.98,1.84,3,-1,0.07843137254901955,0.5151515151515152,0.2575757575757576,0.22727272727272727,2019.0,11.0,5.0,0,0,0,0,0,medium,0,0,0,strong,medium
SC1,2019-11-30,15:00,Dunfermline,Partick,5,1,H,4,0,H,M Roncone,13,6,5,2,7,9,5,0,0,0,0,1,2.25,3.4,3.1,2.1,3.3,3.0,2.2,3.25,3.1,2.34,3.34,3.25,2.25,3.3,3.2,2.3,3.4,3.13,2.34,3.4,3.3,2.23,3.26,3.07,2.0,1.8,2.04,1.84,2.04,1.9,1.97,1.81,-0.25,2.0,1.85,2.01,1.88,2.02,1.95,1.96,1.85,2.3,3.4,3.0,2.2,3.2,2.9,2.25,3.2,3.1,2.29,3.31,3.37,2.3,3.3,3.1,2.3,3.4,3.13,2.34,3.4,3.37,2.24,3.19,3.12,2.05,1.75,2.11,1.78,2.21,1.79,2.08,1.72,-0.25,1.98,1.88,1.97,1.93,2.03,1.93,1.95,1.87,6,4,0.08091185855401273,0.41486314515360156,0.28378675266642067,0.3013501021799777,2019.0,11.0,5.0,0,0,0,0,0,medium,0,0,0,medium,medium
SC1,2019-12-03,19:45,Ayr,Dunfermline,0,1,A,0,0,D,E Anderson,5,8,3,5,12,13,9,4,2,1,0,0,2.15,3.5,3.2,2.0,3.4,3.2,2.15,3.3,3.2,2.23,3.57,3.26,2.2,3.5,3.1,2.25,3.4,3.25,2.25,3.57,3.3,2.15,3.36,3.17,2.1,1.7,2.29,1.67,2.33,1.8,2.1,1.71,-0.25,1.93,1.93,1.94,1.96,1.95,1.96,1.9,1.93,2.3,3.4,3.0,2.1,3.3,3.0,2.3,3.1,3.1,2.37,3.45,3.09,2.35,3.3,3.0,2.38,3.25,3.13,2.4,3.45,3.2,2.3,3.23,2.98,2.2,1.65,2.25,1.69,2.38,1.69,2.22,1.63,-0.25,2.02,1.83,2.05,1.85,2.09,1.85,2.01,1.81,1,-1,0.07819273993802645,0.43138509641281936,0.2760351063355838,0.2925797972515967,2019.0,12.0,1.0,0,0,0,0,0,medium,0,0,0,medium,medium
SC1,2019-12-07,15:00,Arbroath,Dundee,1,1,D,1,0,H,A Newlands,9,7,5,1,15,11,7,3,2,3,0,0,3.0,3.4,2.3,2.9,3.2,2.2,3.1,3.2,2.25,3.13,3.5,2.33,3.1,3.4,2.25,3.2,3.3,2.3,3.2,3.5,2.33,3.01,3.3,2.25,2.07,1.72,2.07,1.8,2.11,1.8,2.05,1.73,0.25,1.88,1.98,1.88,2.01,1.9,2.01,1.84,1.96,3.4,3.5,2.05,3.25,3.2,2.05,3.5,3.2,2.05,3.58,3.6,2.09,3.5,3.4,2.1,3.6,3.3,2.15,3.6,3.6,2.16,3.38,3.31,2.08,2.2,1.65,2.26,1.68,2.27,1.7,2.18,1.65,0.25,2.05,1.8,2.09,1.81,2.09,1.86,2.0,1.81,2,0,0.07970066109600982,0.30770187107602415,0.2806614036178281,0.41163672530614787,2019.0,12.0,5.0,0,0,0,0,0,medium,0,0,0,medium,strong
SC1,2019-12-07,15:00,Dundee United,Alloa,2,1,H,1,1,D,A Dallas,16,5,9,2,6,8,13,2,0,0,0,0,1.25,5.5,12.0,1.2,5.25,11.0,1.25,5.5,11.0,1.22,6.22,15.85,1.22,5.8,15.0,1.25,6.0,12.0,1.26,6.22,15.85,1.22,5.7,12.16,1.61,2.25,1.59,2.42,1.65,2.42,1.59,2.27,-1.75,1.97,1.82,1.97,1.91,2.02,1.95,1.91,1.87,1.22,5.75,13.0,1.2,5.25,11.0,1.23,5.6,11.5,1.23,6.05,15.77,1.22,6.0,15.0,1.22,6.0,15.0,1.25,6.4,15.77,1.21,5.75,12.52,1.6,2.3,1.6,2.42,1.62,2.43,1.58,2.32,-1.75,1.93,1.93,1.97,1.93,1.97,1.97,1.89,1.92,3,1,0.07734756974403223,0.7608242262450988,0.16284308000333694,0.07633269375156419,2019.0,12.0,5.0,0,0,0,0,0,medium,0,0,0,strong,medium
SC1,2019-12-07,15:00,Dunfermline,Morton,3,1,H,1,0,H,B Cook,10,5,6,2,7,10,2,4,1,5,0,0,1.72,4.0,4.2,1.75,3.3,4.2,1.77,3.55,4.2,1.77,3.83,4.73,1.75,3.7,4.5,1.8,3.7,4.5,1.8,4.0,5.05,1.75,3.6,4.37,1.95,1.85,2.0,1.86,2.0,1.91,1.92,1.84,-0.75,2.0,1.8,2.02,1.85,2.06,1.88,1.98,1.81,1.57,4.0,5.5,1.62,3.6,4.6,1.63,3.7,5.1,1.62,4.06,5.69,1.6,3.9,5.5,1.62,3.9,5.75,1.67,4.06,5.9,1.62,3.78,5.14,2.05,1.75,2.06,1.82,2.11,1.84,2.0,1.77,-0.75,1.8,2.05,1.83,2.07,1.86,2.08,1.81,2.0,4,2,0.07803930115142932,0.5300628379858151,0.2576694351319935,0.2122677268821914,2019.0,12.0,5.0,0,0,0,0,0,medium,0,0,0,strong,medium
SC1,2019-12-07,15:00,Inverness C,Ayr,2,0,H,1,0,H,G Ross,19,5,7,1,11,12,9,5,1,1,0,0,1.95,3.6,3.6,1.9,3.5,3.4,1.9,3.5,3.75,1.97,3.77,3.84,1.95,3.6,3.7,2.0,3.6,3.75,2.0,3.77,3.84,1.92,3.57,3.61,1.85,1.95,1.82,2.05,1.87,2.05,1.8,1.95,-0.5,1.95,1.85,1.96,1.93,2.0,1.93,1.92,1.86,2.0,3.4,3.5,2.05,3.3,3.1,2.05,3.45,3.35,2.13,3.54,3.53,2.1,3.5,3.4,2.1,3.5,3.5,2.13,3.64,3.53,2.07,3.42,3.32,1.75,2.05,1.83,2.05,1.83,2.11,1.78,1.98,-0.25,1.8,2.05,1.84,2.06,1.84,2.08,1.8,2.02,2,2,0.07795368840056804,0.4831685618202472,0.25985536097895645,0.2569760772007963,2019.0,12.0,5.0,0,0,0,0,0,medium,0,0,0,strong,medium
SC1,2019-12-07,15:00,Queen of Sth,Partick,1,2,A,1,0,H,M McLean,12,9,2,7,8,14,4,3,1,1,0,0,2.5,3.25,2.8,2.4,3.25,2.6,2.45,3.3,2.75,2.5,3.62,2.79,2.5,3.4,2.75,2.5,3.4,2.88,2.5,3.62,2.88,2.43,3.36,2.69,1.85,1.95,1.93,1.93,1.93,1.98,1.86,1.9,0.0,1.8,2.05,1.83,2.05,1.85,2.08,1.79,2.01,2.4,3.25,2.9,2.4,3.25,2.6,2.55,3.3,2.6,2.55,3.62,2.74,2.55,3.4,2.7,2.6,3.4,2.7,2.6,3.62,2.9,2.47,3.37,2.66,1.85,1.95,1.88,1.99,1.93,2.0,1.84,1.93,0.0,1.88,1.98,1.88,2.02,1.92,2.03,1.85,1.97,3,-1,0.08088889325981441,0.38072611931810996,0.2753465684354188,0.34392731224647116,2019.0,12.0,5.0,0,0,0,0,0,medium,0,0,0,medium,strong
SC1,2019-12-10,19:45,Ayr,Arbroath,1,1,D,1,0,H,C Steven,6,9,4,4,12,9,5,7,1,2,0,0,1.75,3.75,4.5,1.75,3.5,3.9,1.8,3.5,4.25,1.8,3.67,4.81,1.8,3.6,4.4,1.8,3.7,4.5,1.85,3.76,4.81,1.78,3.55,4.26,1.95,1.85,2.0,1.88,2.01,1.91,1.92,1.85,-0.5,1.8,2.05,1.8,2.11,1.83,2.11,1.78,2.01,1.75,3.75,4.5,1.75,3.5,3.9,1.83,3.45,4.1,1.88,3.53,4.51,1.83,3.5,4.4,1.85,3.6,4.33,1.9,3.75,4.51,1.83,3.48,4.1,2.0,1.8,2.03,1.85,2.05,1.91,1.94,1.83,-0.5,1.85,2.0,1.88,2.01,1.9,2.03,1.84,1.96,2,0,0.07822967769161804,0.5210371819960861,0.261252446183953,0.21771037181996084,2019.0,12.0,1.0,0,0,0,0,0,medium,0,0,0,strong,medium
SC1,2019-12-10,19:45,Morton,Dundee United,1,2,A,1,2,A,D Lowe,13,6,4,3,9,7,12,4,3,0,0,0,6.0,4.33,1.5,5.0,4.1,1.5,5.5,4.1,1.53,5.97,4.15,1.58,5.8,4.2,1.55,6.25,4.2,1.53,6.25,4.5,1.58,5.52,4.1,1.53,1.75,2.05,1.83,2.05,1.83,2.16,1.73,2.05,1.0,1.93,1.93,1.93,1.98,1.98,1.98,1.9,1.91,6.0,4.33,1.5,5.0,4.1,1.5,5.4,4.1,1.53,5.89,4.33,1.56,5.8,4.2,1.53,6.25,4.2,1.53,6.25,4.33,1.58,5.42,4.14,1.53,1.72,2.07,1.75,2.16,1.75,2.16,1.71,2.08,1.0,1.93,1.93,1.96,1.94,1.97,2.02,1.89,1.93,3,-1,0.07865663055607541,0.16794910925125703,0.22611684952852165,0.6059340412202213,2019.0,12.0,1.0,0,0,0,0,0,medium,0,0,0,medium,strong
SC1,2019-12-14,15:00,Arbroath,Dundee United,0,1,A,0,1,A,G Beaton,9,6,3,3,9,5,7,6,3,1,0,0,5.0,3.8,1.66,4.6,3.7,1.6,4.9,3.65,1.65,5.19,3.96,1.68,5.25,3.9,1.63,5.4,3.9,1.65,6.0,4.0,1.68,4.94,3.75,1.64,1.95,1.85,1.98,1.9,2.03,1.93,1.92,1.84,0.75,2.0,1.85,2.02,1.88,2.08,1.91,1.97,1.84,5.25,3.9,1.61,4.6,3.7,1.6,5.1,3.75,1.6,5.42,4.16,1.62,5.5,3.9,1.6,5.75,4.0,1.6,5.75,4.16,1.67,5.07,3.85,1.61,1.9,1.9,1.95,1.93,1.96,1.97,1.89,1.87,0.75,2.1,1.77,2.1,1.8,2.14,1.85,2.04,1.79,1,-1,0.07885191402521308,0.1876338607421148,0.24717633921761256,0.5651898000402726,2019.0,12.0,5.0,0,0,0,0,0,medium,0,0,0,medium,strong
SC1,2019-12-14,15:00,Ayr,Alloa,2,1,H,2,0,H,D Munro,19,7,9,4,11,9,14,3,1,3,0,0,1.6,3.8,5.5,1.55,3.9,4.75,1.65,3.85,4.75,1.69,4.1,4.89,1.63,4.0,5.0,1.65,4.0,5.2,1.71,4.2,5.58,1.64,3.88,4.72,1.72,2.07,1.79,2.09,1.79,2.12,1.72,2.05,-0.75,1.83,2.02,1.9,2.0,1.9,2.07,1.83,1.98,1.5,4.2,6.0,1.55,3.9,4.75,1.53,4.1,5.6,1.54,4.57,5.8,1.52,4.33,5.8,1.53,4.33,6.0,1.58,4.57,6.0,1.53,4.14,5.42,1.72,2.07,1.74,2.17,1.76,2.17,1.7,2.09,-1.0,1.93,1.93,1.95,1.95,2.0,1.95,1.93,1.88,3,1,0.0793524631035234,0.564927693598539,0.23878387049010413,0.19628843591135678,2019.0,12.0,5.0,0,0,0,0,0,medium,0,0,0,strong,medium
SC1,2019-12-14,15:00,Dundee,Dunfermline,4,3,H,3,1,H,K Clancy,10,9,6,4,11,4,8,3,5,1,0,1,2.37,3.2,3.1,,,,2.35,3.15,2.95,2.43,3.36,3.03,2.38,3.25,3.0,2.4,3.25,3.1,2.43,3.36,3.1,2.34,3.22,2.94,2.2,1.65,2.31,1.64,2.31,1.7,2.19,1.64,-0.25,2.05,1.8,2.09,1.81,2.11,1.83,2.03,1.79,2.55,3.1,2.87,2.3,3.0,2.95,2.45,3.1,2.85,2.57,3.29,2.88,2.55,3.2,2.8,2.63,3.1,2.9,2.63,3.29,2.95,2.48,3.11,2.82,2.4,1.53,2.51,1.56,2.51,1.6,2.37,1.55,0.0,1.83,2.02,1.83,2.06,1.84,2.08,1.79,2.02,7,1,0.07804548798337607,0.39641224059092517,0.28807597608160396,0.315511783327471,2019.0,12.0,5.0,0,0,0,0,0,medium,0,0,0,medium,strong
SC1,2019-12-14,15:00,Partick,Inverness C,3,1,H,0,0,D,S McLean,15,17,12,8,10,7,4,6,0,1,0,0,3.0,3.4,2.3,2.7,3.4,2.25,2.8,3.35,2.35,2.92,3.42,2.47,2.88,3.4,2.4,2.9,3.4,2.4,3.01,3.52,2.47,2.79,3.36,2.35,1.85,1.95,1.88,2.0,1.88,2.0,1.82,1.93,0.25,1.8,2.05,1.77,2.12,1.82,2.13,1.77,2.07,2.75,3.4,2.45,2.7,3.4,2.25,2.75,3.35,2.4,2.79,3.43,2.57,2.88,3.4,2.4,2.88,3.4,2.45,2.88,3.52,2.57,2.76,3.34,2.4,1.85,1.95,1.89,1.99,1.89,2.0,1.82,1.94,0.25,1.77,2.1,1.72,2.22,1.83,2.22,1.74,2.1,4,2,0.08157390158076505,0.33139015146745904,0.27517217934351507,0.39343766918902584,2019.0,12.0,5.0,0,0,0,0,0,medium,0,0,0,medium,strong
SC1,2019-12-21,15:00,Alloa,Morton,0,2,A,0,0,D,K Clancy,9,8,2,4,4,9,3,5,0,2,0,0,2.62,3.4,2.55,2.4,3.3,2.55,2.55,3.3,2.6,2.76,3.5,2.55,2.7,3.4,2.55,2.7,3.4,2.6,2.76,3.5,2.65,2.59,3.35,2.54,1.85,1.95,1.9,1.98,1.9,2.0,1.83,1.92,0.0,1.92,1.87,2.03,1.87,2.03,1.94,1.92,1.87,3.0,3.5,2.25,2.9,3.25,2.2,3.05,3.35,2.2,3.21,3.59,2.23,3.1,3.4,2.25,3.13,3.5,2.25,3.21,3.59,2.34,3.02,3.39,2.21,1.85,1.95,1.9,1.98,1.91,1.98,1.85,1.91,0.25,1.9,1.95,1.96,1.94,1.96,2.0,1.87,1.94,2,-2,0.0783086361885279,0.3580611089837192,0.2768293350053232,0.36510955601095774,2019.0,12.0,5.0,0,0,0,0,0,medium,0,0,0,medium,strong
SC1,2019-12-21,15:00,Dundee United,Ayr,4,0,H,1,0,H,G Aitken,7,3,4,2,6,8,3,3,1,1,0,1,1.53,4.0,6.0,1.5,3.9,5.25,1.53,4.2,5.3,1.55,4.37,5.94,1.52,4.2,6.0,1.55,4.2,6.0,1.57,4.37,6.06,1.53,4.11,5.47,1.6,2.3,1.61,2.37,1.65,2.39,1.58,2.29,-1.0,1.9,1.95,1.89,2.0,1.97,2.0,1.9,1.91,1.6,3.9,5.5,1.6,3.8,4.6,1.6,3.95,5.0,1.65,4.0,5.43,1.62,3.8,5.5,1.62,4.0,5.5,1.65,4.1,5.75,1.6,3.84,5.19,1.72,2.07,1.77,2.13,1.77,2.17,1.71,2.07,-0.75,1.8,2.05,1.83,2.07,1.83,2.11,1.78,2.04,4,4,0.0797191301648652,0.6053377707052675,0.2253447175618149,0.1693175117329176,2019.0,12.0,5.0,0,0,0,0,0,medium,0,0,0,strong,medium
SC1,2019-12-21,15:00,Inverness C,Dunfermline,2,0,H,1,0,H,A Newlands,12,4,2,3,7,7,9,2,1,1,0,0,2.15,3.4,3.25,2.15,3.1,3.1,2.2,3.25,3.15,2.17,3.39,3.51,2.25,3.25,3.2,2.2,3.4,3.3,2.29,3.42,3.51,2.17,3.24,3.22,2.05,1.75,2.06,1.82,2.08,1.86,2.01,1.76,-0.25,1.9,1.95,1.88,2.02,1.95,2.02,1.89,1.91,2.05,3.4,3.5,2.15,3.1,3.1,2.05,3.3,3.4,2.14,3.48,3.51,2.1,3.4,3.5,2.05,3.4,3.7,2.19,3.48,3.7,2.09,3.3,3.36,2.0,1.8,2.06,1.83,2.06,1.86,1.99,1.78,-0.25,1.77,2.02,1.85,2.05,1.88,2.05,1.81,1.99,2,2,0.08003047460737966,0.4266819352991698,0.28577154308617236,0.2875465216146579,2019.0,12.0,5.0,0,0,0,0,0,medium,0,0,0,medium,medium
SC1,2019-12-21,15:00,Partick,Dundee,0,1,A,0,1,A,B Madden,13,13,3,5,8,9,6,4,0,0,0,0,2.6,3.4,2.6,2.6,3.2,2.4,2.5,3.35,2.65,2.59,3.49,2.72,2.55,3.4,2.7,2.6,3.4,2.7,2.63,3.5,2.72,2.53,3.35,2.59,1.72,2.07,1.75,2.13,1.78,2.14,1.73,2.04,0.0,1.88,1.98,1.9,2.0,1.96,2.03,1.87,1.93,2.3,3.5,2.9,2.4,3.2,2.65,2.3,3.4,2.85,2.37,3.55,2.98,2.3,3.4,3.0,2.38,3.4,3.0,2.4,3.55,3.0,2.32,3.38,2.84,1.72,2.07,1.77,2.12,1.81,2.12,1.74,2.03,-0.25,2.02,1.83,2.06,1.84,2.1,1.85,2.03,1.79,1,-1,0.07986476578300072,0.3660244592844457,0.2764304125342231,0.3575451281813311,2019.0,12.0,5.0,0,0,0,0,0,medium,0,0,0,medium,strong
SC1,2019-12-21,15:00,Queen of Sth,Arbroath,2,0,H,1,0,H,G Irvine,18,5,12,1,9,14,2,1,1,1,0,0,2.05,3.5,3.5,2.15,3.2,3.0,2.05,3.25,3.45,2.16,3.57,3.37,2.15,3.4,3.3,2.1,3.4,3.6,2.21,3.57,3.6,2.1,3.32,3.31,2.05,1.75,2.15,1.74,2.15,1.8,2.06,1.72,-0.25,1.83,2.02,1.88,2.02,1.89,2.06,1.83,1.98,1.95,3.5,3.75,1.85,3.4,3.6,1.95,3.45,3.65,2.02,3.67,3.69,2.0,3.5,3.6,2.0,3.5,3.8,2.05,3.67,3.8,1.95,3.49,3.59,1.95,1.85,1.98,1.9,2.05,1.92,1.93,1.83,-0.5,2.0,1.85,2.02,1.88,2.03,1.88,1.97,1.83,2,2,0.07951009909296225,0.4411172036191103,0.27901991795184694,0.2798628784290428,2019.0,12.0,5.0,0,0,0,0,0,medium,0,0,0,medium,medium
SC1,2019-12-27,19:45,Dundee United,Dundee,1,1,D,1,0,H,A Muir,8,4,4,4,18,14,6,3,1,4,0,0,1.4,4.5,8.0,1.42,4.1,6.0,1.45,4.35,6.5,1.44,4.55,7.68,1.42,4.4,7.5,1.44,4.5,7.5,1.49,4.6,8.02,1.43,4.33,6.77,1.72,2.07,1.82,2.06,1.82,2.14,1.75,2.03,-1.25,2.0,1.85,2.05,1.85,2.08,1.91,2.0,1.81,1.61,3.8,5.5,1.4,4.33,6.0,1.55,4.05,5.3,1.65,3.86,5.7,1.6,4.33,5.8,1.57,4.1,6.0,1.65,4.4,6.0,1.55,3.99,5.34,1.85,1.95,1.88,2.0,1.89,2.19,1.78,2.0,-1.0,2.07,1.72,2.15,1.76,2.25,1.96,2.0,1.8,2,0,0.07795806896239799,0.6487271809874943,0.21424477339771747,0.1370280456147883,2019.0,12.0,4.0,0,0,0,0,0,medium,0,0,0,strong,medium
SC1,2019-12-28,15:00,Ayr,Queen of Sth,1,2,A,0,1,A,D Lowe,13,8,6,5,11,11,5,2,5,3,0,0,2.05,3.6,3.4,1.95,3.3,3.4,2.05,3.4,3.35,2.13,3.72,3.33,2.1,3.6,3.3,2.1,3.6,3.4,2.14,3.72,3.66,2.05,3.47,3.29,1.85,1.95,1.9,1.96,2.02,2.0,1.86,1.9,-0.25,1.83,2.02,1.85,2.03,1.86,2.05,1.81,1.99,2.15,3.5,3.2,1.95,3.3,3.4,2.1,3.35,3.3,2.13,3.5,3.52,2.1,3.4,3.4,2.1,3.5,3.5,2.15,3.5,3.66,2.06,3.39,3.33,2.0,1.8,2.0,1.88,2.03,1.92,1.94,1.83,-0.25,1.83,2.02,1.84,2.06,1.86,2.06,1.81,2.0,3,-1,0.07994068387028141,0.4516959915803801,0.2668520987722706,0.28145190964734923,2019.0,12.0,5.0,0,0,0,0,0,medium,0,0,0,medium,medium
SC1,2019-12-28,15:00,Dunfermline,Alloa,1,3,A,1,2,A,S Reid,16,7,7,5,9,6,7,4,0,2,0,0,1.5,4.33,6.0,1.48,4.1,5.25,1.48,4.1,6.1,1.49,4.48,6.79,1.47,4.33,6.5,1.45,4.3,7.5,1.51,4.48,7.5,1.48,4.16,6.09,1.95,1.85,1.95,1.91,1.98,1.96,1.89,1.87,-1.0,1.83,2.02,1.85,2.03,1.89,2.05,1.83,1.97,1.36,4.75,8.0,1.33,4.5,7.5,1.4,4.5,7.0,1.36,4.99,9.52,1.33,5.0,9.0,1.36,4.8,9.5,1.41,5.0,9.52,1.35,4.63,8.11,1.85,1.95,1.87,2.01,1.91,2.05,1.83,1.93,-1.25,1.85,2.0,1.87,2.03,1.89,2.05,1.85,1.97,4,-2,0.08026390353976565,0.6254727881415352,0.22252397270420002,0.15200323915426472,2019.0,12.0,5.0,0,0,0,0,0,medium,0,0,0,strong,medium
SC1,2019-12-28,15:00,Inverness C,Arbroath,0,1,A,0,0,D,G Beaton,8,9,1,5,10,6,3,8,0,2,0,0,1.66,3.75,5.0,1.62,3.6,4.6,1.63,3.75,5.1,1.66,3.89,5.54,1.62,3.8,5.5,1.65,3.9,5.5,1.68,4.0,5.54,1.62,3.77,5.03,1.95,1.85,1.98,1.88,1.98,1.96,1.9,1.85,-0.75,1.83,2.02,1.85,2.03,1.86,2.08,1.81,2.0,1.5,4.0,6.5,1.5,3.9,5.25,1.53,4.0,5.7,1.56,4.01,6.67,1.52,4.0,6.5,1.53,4.0,7.0,1.57,4.2,7.0,1.52,3.95,5.91,1.95,1.85,2.07,1.81,2.07,1.96,1.91,1.85,-1.0,1.93,1.93,2.02,1.88,2.02,1.97,1.94,1.87,1,-1,0.08134309706485832,0.5708493005529951,0.24529863843391309,0.18385206101309187,2019.0,12.0,5.0,0,0,0,0,0,medium,0,0,0,strong,medium
SC1,2019-12-28,15:00,Morton,Partick,1,2,A,1,1,D,C Napier,14,17,4,6,6,11,5,7,0,2,0,0,3.0,3.4,2.3,2.7,3.3,2.3,2.85,3.35,2.3,3.02,3.49,2.37,2.9,3.4,2.35,3.0,3.4,2.38,3.02,3.52,2.4,2.85,3.37,2.3,1.85,1.95,1.86,2.0,1.93,2.01,1.83,1.93,0.25,1.83,2.02,1.84,2.04,1.84,2.06,1.79,2.0,2.9,3.4,2.37,2.65,3.5,2.25,2.75,3.45,2.35,2.8,3.71,2.42,2.8,3.5,2.38,2.8,3.5,2.45,2.9,3.71,2.45,2.73,3.48,2.35,1.7,2.1,1.74,2.17,1.82,2.17,1.7,2.09,0.0,2.05,1.8,2.09,1.81,2.18,1.82,2.05,1.78,3,-1,0.08239570672261864,0.32416720687564043,0.2741473411262834,0.4016854519980762,2019.0,12.0,5.0,0,0,0,0,0,medium,0,0,0,medium,strong
SC1,2020-01-04,15:00,Alloa,Partick,1,1,D,0,0,D,D Munro,9,20,5,11,7,10,6,10,3,1,0,0,4.33,3.75,1.75,3.8,3.4,1.8,3.85,3.6,1.85,3.84,3.98,1.9,3.9,3.8,1.85,4.0,3.75,1.87,4.37,3.98,1.91,3.85,3.68,1.82,1.72,2.07,1.75,2.13,1.83,2.13,1.73,2.05,0.5,1.98,1.88,2.0,1.9,2.03,1.92,1.96,1.84,5.25,4.33,1.55,4.25,4.0,1.6,4.8,4.05,1.6,5.13,4.36,1.62,5.25,4.2,1.6,5.25,4.2,1.62,5.25,4.38,1.8,4.8,4.13,1.58,1.57,2.35,1.63,2.37,1.67,2.38,1.59,2.26,1.0,1.88,1.98,1.86,2.04,1.92,2.09,1.81,1.98,2,0,0.0809299396255918,0.24029333467276104,0.2513938419810136,0.5083128233462253,2020.0,1.0,5.0,0,0,0,0,0,medium,0,0,0,medium,strong
SC1,2020-01-04,15:00,Arbroath,Morton,1,2,A,1,2,A,G Duncan,11,8,6,4,7,8,7,2,1,1,0,0,2.15,3.5,3.2,2.15,3.2,3.0,2.15,3.3,3.2,2.23,3.63,3.17,2.2,3.5,3.1,2.2,3.5,3.25,2.25,3.63,3.29,2.16,3.38,3.1,1.95,1.85,2.01,1.87,2.01,1.91,1.93,1.83,-0.25,1.93,1.93,1.95,1.95,1.95,1.98,1.9,1.91,2.0,3.5,3.6,2.0,3.3,3.25,2.0,3.3,3.65,2.02,3.7,3.65,1.95,3.6,3.75,2.0,3.4,3.9,2.15,3.7,3.9,1.99,3.42,3.52,2.1,1.7,2.16,1.75,2.16,1.76,2.09,1.7,-0.5,2.0,1.85,2.02,1.88,2.06,1.88,2.0,1.81,3,-1,0.08140159628993371,0.4281138150260676,0.27358752676222076,0.29829865821171164,2020.0,1.0,5.0,0,0,0,0,0,medium,0,0,0,medium,medium
SC1,2020-01-04,15:00,Dundee,Inverness C,0,2,A,0,2,A,D Robertson,8,12,4,8,12,10,9,2,2,0,0,0,2.2,3.25,3.25,2.2,3.1,3.0,2.25,3.25,3.0,2.39,3.48,3.0,2.35,3.4,2.9,2.38,3.4,3.0,2.39,3.48,3.28,2.27,3.28,2.96,2.0,1.8,2.05,1.83,2.05,1.9,1.96,1.8,-0.25,2.02,1.83,2.07,1.83,2.07,1.91,1.99,1.82,2.15,3.2,3.1,2.2,3.1,3.0,2.2,3.3,3.05,2.28,3.53,3.15,2.25,3.4,3.1,2.3,3.4,3.1,2.34,3.53,3.17,2.23,3.31,3.02,1.95,1.85,1.99,1.89,2.0,1.97,1.92,1.84,-0.25,2.0,1.85,1.98,1.92,2.03,1.95,1.97,1.85,2,-2,0.08324452097955914,0.40667515582065544,0.28144896454661217,0.3118758796327324,2020.0,1.0,5.0,0,0,0,0,0,medium,0,0,0,medium,strong
SC1,2020-01-04,15:00,Dunfermline,Ayr,0,1,A,0,1,A,M Roncone,14,8,4,5,8,7,1,0,0,2,0,0,2.0,3.5,3.6,1.95,3.3,3.4,2.0,3.4,3.45,2.04,3.74,3.56,2.0,3.6,3.5,2.05,3.5,3.6,2.1,3.74,3.62,1.99,3.47,3.43,1.85,1.95,1.92,1.97,1.93,2.0,1.83,1.92,-0.5,2.02,1.83,2.04,1.85,2.06,1.85,2.01,1.79,1.95,3.6,3.6,1.95,3.3,3.4,2.0,3.35,3.55,2.09,3.51,3.62,2.05,3.4,3.6,2.05,3.5,3.6,2.09,3.6,3.7,2.01,3.4,3.47,2.0,1.8,2.05,1.83,2.05,1.93,1.94,1.82,-0.25,1.8,2.05,1.81,2.1,1.82,2.11,1.77,2.06,1,-1,0.0822421903587891,0.46432542298824575,0.26628460857250985,0.2693899684392446,2020.0,1.0,5.0,0,0,0,0,0,medium,0,0,0,strong,medium
SC1,2020-01-04,15:00,Queen of Sth,Dundee United,0,1,A,0,0,D,C Steven,4,12,2,5,10,10,5,9,2,3,0,0,4.33,3.75,1.8,4.25,3.5,1.7,4.05,3.55,1.83,4.33,3.56,1.9,4.2,3.6,1.85,4.1,3.7,1.87,4.33,3.75,1.9,4.08,3.52,1.81,1.9,1.9,1.95,1.93,1.95,1.99,1.86,1.9,0.5,1.98,1.88,2.0,1.9,2.0,1.9,1.96,1.83,3.8,3.6,1.9,3.4,3.3,1.95,3.65,3.5,1.93,3.78,3.58,2.02,3.7,3.5,2.0,3.7,3.6,2.0,3.93,3.62,2.02,3.57,3.48,1.95,1.85,1.95,1.93,1.96,1.95,1.99,1.85,1.91,0.5,1.83,2.02,1.88,2.02,1.92,2.05,1.83,1.97,1,-1,0.08167513615189925,0.22659117421117023,0.2626397701084019,0.510769055680428,2020.0,1.0,5.0,0,0,0,0,0,medium,0,0,0,medium,strong
SC1,2020-01-11,15:00,Morton,Dunfermline,3,2,H,1,1,D,B Cook,11,12,5,5,10,6,8,8,2,3,0,0,3.1,3.6,2.15,2.85,3.4,2.15,3.05,3.35,2.2,3.14,3.59,2.26,3.1,3.5,2.2,3.2,3.4,2.25,3.2,3.62,2.26,3.02,3.41,2.19,1.95,1.85,1.99,1.89,1.99,1.92,1.91,1.85,0.25,1.9,1.95,1.93,1.97,1.95,1.99,1.88,1.92,3.4,3.4,2.1,2.95,3.25,2.15,3.45,3.2,2.1,3.47,3.47,2.16,3.4,3.4,2.1,3.5,3.1,2.05,3.6,3.47,2.18,3.34,3.26,2.1,2.25,1.61,2.32,1.65,2.32,1.66,2.23,1.61,0.25,2.02,1.83,2.03,1.87,2.09,1.87,1.99,1.82,5,1,0.08100196434558904,0.30631380768583955,0.2712808502085734,0.422405342105587,2020.0,1.0,5.0,0,0,0,0,0,medium,0,0,0,medium,strong
SC1,2020-01-11,15:00,Partick,Dundee United,1,4,A,0,2,A,W Collum,11,15,7,9,10,8,4,3,1,1,0,0,3.5,3.6,2.0,3.2,3.4,2.0,3.4,3.5,2.0,3.66,3.7,2.02,3.5,3.6,2.0,3.7,3.6,2.0,3.7,3.75,2.05,3.41,3.52,1.99,1.75,2.05,1.76,2.11,1.8,2.11,1.74,2.02,0.5,1.85,2.0,1.88,2.02,1.92,2.04,1.82,1.99,3.0,3.6,2.2,2.95,3.4,2.1,3.0,3.45,2.2,3.03,3.69,2.28,3.0,3.5,2.25,3.0,3.5,2.3,3.1,3.69,2.3,2.95,3.49,2.2,1.75,2.05,1.76,2.14,1.78,2.14,1.74,2.03,0.25,1.88,1.98,1.9,2.0,1.95,2.02,1.86,1.95,5,-3,0.07985860386978882,0.27156808392681986,0.2630815813041068,0.4653503347690733,2020.0,1.0,5.0,0,0,0,0,0,medium,0,0,0,medium,strong
SC1,2020-01-21,19:45,Alloa,Arbroath,2,0,H,2,0,H,C Napier,9,12,5,3,6,18,10,6,0,0,0,0,3.2,3.6,2.1,2.75,3.4,2.2,3.1,3.35,2.15,3.19,3.61,2.22,3.1,3.5,2.2,3.2,3.5,2.2,3.25,3.63,2.27,3.04,3.43,2.17,1.95,1.85,2.0,1.88,2.0,1.91,1.93,1.83,0.25,1.93,1.93,1.96,1.94,1.97,1.96,1.89,1.91,3.75,3.75,1.9,3.2,3.5,1.95,3.7,3.45,1.93,3.77,3.73,1.98,3.75,3.6,1.95,3.9,3.6,1.95,3.9,3.75,2.07,3.54,3.53,1.95,1.95,1.85,1.97,1.91,2.0,1.91,1.92,1.84,0.5,1.9,1.95,1.92,1.98,1.92,2.05,1.84,1.96,2,2,0.08132205101298329,0.3042085085686494,0.26961920292964836,0.42617228850170236,2020.0,1.0,1.0,0,0,0,0,0,medium,0,0,0,medium,strong
SC1,2020-01-24,19:05,Dunfermline,Dundee,2,0,H,2,0,H,D Munro,11,3,6,1,7,14,9,4,2,2,0,0,2.5,3.25,2.8,2.3,3.2,2.75,2.45,3.15,2.8,2.52,3.28,2.96,2.5,3.2,2.9,2.5,3.3,2.88,2.55,3.3,2.96,2.43,3.18,2.83,2.07,1.72,2.17,1.74,2.19,1.83,2.06,1.72,0.0,1.8,2.05,1.79,2.11,1.85,2.16,1.77,2.05,2.5,3.25,2.8,2.3,3.2,2.75,2.45,3.15,2.8,2.52,3.31,2.93,2.45,3.25,2.88,2.45,3.3,2.9,2.52,3.31,2.96,2.43,3.18,2.82,2.1,1.7,2.12,1.78,2.21,1.83,2.06,1.73,0.0,1.77,2.1,1.8,2.1,1.84,2.16,1.76,2.06,2,2,0.07934493300925127,0.38127073297830427,0.29134839029474197,0.3273808767269539,2020.0,1.0,4.0,0,0,0,0,0,medium,0,0,0,medium,strong
SC1,2020-01-25,15:00,Arbroath,Partick,2,1,H,2,0,H,D Lowe,8,9,3,6,8,10,10,4,1,0,0,0,2.7,3.75,2.35,2.7,3.25,2.3,2.8,3.35,2.35,2.88,3.77,2.34,2.8,3.6,2.35,2.88,3.4,2.4,3.1,3.77,2.4,2.78,3.44,2.31,2.0,1.8,1.95,1.93,2.05,1.93,1.94,1.81,0.25,1.8,2.0,1.85,2.05,1.85,2.08,1.78,2.02,2.87,3.75,2.2,2.7,3.25,2.3,3.0,3.35,2.25,3.03,3.74,2.26,3.0,3.6,2.25,2.88,3.5,2.3,3.1,3.75,2.32,2.9,3.47,2.24,2.0,1.8,1.99,1.89,2.07,1.89,1.95,1.81,0.25,1.9,1.95,1.92,1.98,1.92,2.02,1.84,1.96,3,1,0.08331033753486494,0.3320491070309301,0.2683420109145307,0.3996088820545392,2020.0,1.0,5.0,0,0,0,0,0,medium,0,0,0,medium,strong
SC1,2020-01-25,15:00,Ayr,Inverness C,1,0,H,0,0,D,G Aitken,18,7,3,1,7,17,5,1,1,3,0,0,2.6,3.6,2.45,2.55,3.4,2.35,2.7,3.3,2.45,2.88,3.43,2.49,2.75,3.4,2.5,2.75,3.5,2.5,2.88,3.65,2.6,2.68,3.36,2.43,1.85,1.95,1.87,2.01,1.93,2.01,1.84,1.91,0.0,2.0,1.85,2.1,1.81,2.1,1.9,1.98,1.82,2.5,3.4,2.6,2.4,3.3,2.55,2.55,3.2,2.6,2.71,3.36,2.68,2.7,3.3,2.62,2.63,3.4,2.63,2.71,3.4,2.7,2.57,3.28,2.59,2.0,1.8,2.08,1.81,2.08,1.87,1.96,1.8,0.0,1.93,1.93,1.96,1.94,1.99,2.0,1.89,1.91,1,1,0.08227600972211246,0.3447681783633139,0.2749936660755004,0.3802381555611857,2020.0,1.0,5.0,0,0,0,0,0,medium,0,0,0,medium,strong
SC1,2020-01-25,15:00,Dundee United,Morton,1,1,D,0,1,A,A Dallas,20,4,3,2,4,8,9,1,1,2,0,0,1.36,4.5,9.5,1.36,4.1,7.75,1.33,4.85,8.2,1.33,5.32,9.61,1.35,5.0,8.5,1.33,5.0,10.0,1.37,5.32,10.0,1.33,4.74,8.35,1.66,2.15,1.68,2.24,1.7,2.24,1.66,2.14,-1.5,2.0,1.8,2.0,1.9,2.1,1.9,2.0,1.8,1.36,4.5,9.0,1.36,4.2,7.25,1.43,4.3,6.9,1.48,4.3,7.38,1.38,4.5,8.5,1.4,4.75,8.0,1.49,4.75,9.0,1.39,4.39,7.37,1.8,2.0,1.86,2.02,1.86,2.11,1.76,2.01,-1.25,2.1,1.77,2.18,1.75,2.18,1.95,1.97,1.85,2,0,0.08261064242505745,0.6945061038416388,0.19487196584586067,0.11062193031250056,2020.0,1.0,5.0,0,0,0,0,0,medium,0,0,0,strong,medium
SC1,2020-01-25,15:00,Queen of Sth,Alloa,2,3,A,0,2,A,G Duncan,15,6,6,5,9,6,12,4,0,1,0,0,1.65,4.0,4.75,1.67,3.5,4.5,1.7,3.75,4.55,1.72,4.1,4.66,1.67,3.9,4.8,1.7,3.9,5.0,1.78,4.1,5.0,1.67,3.81,4.52,1.85,1.95,1.9,1.98,1.96,1.98,1.86,1.89,-0.75,1.9,1.95,1.95,1.94,1.95,1.98,1.88,1.91,1.55,4.33,5.25,1.5,4.1,5.0,1.5,4.2,5.6,1.53,4.4,6.13,1.52,4.2,6.0,1.53,4.33,6.25,1.57,4.4,6.25,1.51,4.21,5.46,1.6,2.3,1.65,2.32,1.87,2.34,1.63,2.21,-1.0,1.85,2.0,1.88,2.01,1.95,2.04,1.86,1.95,5,-1,0.08250852486372828,0.5531618287116595,0.24246200891035993,0.2043761623779804,2020.0,1.0,5.0,0,0,0,0,0,medium,0,0,0,strong,medium
SC1,2020-01-31,19:05,Partick,Ayr,1,1,D,1,0,H,E Anderson,8,6,1,2,9,13,5,4,3,3,0,0,2.35,3.4,2.87,2.25,3.5,2.65,2.35,3.35,2.8,2.43,3.55,2.89,2.4,3.5,2.8,2.38,3.5,2.9,2.43,3.6,2.92,2.33,3.41,2.8,1.85,1.95,1.89,1.99,1.93,2.04,1.82,1.93,-0.25,2.05,1.8,2.11,1.79,2.11,1.86,2.04,1.79,2.37,3.5,2.8,2.25,3.5,2.65,2.35,3.35,2.8,2.51,3.53,2.8,2.5,3.4,2.75,2.4,3.5,2.88,2.51,3.53,2.88,2.37,3.38,2.75,1.85,1.95,1.91,1.97,1.91,2.04,1.82,1.93,0.0,1.8,2.05,1.84,2.06,1.84,2.12,1.76,2.05,2,0,0.07958253846388974,0.39754676837113245,0.2716375279486037,0.3308157036802638,2020.0,1.0,4.0,0,0,0,0,0,medium,0,0,0,medium,strong
SC1,2020-02-01,15:00,Dundee United,Arbroath,0,1,A,0,1,A,A Muir,12,3,5,2,15,9,10,1,1,1,0,0,1.44,4.2,6.0,1.4,4.25,6.25,1.45,4.15,6.6,1.44,4.44,7.96,1.42,4.2,8.5,1.45,4.2,7.5,1.49,4.44,8.5,1.43,4.19,6.92,1.85,1.95,1.88,1.99,1.9,2.0,1.82,1.92,-1.25,2.1,1.77,2.11,1.78,2.11,1.8,2.03,1.76,1.44,4.2,6.0,1.44,4.0,6.0,1.48,4.0,6.4,1.49,4.26,7.44,1.47,4.0,8.0,1.5,4.2,7.0,1.52,4.3,8.0,1.46,4.03,6.65,1.95,1.85,1.99,1.89,1.99,1.95,1.89,1.87,-1.0,1.83,2.02,1.85,2.05,1.89,2.06,1.82,1.99,1,-1,0.08247285430780416,0.646021465127523,0.22047987950652928,0.13349865536594765,2020.0,2.0,5.0,0,0,0,0,0,medium,0,0,0,strong,medium
SC1,2020-02-01,15:00,Inverness C,Alloa,1,1,D,0,1,A,K Clancy,23,8,8,5,9,7,7,2,1,0,0,0,1.36,5.0,7.5,1.36,4.6,6.5,1.4,4.45,6.9,1.42,4.48,8.67,1.38,4.6,8.5,1.36,4.8,8.5,1.42,5.04,8.67,1.38,4.5,7.29,1.66,2.15,1.7,2.21,1.7,2.25,1.65,2.16,-1.25,1.85,1.95,1.97,1.91,1.97,2.0,1.88,1.9,1.33,5.0,8.5,1.36,4.6,6.25,1.33,5.0,7.9,1.32,5.58,9.58,1.32,5.25,9.0,1.33,5.0,9.5,1.38,5.58,9.58,1.33,5.0,7.96,1.57,2.35,1.55,2.56,1.57,2.56,1.54,2.39,-1.5,1.98,1.88,1.95,1.95,2.06,1.95,1.96,1.83,2,0,0.08403411462992794,0.6684639084507042,0.20499559859154926,0.12654049295774647,2020.0,2.0,5.0,0,0,0,0,0,medium,0,0,0,strong,medium
SC1,2020-02-01,15:00,Morton,Dundee,1,1,D,1,1,D,B Madden,9,13,4,3,11,11,6,8,0,3,1,0,3.1,3.5,2.2,2.85,3.4,2.15,3.05,3.4,2.2,3.13,3.63,2.25,3.0,3.5,2.25,3.0,3.5,2.3,3.15,3.75,2.3,3.0,3.45,2.18,1.8,2.0,1.88,1.98,1.88,2.01,1.8,1.94,0.25,1.82,1.97,1.93,1.96,1.95,2.02,1.86,1.92,3.1,3.5,2.2,2.85,3.4,2.15,3.05,3.25,2.25,3.11,3.58,2.28,3.1,3.3,2.3,3.13,3.4,2.3,3.13,3.58,2.32,2.99,3.36,2.22,1.95,1.85,1.97,1.91,2.05,1.91,1.94,1.82,0.25,1.88,1.98,1.91,1.99,1.91,2.01,1.84,1.96,2,0,0.0819040021273767,0.30809880791446476,0.2679120068821433,0.4239891852033919,2020.0,2.0,5.0,0,0,0,0,0,medium,0,0,0,medium,strong
SC1,2020-02-01,15:00,Queen of Sth,Dunfermline,2,3,A,1,2,A,C Napier,9,9,4,4,5,8,6,12,0,2,0,0,3.0,3.25,2.4,2.5,3.1,2.6,2.85,3.1,2.45,2.99,3.22,2.53,2.9,3.2,2.5,2.9,3.25,2.5,3.0,3.25,2.6,2.82,3.12,2.46,2.15,1.66,2.22,1.69,2.22,1.75,2.12,1.67,0.0,2.1,1.77,2.11,1.78,2.15,1.83,2.04,1.76,3.1,3.25,2.37,2.9,2.95,2.35,3.0,3.1,2.35,3.23,3.23,2.38,3.1,3.2,2.38,3.13,3.25,2.38,3.24,3.26,2.4,3.03,3.13,2.32,2.15,1.66,2.26,1.68,2.26,1.74,2.15,1.66,0.25,1.83,2.02,1.86,2.04,1.86,2.1,1.8,2.0,5,-1,0.08162681463148513,0.3278486852222051,0.29632477318160844,0.37582654159618634,2020.0,2.0,5.0,0,0,0,0,0,medium,0,0,0,medium,strong
SC1,2020-02-08,15:00,Dundee,Partick,2,0,H,2,0,H,C Steven,7,5,5,1,17,13,3,2,3,2,0,0,2.15,3.5,3.25,2.1,3.5,2.85,2.15,3.45,3.05,2.24,3.75,3.07,2.2,3.6,3.1,2.2,3.6,3.13,2.24,3.75,3.25,2.16,3.5,3.03,1.75,2.05,1.78,2.09,1.86,2.09,1.76,2.0,-0.25,1.9,1.95,1.96,1.93,1.96,1.99,1.9,1.9,2.3,3.5,2.9,2.2,3.4,2.8,2.35,3.2,2.95,2.44,3.36,3.0,2.4,3.25,3.0,2.38,3.4,3.0,2.44,3.55,3.0,2.31,3.3,2.92,2.07,1.72,2.14,1.76,2.19,2.05,2.03,1.75,-0.25,2.05,1.8,2.1,1.8,2.19,1.85,2.03,1.79,2,2,0.07871025197757864,0.4291819440060219,0.2648665711580021,0.305951484835976,2020.0,2.0,5.0,0,0,0,0,0,medium,0,0,0,medium,medium
SC1,2020-02-08,15:00,Morton,Queen of Sth,2,2,D,0,1,A,W Collum,13,12,5,4,9,10,7,6,0,2,0,0,2.3,3.25,3.0,2.35,3.3,2.65,2.35,3.3,2.85,2.42,3.48,2.95,2.35,3.4,2.9,2.4,3.4,2.9,2.42,3.5,3.05,2.35,3.33,2.83,1.8,2.0,1.87,1.99,1.91,2.06,1.84,1.92,-0.25,2.05,1.8,2.09,1.8,2.09,1.83,2.04,1.77,2.4,3.4,2.8,2.35,3.25,2.65,2.4,3.3,2.75,2.47,3.49,2.87,2.45,3.4,2.8,2.45,3.4,2.88,2.47,3.5,2.88,2.39,3.36,2.75,1.8,2.0,1.87,2.01,1.87,2.03,1.81,1.95,0.0,1.8,2.05,1.81,2.1,1.82,2.12,1.77,2.04,4,0,0.07918910565328141,0.3943070891510006,0.27826476261406946,0.32742814823492983,2020.0,2.0,5.0,0,0,0,0,0,medium,0,0,0,medium,strong
SC1,2020-02-14,19:05,Alloa,Dundee United,0,0,D,0,0,D,S McLean,7,12,3,3,11,10,7,11,1,2,0,0,7.0,4.75,1.36,6.25,4.75,1.35,6.9,4.65,1.4,7.63,4.98,1.41,8.0,4.75,1.38,8.0,4.8,1.4,8.0,5.0,1.42,6.89,4.68,1.38,1.6,2.3,1.64,2.35,1.64,2.37,1.59,2.26,1.25,1.95,1.9,1.97,1.93,2.02,1.96,1.93,1.89,7.5,4.75,1.33,6.25,4.6,1.36,7.2,4.75,1.37,8.06,5.21,1.37,8.0,5.0,1.36,6.5,4.8,1.4,8.06,5.21,1.4,7.07,4.78,1.37,1.6,2.3,1.6,2.42,1.62,2.47,1.58,2.3,1.25,2.02,1.83,2.06,1.84,2.11,1.9,1.97,1.84,0,0,0.08345077582157168,0.13395890632583723,0.1972172787574826,0.6688238149166802,2020.0,2.0,4.0,0,0,0,0,0,medium,0,0,0,medium,strong
SC1,2020-02-15,15:00,Arbroath,Queen of Sth,2,0,H,2,0,H,S Reid,9,6,7,4,9,11,8,5,0,2,0,0,2.45,3.25,2.9,2.3,3.2,2.75,2.3,3.2,3.0,2.33,3.47,3.1,2.35,3.3,3.0,2.38,3.3,3.0,2.45,3.47,3.1,2.32,3.23,2.92,2.05,1.75,2.14,1.75,2.16,1.8,2.06,1.72,-0.25,2.02,1.83,2.02,1.88,2.09,1.88,2.02,1.79,2.4,3.3,2.9,2.3,3.2,2.75,2.4,3.2,2.9,2.45,3.34,3.01,2.45,3.25,2.9,2.45,3.25,3.0,2.52,3.34,3.01,2.38,3.2,2.86,2.15,1.66,2.23,1.7,2.23,1.78,2.1,1.69,-0.25,2.1,1.77,2.1,1.8,2.16,1.8,2.09,1.75,2,2,0.08309775940309261,0.3979645226079765,0.2858444868267819,0.3161909905652415,2020.0,2.0,5.0,0,0,0,0,0,medium,0,0,0,medium,strong
SC1,2020-02-21,19:05,Dundee United,Inverness C,2,1,H,1,1,D,J Beaton,13,12,4,4,5,8,6,6,1,2,0,0,1.9,3.5,4.0,1.85,3.3,3.8,1.83,3.55,3.95,1.88,3.8,4.08,1.85,3.7,4.0,1.85,3.75,4.1,1.91,3.8,4.1,1.85,3.56,3.86,1.8,2.0,1.89,1.99,1.89,2.05,1.82,1.94,-0.5,1.83,2.02,1.88,2.01,1.9,2.07,1.84,1.96,1.66,3.75,5.0,1.75,3.5,4.0,1.73,3.6,4.4,1.75,4.0,4.59,1.75,3.8,4.4,1.75,3.7,4.5,1.81,4.0,5.0,1.73,3.67,4.33,2.0,1.8,2.0,1.88,2.05,1.89,1.95,1.81,-0.75,1.95,1.9,1.99,1.91,2.06,1.92,1.96,1.85,3,1,0.08050677445798815,0.5002657579927626,0.2599695652490481,0.2397646767581894,2020.0,2.0,4.0,0,0,0,0,0,medium,0,0,0,strong,medium
SC1,2020-02-22,15:00,Morton,Alloa,4,4,D,4,2,H,G Beaton,21,11,7,9,16,1,13,0,2,0,0,0,0.0,3.6,3.8,1.85,3.4,3.6,1.85,3.6,3.8,1.89,3.78,4.08,1.85,3.7,4.0,1.87,3.75,4.0,1.91,3.82,4.08,1.85,3.6,3.78,1.72,2.07,1.74,2.14,1.75,2.14,1.71,2.06,-0.5,1.88,1.98,1.89,2.01,1.91,2.01,1.85,1.94,1.72,3.8,4.5,1.85,3.4,3.6,1.77,3.7,4.05,1.83,3.98,4.16,1.78,3.9,4.2,1.8,3.8,4.33,1.85,4.0,4.5,1.79,3.73,3.96,1.7,2.1,1.69,2.24,1.73,2.24,1.68,2.12,-0.75,2.0,1.8,2.08,1.83,2.1,1.84,2.03,1.78,8,0,0.0828685828685829,0.4991746450973918,0.25652030373060414,0.244305051172004,2020.0,2.0,5.0,0,0,0,1,0,medium,0,0,0,strong,medium
SC1,2020-02-22,15:00,Queen of Sth,Dundee,0,1,A,0,0,D,D Robertson,4,13,2,4,5,11,3,4,0,0,0,0,2.8,3.3,2.45,2.55,3.1,2.55,2.75,3.25,2.45,2.82,3.42,2.55,2.75,3.4,2.5,2.8,3.4,2.5,2.82,3.44,2.55,2.71,3.26,2.46,1.95,1.85,1.93,1.94,1.99,1.94,1.89,1.86,0.0,2.02,1.83,2.05,1.85,2.08,1.88,2.0,1.81,3.0,3.25,2.37,2.8,3.1,2.3,2.95,3.15,2.35,3.12,3.28,2.41,3.1,3.25,2.35,3.0,3.3,2.4,3.12,3.34,2.48,2.91,3.18,2.36,2.07,1.72,2.12,1.77,2.23,1.8,2.03,1.74,0.25,1.8,2.05,1.83,2.07,1.83,2.15,1.76,2.06,1,-1,0.08225622133521959,0.34095779055134173,0.2834342369307166,0.37560797251794154,2020.0,2.0,5.0,0,0,0,0,0,medium,0,0,0,medium,strong
SC1,2020-02-25,19:45,Ayr,Morton,1,2,A,1,1,D,D Lowe,8,8,4,5,5,8,4,6,1,2,0,0,1.75,3.75,4.5,1.7,3.5,4.2,1.77,3.55,4.2,1.84,3.7,4.42,1.8,3.6,4.4,1.8,3.6,4.5,1.84,3.76,4.57,1.78,3.59,4.18,1.85,1.95,1.93,1.96,1.97,1.99,1.87,1.88,-0.5,1.8,2.05,1.84,2.06,1.85,2.09,1.79,2.02,1.85,3.6,4.0,1.75,3.5,4.0,1.87,3.5,3.8,1.93,3.68,4.02,1.88,3.6,4.0,1.91,3.6,4.0,1.93,3.8,4.2,1.85,3.56,3.85,1.8,2.0,1.83,2.05,1.97,2.09,1.79,1.97,-0.5,1.9,1.95,1.93,1.97,1.95,2.02,1.87,1.93,3,-1,0.07958373460318047,0.5203836764134717,0.2580175331520835,0.22159879043444491,2020.0,2.0,1.0,0,0,0,0,0,medium,0,0,0,strong,medium
SC1,2020-02-25,19:45,Dunfermline,Inverness C,1,2,A,0,1,A,G Ross,17,10,6,2,8,7,8,2,2,4,0,0,2.5,3.4,2.7,2.6,3.2,2.4,2.5,3.2,2.7,2.55,3.41,2.82,2.55,3.3,2.75,2.55,3.3,2.8,2.6,3.42,2.82,2.51,3.26,2.67,2.1,1.7,2.16,1.75,2.16,1.8,2.06,1.72,0.0,1.85,2.0,1.85,2.05,1.91,2.06,1.83,1.97,2.2,3.4,3.2,2.4,3.2,2.65,2.2,3.25,3.1,2.28,3.45,3.21,2.25,3.4,3.1,2.3,3.3,3.13,2.44,3.55,3.21,2.27,3.29,2.98,2.0,1.8,2.08,1.8,2.12,1.87,2.01,1.76,-0.25,1.95,1.9,1.98,1.92,2.01,1.95,1.96,1.85,3,-1,0.07968667596565338,0.36900184411895626,0.28410878182165034,0.34688937405939335,2020.0,2.0,1.0,0,0,0,0,0,medium,0,0,0,medium,strong
SC1,2020-02-29,15:00,Alloa,Ayr,0,2,A,0,1,A,G Aitken,10,12,7,4,4,7,3,5,2,1,0,0,3.4,3.5,2.05,3.6,3.4,1.87,3.4,3.35,2.05,3.59,3.43,2.13,3.4,3.6,2.05,3.5,3.6,2.05,3.6,3.6,2.13,3.39,3.39,2.04,1.85,1.95,1.9,1.98,1.94,1.98,1.85,1.9,0.25,2.05,1.8,2.06,1.84,2.1,1.84,2.01,1.78,4.2,3.6,1.85,3.3,3.5,1.91,3.6,3.5,1.93,3.91,3.9,1.9,3.75,3.75,1.91,3.8,3.6,1.95,4.2,3.9,1.96,3.67,3.61,1.89,1.72,2.07,1.78,2.11,1.87,2.11,1.77,2.0,0.5,1.95,1.9,2.0,1.9,2.0,1.97,1.9,1.9,2,-2,0.08016657990629872,0.27309236947791166,0.27309236947791166,0.45381526104417674,2020.0,2.0,5.0,0,0,0,0,0,medium,0,0,0,medium,strong
SC1,2020-02-29,15:00,Dunfermline,Dundee United,2,0,H,1,0,H,G Beaton,9,5,3,1,7,6,5,6,3,2,0,0,3.75,3.4,2.0,3.6,3.2,1.91,3.55,3.3,2.0,3.73,3.4,2.1,3.6,3.4,2.05,3.75,3.4,2.05,3.76,3.5,2.1,3.53,3.33,2.01,2.05,1.75,2.06,1.82,2.12,1.89,1.98,1.78,0.5,1.83,2.02,1.81,2.1,1.86,2.1,1.79,2.01,3.75,3.4,2.0,3.6,3.2,1.91,3.5,3.25,2.05,3.77,3.25,2.14,3.7,3.3,2.05,3.6,3.25,2.05,3.77,3.44,2.15,3.54,3.26,2.04,2.15,1.66,2.21,1.71,2.23,1.83,2.11,1.7,0.25,2.05,1.8,2.07,1.83,2.08,1.86,2.04,1.78,2,2,0.08109885709141551,0.26203535145927537,0.2777732104057784,0.46019143813494634,2020.0,2.0,5.0,0,0,0,0,0,medium,0,0,0,medium,strong
SC1,2020-02-29,15:00,Queen of Sth,Morton,0,4,A,0,2,A,E Anderson,4,9,1,6,4,11,3,9,1,0,0,0,2.1,3.5,3.25,2.0,3.25,3.3,2.1,3.35,3.25,2.19,3.66,3.23,2.1,3.5,3.4,2.2,3.4,3.3,2.2,3.66,3.5,2.11,3.41,3.2,1.95,1.85,1.95,1.93,2.01,1.93,1.92,1.83,-0.25,1.9,1.95,1.92,1.98,1.92,2.0,1.85,1.93,2.4,3.4,2.87,2.15,3.2,3.0,2.35,3.25,2.85,2.46,3.46,2.9,2.4,3.4,2.88,2.45,3.4,2.88,2.46,3.55,3.0,2.34,3.33,2.85,1.95,1.85,1.96,1.92,1.99,1.96,1.91,1.85,-0.25,2.1,1.77,2.13,1.78,2.15,1.83,2.05,1.77,4,-4,0.07968878125390888,0.4389539444308121,0.2716107984601212,0.2894352571090667,2020.0,2.0,5.0,0,0,0,0,0,medium,0,0,0,medium,medium
SC1,2020-03-03,19:45,Ayr,Dundee United,0,0,D,0,0,D,D Munro,16,5,4,1,12,12,3,6,2,2,0,0,3.1,3.3,2.3,3.0,3.2,2.15,3.05,3.2,2.3,3.14,3.32,2.38,3.2,3.25,2.3,3.0,3.3,2.45,3.25,3.38,2.45,3.06,3.21,2.27,2.0,1.8,2.09,1.8,2.11,1.84,2.01,1.77,0.25,1.83,2.02,1.85,2.05,1.9,2.06,1.82,1.99,3.0,3.3,2.35,2.8,3.1,2.3,2.95,3.1,2.35,3.12,3.22,2.45,3.0,3.2,2.4,3.0,3.4,2.38,3.12,3.4,2.48,2.97,3.14,2.35,2.15,1.66,2.24,1.69,2.24,1.78,2.1,1.7,0.25,1.77,2.1,1.81,2.09,1.81,2.15,1.77,2.05,0,0,0.0788524997329274,0.30291201596308537,0.28875724886200654,0.408330735174908,2020.0,3.0,1.0,0,0,0,0,0,medium,0,0,0,medium,strong
SC1,2020-03-03,19:45,Dundee,Alloa,0,0,D,0,0,D,M Roncone,20,3,5,0,8,11,11,1,0,0,0,0,1.4,4.5,7.5,1.4,4.33,6.0,1.45,4.25,6.6,1.4,4.84,8.15,1.42,4.4,8.0,1.4,4.5,8.5,1.47,4.86,8.5,1.4,4.44,7.1,1.72,2.07,1.78,2.12,1.8,2.14,1.74,2.03,-1.25,1.9,1.95,1.88,2.01,2.05,2.01,1.93,1.88,1.33,5.0,9.5,1.36,4.33,7.0,1.33,4.75,8.3,1.31,5.3,11.16,1.3,5.0,11.0,1.33,4.8,10.5,1.39,5.3,11.16,1.32,4.89,8.73,1.72,2.07,1.75,2.16,1.76,2.16,1.72,2.06,-1.5,2.0,1.85,2.03,1.87,2.05,1.9,2.0,1.82,0,0,0.0803560099334748,0.6611577181208054,0.20847315436241606,0.1303691275167785,2020.0,3.0,1.0,0,0,0,0,0,medium,0,0,0,strong,medium
SC1,2020-03-03,19:45,Inverness C,Morton,3,2,H,1,0,H,C Napier,9,8,7,4,6,13,4,2,1,2,0,0,1.75,3.75,4.33,1.75,3.5,4.0,1.83,3.55,3.95,1.89,3.6,4.32,1.85,3.7,4.0,1.85,3.75,4.1,1.89,3.79,4.34,1.82,3.56,4.03,1.8,2.0,1.81,2.07,1.89,2.08,1.77,2.0,-0.5,1.85,2.0,1.89,2.01,1.89,2.05,1.83,1.97,1.9,3.6,3.8,1.83,3.4,3.7,1.95,3.5,3.55,2.0,3.68,3.76,2.0,3.6,3.5,2.0,3.75,3.6,2.04,3.75,3.8,1.94,3.53,3.58,1.72,2.07,1.76,2.14,1.81,2.14,1.74,2.04,-0.5,2.0,1.85,2.0,1.9,2.05,1.95,1.96,1.85,5,1,0.07848838367142097,0.5094635767703812,0.2604560982365433,0.23008032499307543,2020.0,3.0,1.0,0,0,0,0,0,medium,0,0,0,strong,medium
SC1,2020-03-03,19:45,Partick,Queen of Sth,0,0,D,0,0,D,D Lowe,13,8,4,5,15,9,4,3,2,1,0,0,1.85,3.8,3.8,1.85,3.5,3.5,1.85,3.65,3.75,1.89,4.0,3.84,1.88,3.8,3.8,1.9,3.75,3.9,1.92,4.0,3.9,1.87,3.67,3.69,1.8,2.0,1.78,2.1,1.91,2.1,1.79,1.98,-0.5,1.9,1.95,1.89,2.0,1.95,2.0,1.88,1.92,1.85,3.75,3.9,1.85,3.5,3.5,1.83,3.6,3.95,1.89,3.69,4.17,1.85,3.6,4.2,1.9,3.6,4.1,1.9,3.75,4.2,1.84,3.58,3.9,1.8,2.0,1.84,2.04,1.84,2.08,1.79,1.97,-0.5,1.85,2.0,1.89,2.0,1.91,2.03,1.84,1.96,0,0,0.07824163234856796,0.49595502737543706,0.25270733002508655,0.25133764259947633,2020.0,3.0,1.0,0,0,0,0,0,medium,0,0,0,strong,medium
SC1,2020-03-04,19:45,Arbroath,Dunfermline,0,0,D,0,0,D,J McKendrick,8,3,1,2,16,9,7,0,1,2,0,0,2.87,3.3,2.4,2.7,3.1,2.4,2.85,3.2,2.4,2.95,3.55,2.38,2.9,3.3,2.4,2.9,3.4,2.45,2.95,3.55,2.46,2.83,3.3,2.36,2.05,1.75,2.08,1.79,2.09,1.81,2.01,1.75,0.0,2.1,1.77,2.16,1.74,2.16,1.81,2.08,1.74,2.9,3.3,2.4,2.6,3.2,2.45,2.9,3.1,2.45,2.97,3.21,2.55,2.9,3.2,2.5,2.88,3.1,2.45,3.0,3.3,2.55,2.84,3.13,2.44,2.3,1.6,2.5,1.57,2.5,1.67,2.29,1.59,0.0,2.05,1.8,2.1,1.8,2.14,1.8,2.07,1.76,0,0,0.08011600704898902,0.32714716581673375,0.28055347856404744,0.39229935561921886,2020.0,3.0,2.0,0,0,0,0,0,medium,0,0,0,medium,strong
SC1,2020-03-07,15:00,Alloa,Inverness C,2,0,H,2,0,H,S Kirkland,12,11,4,5,11,13,3,5,1,1,0,0,4.2,3.5,1.85,3.9,3.7,1.72,3.85,3.5,1.87,4.0,3.73,1.93,4.0,3.7,1.85,4.1,3.6,1.9,4.22,3.73,1.93,3.87,3.55,1.85,1.85,1.95,1.92,1.97,1.95,1.97,1.86,1.89,0.5,1.95,1.9,1.98,1.93,2.0,1.93,1.92,1.86,4.5,4.2,1.65,3.8,3.75,1.72,4.25,3.9,1.7,4.53,4.43,1.68,4.6,4.2,1.65,4.75,4.2,1.67,4.75,4.43,1.73,4.31,4.05,1.67,1.61,2.25,1.65,2.31,1.73,2.31,1.65,2.18,0.75,2.0,1.85,2.03,1.88,2.03,1.95,1.94,1.86,2,2,0.08062861420214817,0.23911816642697206,0.2606724800203893,0.5002093535526388,2020.0,3.0,5.0,0,0,0,0,0,medium,0,0,0,medium,strong
SC1,2020-03-07,15:00,Ayr,Dundee,0,0,D,0,0,D,S McLean,5,5,3,4,15,15,1,6,3,1,0,0,2.4,3.3,2.87,2.3,3.2,2.75,2.4,3.2,2.8,2.52,3.34,2.91,2.45,3.3,2.88,2.5,3.3,2.88,2.52,3.34,2.91,2.42,3.24,2.78,2.05,1.75,2.09,1.78,2.09,1.88,2.0,1.76,0.0,1.8,2.05,1.81,2.09,1.82,2.09,1.77,2.03,3.0,3.3,2.3,2.75,3.1,2.35,2.95,3.0,2.4,3.16,3.17,2.45,3.1,3.1,2.4,3.13,3.2,2.4,3.25,3.33,2.45,2.96,3.1,2.39,2.35,1.57,2.47,1.58,2.47,1.6,2.32,1.57,0.25,1.8,2.05,1.81,2.09,1.82,2.14,1.76,2.05,0,0,0.08157734602033706,0.38205602402483924,0.28536283275929347,0.3325811432158673,2020.0,3.0,5.0,0,0,0,0,0,medium,0,0,0,medium,strong
SC1,2020-03-07,15:00,Dundee United,Partick,1,1,D,1,0,H,M Roncone,12,9,5,4,9,10,6,3,2,2,0,0,1.5,4.75,5.25,1.5,4.1,5.0,1.53,4.1,5.5,1.52,4.36,6.4,1.53,4.2,5.8,1.55,4.2,6.0,1.55,4.81,6.4,1.51,4.2,5.51,1.72,2.07,1.74,2.14,1.76,2.14,1.71,2.06,-1.0,1.93,1.93,1.92,1.99,1.95,1.99,1.89,1.9,1.57,4.5,4.75,1.5,4.1,5.0,1.63,3.8,5.0,1.64,3.96,5.59,1.6,3.9,5.5,1.62,4.0,5.5,1.65,4.54,5.59,1.59,3.94,5.07,1.85,1.95,1.86,2.02,1.94,2.02,1.82,1.94,-0.75,1.8,2.05,1.83,2.07,1.91,2.1,1.78,2.04,2,0,0.08183509699116498,0.6121558243682563,0.22008459399906355,0.16775958163268004,2020.0,3.0,5.0,0,0,0,0,0,medium,0,0,0,strong,medium
SC1,2020-03-07,15:00,Dunfermline,Queen of Sth,1,1,D,0,1,A,G Aitken,12,6,5,2,7,7,8,1,1,1,0,0,1.75,3.5,4.75,1.7,3.5,4.25,1.77,3.55,4.25,1.78,3.85,4.61,1.78,3.7,4.33,1.8,3.7,4.4,1.82,3.85,4.8,1.75,3.6,4.31,1.85,1.95,1.87,2.01,1.91,2.01,1.84,1.91,-0.5,1.77,2.02,1.76,2.13,1.83,2.13,1.77,2.02,1.61,3.8,5.0,1.7,3.5,4.25,1.67,3.6,4.9,1.71,3.84,5.09,1.67,3.7,5.25,1.67,3.75,5.5,1.73,3.9,5.5,1.67,3.66,4.8,2.1,1.7,2.14,1.76,2.15,1.77,2.06,1.72,-0.75,1.9,1.95,1.95,1.95,1.98,2.05,1.9,1.91,2,0,0.08122491069126792,0.5285011155202071,0.25691026448898957,0.2145886199908034,2020.0,3.0,5.0,0,0,0,0,0,medium,0,0,0,strong,medium
SC1,2020-03-07,15:00,Morton,Arbroath,1,1,D,0,0,D,S Reid,5,7,2,3,10,11,5,5,2,2,0,0,2.2,3.4,3.2,2.15,3.4,2.85,2.15,3.3,3.15,2.25,3.59,3.16,2.2,3.4,3.2,2.25,3.4,3.25,2.25,3.59,3.25,2.17,3.37,3.08,2.0,1.8,2.01,1.87,2.01,1.88,1.93,1.81,-0.25,1.93,1.93,1.96,1.93,1.96,1.98,1.89,1.9,2.15,3.4,3.25,2.15,3.4,2.85,2.15,3.2,3.25,2.19,3.48,3.39,2.2,3.3,3.3,2.2,3.3,3.4,2.25,3.48,3.4,2.15,3.3,3.21,2.15,1.66,2.27,1.68,2.27,1.82,2.12,1.68,-0.25,1.88,1.98,1.9,2.0,1.93,2.11,1.86,1.95,2,0,0.0822407228073927,0.42581052752491166,0.27418660080980956,0.30000287166527867,2020.0,3.0,5.0,0,0,0,0,0,medium,0,0,0,medium,medium
SC1,2020-03-10,19:45,Dundee,Ayr,2,0,H,1,0,H,J Beaton,14,4,5,1,10,12,6,3,1,3,0,0,2.1,3.25,3.6,2.0,3.25,3.3,2.15,3.1,3.5,2.18,3.18,3.76,2.1,3.25,3.6,2.15,3.25,3.6,2.2,3.48,3.82,2.1,3.17,3.52,2.25,1.61,2.37,1.63,2.37,1.66,2.25,1.6,-0.25,1.85,2.0,1.86,2.04,1.91,2.13,1.82,1.99,2.05,3.3,3.6,2.0,3.25,3.3,2.1,3.1,3.55,2.2,3.11,3.78,2.1,3.2,3.7,2.15,3.2,3.7,2.25,3.32,3.95,2.1,3.13,3.57,2.4,1.53,2.47,1.58,2.47,1.62,2.33,1.57,-0.25,1.85,2.0,1.88,2.02,1.9,2.15,1.81,2.01,2,2,0.07573879853059662,0.4426636622579084,0.29324722105413487,0.26408911668795676,2020.0,3.0,1.0,0,0,0,0,0,medium,0,0,0,medium,medium
SC1,2020-03-10,19:45,Inverness C,Queen of Sth,3,1,H,1,0,H,S Reid,16,7,6,2,10,6,6,4,1,1,0,0,1.55,4.0,5.75,1.55,3.75,5.0,1.57,4.0,5.3,1.58,4.42,5.44,1.55,4.2,5.8,1.57,4.1,5.75,1.62,4.42,5.8,1.56,4.05,5.23,1.8,2.0,1.83,2.06,1.87,2.08,1.79,1.97,-1.0,2.02,1.83,2.06,1.84,2.06,1.89,2.0,1.82,1.53,4.33,5.5,1.55,3.75,5.0,1.53,4.15,5.5,1.55,4.57,5.6,1.52,4.33,5.8,1.55,4.2,6.0,1.56,4.57,6.0,1.53,4.18,5.37,1.72,2.07,1.78,2.1,1.82,2.11,1.75,2.02,-1.0,1.95,1.9,1.99,1.91,2.0,1.98,1.93,1.88,4,2,0.07914381018268846,0.5940131750532134,0.22880507483531184,0.17718175011147475,2020.0,3.0,1.0,0,0,0,0,0,medium,0,0,0,strong,medium
SC1,2020-03-10,19:45,Partick,Dunfermline,1,1,D,0,0,D,S Kirkland,15,3,5,1,7,10,12,5,0,2,0,0,2.55,3.25,2.75,2.45,3.2,2.6,2.55,3.15,2.75,2.65,3.32,2.77,2.6,3.3,2.7,2.55,3.3,2.8,2.65,3.4,2.8,2.54,3.21,2.68,2.05,1.75,2.11,1.78,2.18,1.8,2.05,1.73,0.0,1.85,2.0,1.9,2.0,1.9,2.06,1.84,1.96,2.45,3.25,2.87,2.45,3.1,2.65,2.45,3.05,2.9,2.55,3.25,2.94,2.5,3.2,2.88,2.55,3.2,2.9,2.6,3.25,2.94,2.47,3.11,2.81,2.2,1.65,2.28,1.68,2.38,1.68,2.21,1.63,0.0,1.77,2.1,1.81,2.09,1.86,2.11,1.79,2.03,2,0,0.07836159551056254,0.36509162514747445,0.28888870027245644,0.34601967458006905,2020.0,3.0,1.0,0,0,0,0,0,medium,0,0,0,medium,strong
