ï»¿Div,Date,Time,HomeTeam,AwayTeam,FTHG,FTAG,FTR,HTHG,HTAG,HTR,HS,AS,HST,AST,HF,AF,HC,AC,HY,AY,HR,AR,B365H,B365D,B365A,BFDH,BFDD,BFDA,BMGMH,BMGMD,BMGMA,BVH,BVD,BVA,BWH,BWD,BWA,CLH,CLD,CLA,LBH,LBD,LBA,PSH,PSD,PSA,MaxH,MaxD,MaxA,AvgH,AvgD,AvgA,BFEH,BFED,BFEA,B365>2.5,B365<2.5,P>2.5,P<2.5,Max>2.5,Max<2.5,Avg>2.5,Avg<2.5,BFE>2.5,BFE<2.5,AHh,B365AHH,B365AHA,PAHH,PAHA,MaxAHH,MaxAHA,AvgAHH,AvgAHA,BFEAHH,BFEAHA,B365CH,B365CD,B365CA,BFDCH,BFDCD,BFDCA,BMGMCH,BMGMCD,BMGMCA,BVCH,BVCD,BVCA,BWCH,BWCD,BWCA,CLCH,CLCD,CLCA,LBCH,LBCD,LBCA,PSCH,PSCD,PSCA,MaxCH,MaxCD,MaxCA,AvgCH,AvgCD,AvgCA,BFECH,BFECD,BFECA,B365C>2.5,B365C<2.5,PC>2.5,PC<2.5,MaxC>2.5,MaxC<2.5,AvgC>2.5,AvgC<2.5,BFEC>2.5,BFEC<2.5,AHCh,B365CAHH,B365CAHA,PCAHH,PCAHA,MaxCAHH,MaxCAHA,AvgCAHH,AvgCAHA,BFECAHH,BFECAHA,TotalGoals,GoalDifference,Overround,prob_home_market,prob_draw_market,prob_away_market,Year,Month,DayOfWeek,is_extreme_favorite_home,is_extreme_favorite_away,is_mismatch,is_high_scoring_match,is_very_high_scoring,draw_prob_category,has_extreme_draw_odds,has_extreme_home_odds,has_extreme_away_odds,home_team_strength_category,away_team_strength_category
D1,2025-08-22,19:30,Bayern Munich,RB Leipzig,6,0,H,3,0,H,19,12,10,1,13,13,5,5,4,1,0,0,1.22,7.0,9.0,1.22,7.0,12.0,1.19,7.5,10.0,1.2,7.0,11.0,1.23,7.0,10.5,1.22,7.0,10.0,1.22,7.0,10.0,1.23,7.43,10.85,1.26,7.5,12.0,1.21,7.13,10.3,1.26,7.8,12.0,1.25,4.0,1.32,3.33,1.25,4.2,1.24,3.91,1.27,4.5,-2.0,1.93,1.93,1.93,1.96,1.94,1.94,1.86,1.86,1.96,1.98,1.22,7.0,11.0,1.25,7.0,10.0,1.2,7.0,10.0,1.22,7.0,10.0,1.25,7.0,9.75,1.25,7.0,9.5,1.25,7.0,9.5,1.25,7.24,10.31,1.26,7.5,11.0,1.23,6.98,9.87,1.27,7.6,12.0,1.25,4.0,1.32,3.33,1.25,4.33,1.22,4.06,1.28,4.4,-2.0,1.98,1.88,1.98,1.93,1.99,1.93,1.9,1.86,2.07,1.92,6,6,0.06378611405046453,0.7768913976936251,0.13184271966469654,0.0912658826416783,2025.0,8.0,4.0,0,0,0,0,0,low,0,0,0,strong,medium
D1,2025-08-23,14:30,Ein Frankfurt,Werder Bremen,4,1,H,2,0,H,18,10,5,5,9,9,7,1,1,3,0,0,1.7,4.1,4.5,1.7,4.0,4.6,1.66,3.95,4.5,1.65,3.9,4.2,1.71,4.0,4.5,1.7,4.0,4.5,1.7,4.0,4.4,1.7,4.26,4.68,1.73,4.2,4.6,1.69,4.0,4.46,1.73,4.3,5.1,1.57,2.38,1.57,2.5,1.6,2.4,1.55,2.35,1.63,2.5,-0.75,1.88,1.98,1.89,2.02,1.9,1.98,1.84,1.86,1.91,2.05,1.53,4.75,5.25,1.53,4.6,5.5,1.52,4.5,5.1,1.53,4.4,5.5,1.53,4.6,5.25,1.57,4.33,5.25,1.53,4.6,5.25,1.62,4.52,5.21,1.57,4.75,5.5,1.53,4.55,5.28,1.59,4.8,6.0,1.4,3.0,1.52,2.63,1.5,3.0,1.42,2.77,1.45,3.05,-1.0,1.83,2.03,2.02,1.91,1.91,2.03,1.83,1.93,1.91,2.06,5,3,0.06593122296813236,0.5551164686626796,0.2345367080099821,0.21034682332733823,2025.0,8.0,5.0,0,0,0,0,0,medium,0,0,0,strong,medium
D1,2025-08-23,14:30,Freiburg,Augsburg,1,3,A,0,3,A,16,14,4,5,14,18,5,5,4,5,0,0,1.85,3.6,4.33,1.83,3.6,4.33,1.79,3.55,4.3,1.8,3.4,4.0,1.8,3.7,4.33,1.8,3.7,4.33,1.8,3.7,4.2,1.87,3.71,4.33,1.86,3.7,4.5,1.82,3.58,4.25,1.92,3.75,4.5,1.93,1.93,1.96,1.93,1.93,1.93,1.89,1.87,1.99,1.96,-0.5,1.85,2.0,1.88,2.03,1.85,2.0,1.8,1.95,1.92,2.06,1.91,3.6,3.9,1.95,3.5,4.0,1.89,3.45,3.85,1.93,3.5,3.8,1.95,3.5,3.9,1.95,3.5,3.9,1.95,3.5,3.8,1.96,3.63,4.11,2.0,3.6,4.0,1.93,3.5,3.88,2.02,3.65,4.2,1.95,1.9,1.99,1.92,1.98,1.91,1.93,1.83,2.04,1.93,-0.5,1.93,1.93,1.97,1.95,1.97,1.93,1.9,1.86,2.03,1.96,4,-2,0.06407427603615568,0.5163648457862728,0.2625095026064292,0.22112565160729802,2025.0,8.0,5.0,0,0,0,0,0,medium,0,0,0,strong,medium
D1,2025-08-23,14:30,Heidenheim,Wolfsburg,1,3,A,1,1,D,7,15,2,5,12,12,2,5,2,3,0,0,3.2,3.5,2.2,3.1,3.5,2.25,3.05,3.5,2.17,2.9,3.5,2.15,3.0,3.6,2.25,3.0,3.6,2.25,3.0,3.5,2.2,3.19,3.59,2.26,3.2,3.6,2.25,3.05,3.51,2.2,3.3,3.65,2.32,1.67,2.2,1.71,2.23,1.73,2.2,1.68,2.12,1.75,2.26,0.25,1.93,1.93,1.93,1.97,1.93,1.93,1.85,1.8,1.96,2.0,2.8,3.3,2.55,2.75,3.4,2.5,2.63,3.45,2.48,2.7,3.4,2.5,2.8,3.3,2.45,2.8,3.4,2.45,2.8,3.3,2.45,2.84,3.47,2.58,2.8,3.5,2.56,2.74,3.38,2.5,2.98,3.45,2.64,1.9,1.95,1.81,2.08,1.9,2.06,1.8,1.98,1.92,2.04,0.0,2.03,1.83,2.06,1.87,2.03,1.85,1.97,1.81,2.12,1.88,4,-2,0.06731459190475597,0.3071904525111884,0.2669318746892093,0.42587767279960215,2025.0,8.0,5.0,0,0,0,0,0,medium,0,0,0,medium,strong
D1,2025-08-23,14:30,Leverkusen,Hoffenheim,1,2,A,1,1,D,7,10,2,5,9,17,6,4,0,4,0,0,1.53,4.75,5.25,1.53,4.5,5.5,1.46,4.6,5.75,1.5,4.2,5.25,1.51,4.6,5.75,1.5,4.6,5.75,1.5,4.6,5.5,1.56,4.74,5.46,1.55,5.4,6.2,1.5,4.63,5.56,1.58,4.9,6.0,1.5,2.63,1.5,2.68,1.5,2.7,1.46,2.62,1.52,2.8,-1.25,2.08,1.73,2.16,1.76,2.08,1.92,1.94,1.75,2.2,1.78,1.73,4.2,4.1,1.73,4.0,4.33,1.68,4.1,4.2,1.7,4.1,4.33,1.73,4.1,4.2,1.73,4.2,4.2,1.73,4.0,4.2,1.76,4.25,4.41,1.75,4.7,4.4,1.71,4.15,4.24,1.79,4.3,4.7,1.57,2.38,1.57,2.51,1.57,2.5,1.53,2.43,1.59,2.64,-0.75,1.98,1.88,1.97,1.95,1.98,2.02,1.88,1.86,2.0,1.97,3,-1,0.06250550315686976,0.627447730563179,0.20327680255826536,0.16927546687855555,2025.0,8.0,5.0,0,0,0,0,0,medium,0,0,0,strong,medium
D1,2025-08-23,14:30,Union Berlin,Stuttgart,2,1,H,2,0,H,8,21,2,6,21,13,5,11,4,4,0,0,3.4,3.7,2.05,3.4,3.6,2.05,3.3,3.55,2.02,3.2,3.5,2.0,3.25,3.6,2.1,3.25,3.7,2.1,3.25,3.6,2.1,3.56,3.69,2.07,3.4,3.75,2.1,3.3,3.59,2.06,3.65,3.8,2.12,1.67,2.2,1.7,2.25,1.67,2.21,1.66,2.16,1.72,2.3,0.25,2.05,1.8,2.11,1.8,2.05,1.8,1.96,1.7,2.15,1.84,4.1,3.75,1.83,4.0,3.75,1.83,3.9,3.8,1.8,3.9,3.8,1.83,3.8,3.75,1.88,3.8,3.75,1.91,3.8,3.75,1.91,4.23,3.87,1.87,4.1,3.9,1.92,3.91,3.78,1.85,4.4,4.0,1.89,1.62,2.3,1.67,2.32,1.67,2.3,1.63,2.21,1.7,2.38,0.5,2.03,1.83,2.05,1.88,2.03,1.9,1.94,1.82,2.11,1.89,3,1,0.06701872826761268,0.283997173622525,0.261055897758867,0.454946928618608,2025.0,8.0,5.0,0,0,0,0,0,medium,0,0,0,medium,strong
D1,2025-08-23,17:30,St Pauli,Dortmund,3,3,D,0,1,A,11,8,7,7,13,12,5,2,2,3,0,1,4.5,3.9,1.75,4.6,3.75,1.73,4.5,4.0,1.65,4.4,3.6,1.67,4.5,3.9,1.73,4.5,3.9,1.75,4.4,3.8,1.73,4.82,3.79,1.77,4.75,4.1,1.75,4.52,3.85,1.71,4.9,4.0,1.81,1.83,2.03,1.87,2.02,1.83,2.07,1.75,2.02,1.86,2.08,0.75,1.88,1.98,1.9,2.0,1.9,1.98,1.82,1.87,1.92,2.03,4.2,3.7,1.9,4.0,3.6,1.9,3.95,3.65,1.82,3.9,3.7,1.85,4.2,3.7,1.83,4.2,3.7,1.83,4.2,3.6,1.83,4.13,3.64,1.95,4.2,3.75,1.95,4.04,3.65,1.86,4.4,3.75,1.97,1.8,2.0,1.86,2.05,1.82,2.05,1.77,2.01,1.89,2.1,0.5,1.98,1.88,1.96,1.96,1.98,1.91,1.92,1.83,2.02,1.96,6,0,0.06577451943078394,0.20758512614024413,0.24371032991010477,0.5487045439496511,2025.0,8.0,5.0,0,0,0,0,0,medium,0,0,0,medium,strong
D1,2025-08-24,14:30,Mainz,FC Koln,0,1,A,0,0,D,19,12,2,2,7,9,8,3,0,2,1,0,1.9,3.7,4.0,1.9,3.6,4.0,1.83,3.6,3.95,1.83,3.5,3.75,1.85,3.7,4.1,1.85,3.7,4.0,1.83,3.6,4.0,1.93,3.7,4.07,1.91,3.7,4.1,1.86,3.61,3.95,1.97,3.7,4.1,1.83,2.03,1.85,2.05,1.83,2.03,1.8,1.96,1.9,2.06,-0.5,1.88,1.98,1.93,1.97,1.9,1.98,1.84,1.92,1.97,1.98,1.95,3.6,3.7,1.95,3.6,3.75,1.93,3.6,3.6,1.95,3.6,3.6,1.95,3.6,3.75,1.95,3.6,3.75,1.95,3.6,3.7,1.93,3.73,4.12,2.0,3.75,3.85,1.95,3.6,3.7,2.04,3.8,3.95,1.83,2.03,1.85,2.06,1.83,2.05,1.79,1.98,1.86,2.12,-0.5,1.98,1.88,1.93,1.98,1.98,1.9,1.9,1.85,2.04,1.94,1,-1,0.06780727581348334,0.5034938614672453,0.2594178898418494,0.23708824869090533,2025.0,8.0,6.0,0,0,0,0,0,medium,0,0,0,strong,medium
D1,2025-08-24,16:30,M'gladbach,Hamburg,0,0,D,0,0,D,17,7,4,2,10,10,7,6,2,1,0,0,1.85,3.9,3.9,1.83,4.0,3.75,1.76,4.0,3.85,1.8,3.75,3.6,1.87,3.9,3.75,1.85,3.9,3.75,1.85,3.8,3.75,1.86,4.06,3.96,1.88,4.1,4.0,1.82,3.92,3.78,1.93,4.1,4.1,1.53,2.5,1.54,2.58,1.53,2.5,1.5,2.47,1.58,2.62,-0.5,1.85,2.0,1.87,2.04,1.85,2.0,1.8,1.95,1.93,2.06,1.95,3.8,3.5,1.95,3.75,3.6,1.8,3.95,3.75,1.91,3.9,3.5,1.95,3.8,3.5,1.85,3.9,3.75,1.85,3.8,3.75,1.88,4.02,4.03,2.0,4.0,3.85,1.89,3.87,3.65,1.99,4.0,4.0,1.53,2.5,1.58,2.51,1.58,2.55,1.52,2.45,1.59,2.62,-0.5,2.0,1.85,1.88,2.04,2.0,1.99,1.86,1.89,1.96,2.03,0,0,0.06910285481714062,0.51393609789259,0.23861318830727396,0.24745071380013597,2025.0,8.0,6.0,0,0,0,0,0,medium,0,0,0,strong,medium
D1,2025-08-29,19:30,Hamburg,St Pauli,0,2,A,0,1,A,5,17,2,6,13,19,2,5,3,3,1,0,2.4,3.3,3.0,2.4,3.2,3.0,2.38,3.3,3.05,2.4,3.3,2.9,2.37,3.3,3.0,2.37,3.3,3.0,2.37,3.25,3.0,2.45,3.29,3.12,2.46,3.33,3.05,2.39,3.26,2.99,2.56,3.4,3.15,2.0,1.8,2.1,1.81,2.1,1.81,2.02,1.76,2.14,1.86,-0.25,2.05,1.8,2.14,1.81,2.05,1.81,1.96,1.78,2.08,1.89,2.45,3.2,3.0,2.4,3.25,3.0,2.43,3.3,2.95,2.4,3.25,2.9,2.45,3.2,2.95,2.45,3.2,3.0,2.4,3.2,2.9,2.49,3.18,3.2,2.47,3.3,3.1,2.42,3.22,2.97,2.52,3.35,3.2,2.2,1.67,2.29,1.69,2.22,1.8,2.1,1.7,2.26,1.77,-0.25,2.1,1.78,2.13,1.82,2.1,1.78,2.01,1.75,2.14,1.86,2,-2,0.05960666863378994,0.39487297902766466,0.2894927668331652,0.3156342541391701,2025.0,8.0,4.0,0,0,0,0,0,medium,0,0,0,medium,strong
D1,2025-08-30,14:30,Hoffenheim,Ein Frankfurt,1,3,A,0,2,A,17,9,5,6,14,10,4,5,2,3,0,0,2.88,3.75,2.25,2.8,3.75,2.3,2.9,3.9,2.2,2.7,3.7,2.2,2.85,3.8,2.25,2.87,3.8,2.25,2.8,3.75,2.25,2.95,3.84,2.3,2.9,3.9,2.3,2.84,3.76,2.24,3.0,3.9,2.4,1.5,2.63,1.5,2.67,1.5,2.7,1.47,2.58,1.52,2.82,0.25,1.85,2.0,1.88,2.03,1.86,2.0,1.84,1.87,1.89,2.09,2.6,3.8,2.45,2.63,3.75,2.5,2.7,3.8,2.4,2.55,3.9,2.4,2.65,3.8,2.37,2.62,3.8,2.37,2.62,3.8,2.37,2.74,3.81,2.47,2.7,3.9,2.5,2.64,3.79,2.4,2.78,4.0,2.52,1.44,2.75,1.48,2.68,1.45,2.9,1.42,2.75,1.5,2.98,0.0,2.03,1.83,2.06,1.85,2.14,1.84,2.03,1.75,2.08,1.9,4,-2,0.06449869429342003,0.33077793138117384,0.24984290561769512,0.4193791630011311,2025.0,8.0,5.0,0,0,0,0,0,medium,0,0,0,medium,strong
D1,2025-08-30,14:30,RB Leipzig,Heidenheim,2,0,H,0,0,D,19,5,5,3,7,13,4,3,2,5,0,0,1.44,5.0,6.25,1.44,4.6,7.0,1.42,5.0,6.75,1.4,4.5,6.0,1.43,4.8,6.5,1.44,4.8,6.5,1.44,4.8,6.5,1.45,5.17,6.4,1.46,5.0,7.0,1.42,4.83,6.48,1.48,5.2,7.0,1.5,2.63,1.51,2.66,1.53,2.63,1.5,2.5,1.54,2.74,-1.25,1.93,1.93,1.92,1.99,1.95,1.93,1.85,1.9,2.02,1.95,1.48,4.75,5.75,1.5,5.0,5.5,1.46,5.0,6.0,1.44,4.8,6.0,1.47,4.8,6.0,1.48,4.8,6.0,1.48,4.8,5.75,1.48,4.96,6.28,1.5,5.0,6.0,1.47,4.88,5.82,1.53,5.3,6.2,1.4,3.0,1.51,2.61,1.44,3.0,1.41,2.8,1.45,3.15,-1.25,2.0,1.85,2.01,1.89,2.0,1.86,1.91,1.84,2.06,1.92,2,2,0.06558567724111719,0.660881022665366,0.19429628409623592,0.14482269323839808,2025.0,8.0,5.0,0,0,0,0,0,medium,0,0,0,strong,medium
D1,2025-08-30,14:30,Stuttgart,M'gladbach,1,0,H,0,0,D,13,15,5,6,5,13,6,10,2,1,0,0,1.6,4.5,4.75,1.6,4.5,5.0,1.58,4.6,4.9,1.55,4.2,4.6,1.62,4.5,4.6,1.61,4.5,4.6,1.61,4.5,4.6,1.62,4.59,4.97,1.62,4.6,5.0,1.59,4.45,4.75,1.68,4.6,5.1,1.4,3.0,1.42,2.95,1.42,3.0,1.4,2.83,1.44,3.15,-1.0,1.98,1.88,1.99,1.92,1.98,1.88,1.92,1.84,2.05,1.91,1.57,4.5,5.0,1.57,4.6,5.0,1.58,4.5,5.0,1.55,4.75,5.0,1.58,4.6,4.8,1.57,4.6,4.8,1.57,4.6,4.8,1.58,4.81,5.08,1.59,4.8,5.0,1.57,4.59,4.9,1.62,5.0,5.2,1.33,3.4,1.34,3.31,1.35,3.4,1.34,3.16,1.39,3.5,-1.0,1.88,1.98,1.91,2.0,1.91,1.98,1.87,1.9,1.95,2.01,1,1,0.06417623452313204,0.5910025024115418,0.21116718625491046,0.1978303113335477,2025.0,8.0,5.0,0,0,0,0,0,medium,0,0,0,strong,medium
D1,2025-08-30,14:30,Werder Bremen,Leverkusen,3,3,D,1,2,A,12,10,5,4,11,10,3,7,4,3,1,0,3.7,3.8,1.91,3.6,3.75,1.95,3.65,4.0,1.88,3.4,3.7,1.87,3.5,3.8,1.95,3.5,3.8,1.95,3.5,3.8,1.95,3.82,3.87,1.94,3.75,4.0,1.95,3.56,3.83,1.91,4.0,4.0,1.97,1.57,2.38,1.6,2.44,1.57,2.5,1.54,2.38,1.62,2.52,0.5,1.93,1.93,1.95,1.95,1.93,1.93,1.88,1.87,2.01,1.97,3.6,3.9,1.91,3.5,4.0,1.95,3.6,3.95,1.92,3.5,4.0,1.9,3.5,3.9,1.93,3.5,3.9,1.95,3.5,3.9,1.91,3.59,3.89,2.0,3.75,4.0,1.95,3.54,3.9,1.92,3.9,4.0,2.0,1.44,2.75,1.49,2.66,1.48,2.75,1.44,2.68,1.5,2.96,0.5,1.93,1.93,1.89,2.01,1.93,1.95,1.87,1.88,1.98,2.0,6,0,0.06555569157270336,0.2636172643307856,0.24503327963905916,0.49134945603015534,2025.0,8.0,5.0,0,0,0,0,0,medium,0,0,0,medium,strong
D1,2025-08-30,17:30,Augsburg,Bayern Munich,2,3,A,0,2,A,10,20,3,10,14,11,7,5,3,4,0,0,9.0,6.5,1.27,11.0,6.5,1.22,10.0,6.75,1.24,9.5,5.75,1.22,10.5,6.5,1.25,10.0,6.5,1.25,10.0,6.5,1.25,9.88,6.53,1.27,11.0,6.75,1.27,9.87,6.41,1.24,11.5,7.2,1.28,1.33,3.4,1.34,3.24,1.35,3.4,1.32,3.23,1.39,3.4,1.75,1.98,1.88,1.99,1.9,2.02,1.9,1.93,1.82,1.99,1.93,9.0,6.0,1.29,10.0,6.0,1.29,9.5,6.0,1.28,10.0,6.0,1.25,9.25,6.0,1.29,9.5,6.0,1.28,9.0,5.75,1.28,9.65,6.2,1.29,10.0,6.0,1.32,9.33,5.93,1.28,11.0,6.6,1.31,1.44,2.75,1.43,2.87,1.44,3.1,1.4,2.86,1.44,3.15,1.75,1.83,2.03,1.88,2.03,1.86,2.04,1.8,1.96,1.94,2.02,5,-1,0.06377497574655422,0.09524300242409282,0.14665342182929736,0.7581035757466098,2025.0,8.0,5.0,0,0,0,0,0,low,0,0,0,medium,strong
D1,2025-08-31,14:30,Wolfsburg,Mainz,1,1,D,1,0,H,11,17,3,3,15,14,3,10,3,5,1,0,2.0,3.6,3.5,2.05,3.6,3.4,2.06,3.8,3.3,1.95,3.5,3.3,2.1,3.6,3.3,2.1,3.6,3.3,2.1,3.6,3.25,2.08,3.68,3.54,2.1,3.8,3.6,2.04,3.62,3.34,2.12,3.7,3.7,1.73,2.1,1.78,2.13,1.75,2.1,1.72,2.06,1.81,2.16,-0.5,2.03,1.83,2.09,1.83,2.05,1.83,2.01,1.76,2.12,1.86,2.15,3.5,3.2,2.15,3.5,3.25,2.1,3.6,3.3,2.15,3.6,3.13,2.15,3.6,3.25,2.15,3.6,3.25,2.1,3.5,3.2,2.13,3.65,3.51,2.2,3.6,3.3,2.14,3.53,3.23,2.24,3.65,3.5,1.73,2.1,1.79,2.13,1.77,2.1,1.73,2.06,1.82,2.18,-0.25,1.9,1.95,1.85,2.08,1.9,1.98,1.81,1.94,1.93,2.04,2,0,0.06584036995881482,0.4599150982152367,0.25917867413234336,0.28090622765242007,2025.0,8.0,6.0,0,0,0,0,0,medium,0,0,0,medium,medium
D1,2025-08-31,16:30,Dortmund,Union Berlin,3,0,H,1,0,H,11,12,6,3,14,7,4,6,0,0,0,0,1.4,5.25,6.5,1.36,5.0,8.0,1.4,5.3,6.75,1.36,4.6,6.5,1.38,5.0,7.5,1.4,5.0,7.5,1.36,5.0,7.5,1.4,5.3,7.28,1.41,5.3,8.0,1.38,5.06,7.02,1.42,5.6,7.8,1.5,2.63,1.54,2.59,1.53,2.63,1.49,2.53,1.56,2.68,-1.25,1.85,2.0,1.88,2.03,1.85,2.0,1.79,1.95,1.86,2.05,1.4,4.75,6.5,1.4,4.6,8.0,1.42,5.1,6.75,1.4,4.8,7.0,1.42,4.8,7.25,1.4,4.8,7.0,1.4,4.8,7.0,1.41,5.29,7.35,1.46,5.1,8.0,1.41,4.84,6.88,1.46,5.1,8.0,1.57,2.38,1.55,2.6,1.6,2.45,1.56,2.36,1.64,2.48,-1.25,1.93,1.93,1.88,2.04,1.97,1.93,1.86,1.89,1.96,2.0,3,3,0.06471628210758662,0.6805922792173453,0.18561607615018508,0.13379164463246956,2025.0,8.0,6.0,0,0,0,0,0,medium,0,0,0,strong,medium
D1,2025-08-31,18:30,FC Koln,Freiburg,4,1,H,1,0,H,18,12,6,2,12,9,3,5,2,1,0,0,2.55,3.3,2.8,2.6,3.25,2.8,2.48,3.35,2.85,2.45,3.2,2.63,2.55,3.3,2.75,2.4,3.1,2.62,2.4,3.1,2.62,2.66,3.38,2.77,2.6,3.35,2.85,2.5,3.26,2.74,2.64,3.4,2.9,2.03,1.83,2.03,1.87,2.03,1.83,1.97,1.79,2.08,1.86,0.0,1.85,2.0,1.91,2.0,1.85,2.0,1.81,1.93,1.88,2.05,2.6,3.3,2.7,2.6,3.3,2.75,2.48,3.4,2.8,2.5,3.4,2.7,2.55,3.3,2.75,2.45,3.1,2.6,2.45,3.1,2.6,2.6,3.42,2.86,2.62,3.4,2.8,2.53,3.31,2.72,2.68,3.5,2.9,1.9,1.95,1.92,1.98,1.91,1.96,1.87,1.9,1.93,2.02,0.0,1.9,1.95,1.87,2.06,1.9,1.99,1.83,1.92,1.91,2.07,5,3,0.07171196990730389,0.37323461082047765,0.28622286105864847,0.34054252812087377,2025.0,8.0,6.0,0,0,0,0,0,medium,0,0,0,medium,strong
D1,2025-09-12,19:30,Leverkusen,Ein Frankfurt,3,1,H,2,0,H,18,13,8,2,10,9,4,8,5,3,2,0,2.1,3.8,3.2,2.15,3.75,3.1,2.08,3.75,3.2,2.1,3.9,3.0,2.1,3.9,3.1,2.1,3.9,3.1,2.1,3.8,3.1,2.16,3.83,3.29,2.15,3.9,3.2,2.1,3.8,3.11,2.22,3.95,3.35,1.44,2.75,1.44,2.82,1.46,2.8,1.44,2.72,1.48,3.0,-0.25,1.85,2.0,1.89,2.03,1.86,2.0,1.82,1.95,1.93,2.06,2.15,3.6,3.1,2.15,3.75,3.1,2.1,3.85,3.15,2.1,3.8,3.1,2.15,3.7,3.1,2.15,3.7,3.1,2.15,3.7,3.1,2.19,3.8,3.24,2.16,3.85,3.2,2.12,3.72,3.13,2.22,3.75,3.45,1.53,2.5,1.57,2.49,1.56,2.6,1.51,2.48,1.6,2.62,-0.25,1.88,1.98,1.93,2.0,1.88,1.98,1.84,1.95,1.92,2.06,4,2,0.06089177928744682,0.44885867294618104,0.24805347715446846,0.30308784989935056,2025.0,9.0,4.0,0,0,0,0,0,medium,0,0,0,medium,medium
D1,2025-09-13,14:30,Freiburg,Stuttgart,3,1,H,0,1,A,14,7,6,2,8,13,7,1,1,1,1,0,2.9,3.6,2.35,2.88,3.6,2.3,2.9,3.7,2.28,2.7,3.5,2.25,2.8,3.6,2.35,2.8,3.6,2.37,2.8,3.6,2.3,2.92,3.64,2.41,3.0,3.7,2.37,2.84,3.59,2.29,3.0,3.7,2.46,1.57,2.38,1.61,2.41,1.63,2.38,1.58,2.29,1.64,2.46,0.25,1.8,2.05,1.83,2.1,1.89,2.05,1.8,1.93,1.87,2.12,2.63,3.5,2.63,2.6,3.5,2.6,2.6,3.65,2.5,2.5,3.6,2.6,2.65,3.5,2.55,2.62,3.5,2.5,2.62,3.5,2.5,2.66,3.5,2.73,3.0,3.65,2.65,2.62,3.54,2.53,2.76,3.55,2.78,1.67,2.2,1.73,2.22,1.75,2.28,1.64,2.19,1.78,2.26,0.0,1.93,1.93,1.93,1.99,1.95,1.94,1.89,1.89,1.97,2.01,4,2,0.06734543079718769,0.3298957075155597,0.260975991460777,0.4091283010236635,2025.0,9.0,5.0,0,0,0,0,0,medium,0,0,0,medium,strong
D1,2025-09-13,14:30,Heidenheim,Dortmund,0,2,A,0,2,A,6,17,1,8,5,9,5,4,2,3,1,0,5.5,4.5,1.55,5.5,4.33,1.57,5.4,4.5,1.54,5.0,4.2,1.5,5.0,4.4,1.58,5.0,4.4,1.57,5.0,4.33,1.57,5.53,4.66,1.56,5.5,4.6,1.66,5.16,4.39,1.55,5.8,4.7,1.61,1.5,2.63,1.48,2.68,1.52,2.63,1.49,2.55,1.53,2.72,1.0,1.98,1.88,2.01,1.9,1.98,2.12,1.91,1.88,2.0,1.93,5.0,4.5,1.57,5.0,4.33,1.6,5.2,4.5,1.57,5.0,4.5,1.55,4.8,4.5,1.6,4.8,4.5,1.6,4.8,4.5,1.6,5.34,4.54,1.6,5.33,4.5,1.62,4.98,4.44,1.58,5.6,4.5,1.66,1.44,2.75,1.47,2.75,1.5,2.75,1.46,2.63,1.5,2.92,1.0,1.93,1.93,1.95,1.97,1.93,1.97,1.87,1.91,1.93,2.06,2,-2,0.06675017273680606,0.18167182398030696,0.2135368136078324,0.6047913624118606,2025.0,9.0,5.0,0,0,0,0,0,medium,0,0,0,medium,strong
D1,2025-09-13,14:30,Mainz,RB Leipzig,0,1,A,0,1,A,13,19,2,3,12,11,3,5,1,0,0,0,2.55,3.6,2.63,2.6,3.5,2.6,2.63,3.7,2.48,2.45,3.5,2.45,2.6,3.6,2.5,2.62,3.6,2.5,2.6,3.5,2.5,2.6,3.7,2.64,2.66,3.75,2.7,2.56,3.58,2.53,2.74,3.7,2.68,1.67,2.2,1.63,2.36,1.67,2.3,1.63,2.21,1.66,2.38,0.0,1.9,1.95,1.93,1.97,1.95,2.0,1.82,1.92,2.0,1.97,2.35,3.8,2.8,2.3,3.6,2.88,2.33,3.8,2.8,2.3,3.75,2.75,2.35,3.7,2.8,2.3,3.7,2.8,2.3,3.6,2.8,2.41,3.79,2.87,2.38,3.8,2.88,2.32,3.69,2.8,2.44,3.9,2.94,1.53,2.5,1.56,2.55,1.55,2.63,1.52,2.47,1.58,2.68,-0.25,2.05,1.8,2.11,1.83,2.05,1.81,2.01,1.78,2.13,1.87,1,-1,0.06521152593459512,0.36671120288270775,0.26222924005020437,0.3710595570670877,2025.0,9.0,5.0,0,0,0,0,0,medium,0,0,0,medium,strong
D1,2025-09-13,14:30,Union Berlin,Hoffenheim,2,4,A,0,2,A,20,9,7,8,13,12,9,2,1,1,1,0,2.6,3.4,2.7,2.6,3.3,2.75,2.55,3.5,2.65,2.5,3.3,2.55,2.55,3.4,2.65,2.6,3.4,2.62,2.6,3.4,2.62,2.66,3.51,2.68,2.62,3.5,2.8,2.56,3.39,2.64,2.68,3.6,2.76,1.88,1.98,1.92,1.97,1.93,1.98,1.86,1.9,1.96,1.98,0.0,1.93,1.93,1.94,1.96,1.93,2.07,1.8,1.96,1.95,2.0,2.88,3.4,2.45,2.8,3.4,2.5,2.63,3.6,2.5,2.8,3.3,2.45,2.7,3.4,2.55,2.7,3.4,2.5,2.7,3.4,2.5,2.94,3.42,2.53,2.88,3.6,2.55,2.74,3.4,2.49,2.94,3.5,2.6,1.83,2.03,1.88,2.03,1.84,2.05,1.79,1.98,1.9,2.08,0.0,2.1,1.78,2.12,1.83,2.1,2.07,1.91,1.86,2.11,1.87,6,-2,0.06439812952534174,0.36699143785060534,0.27713807696092907,0.35587048518846576,2025.0,9.0,5.0,0,0,0,0,0,medium,0,0,0,medium,strong
D1,2025-09-13,14:30,Wolfsburg,FC Koln,3,3,D,1,1,D,14,14,6,8,15,11,7,4,2,3,0,0,1.95,3.5,3.9,2.0,3.6,3.6,1.94,3.65,3.8,1.93,3.5,3.4,2.0,3.5,3.7,2.0,3.5,3.7,2.0,3.5,3.6,2.01,3.61,3.85,2.0,3.8,3.95,1.96,3.56,3.66,2.06,3.7,4.0,1.8,2.0,1.81,2.08,1.85,2.05,1.78,1.98,1.83,2.12,-0.5,2.0,1.85,2.02,1.89,2.0,1.98,1.93,1.84,2.06,1.92,1.91,3.6,3.75,1.95,3.6,3.75,1.94,3.65,3.8,1.9,3.7,3.75,1.93,3.7,3.7,1.95,3.7,3.7,1.95,3.6,3.7,1.97,3.71,3.97,1.95,3.8,4.0,1.92,3.65,3.76,1.98,3.8,4.2,1.73,2.1,1.76,2.17,1.8,2.15,1.73,2.06,1.77,2.24,-0.5,1.95,1.9,1.98,1.94,1.95,1.98,1.88,1.88,1.98,2.01,6,0,0.06432700175299444,0.47936778902754884,0.2639215917117966,0.2567106192606545,2025.0,9.0,5.0,0,0,0,0,0,medium,0,0,0,strong,medium
D1,2025-09-13,17:30,Bayern Munich,Hamburg,5,0,H,4,0,H,22,9,12,2,11,14,5,3,2,2,0,0,1.06,12.0,26.0,1.07,12.0,29.0,1.06,13.0,31.0,1.06,9.5,21.0,1.08,13.5,26.0,1.08,13.0,26.0,1.07,13.0,23.0,1.07,14.97,29.41,1.08,13.5,31.0,1.06,11.91,26.44,1.08,17.0,42.0,1.22,4.33,1.32,3.2,1.22,4.6,1.2,4.25,1.24,4.8,-3.0,1.98,1.88,1.96,1.91,2.2,1.98,1.91,1.88,1.97,1.92,1.06,12.0,23.0,1.07,12.0,26.0,1.06,14.0,29.0,1.06,13.0,26.0,1.08,13.5,26.0,1.07,13.0,26.0,1.07,13.0,26.0,1.08,16.5,21.0,1.08,14.0,29.0,1.07,12.59,25.03,1.08,19.5,38.0,1.14,5.5,1.32,3.2,1.17,6.0,1.15,5.3,1.17,6.4,-3.0,1.85,2.0,1.88,1.98,1.87,2.04,1.81,1.98,1.95,2.04,5,5,0.06518076527245986,0.8856677262415505,0.07882517126918923,0.035507102489260346,2025.0,9.0,5.0,0,0,0,0,0,low,0,0,0,strong,weak
D1,2025-09-14,14:30,St Pauli,Augsburg,2,1,H,1,1,D,13,10,7,5,10,12,3,1,1,4,0,0,2.2,3.4,3.3,2.25,3.25,3.3,2.2,3.4,3.2,2.1,3.2,3.2,2.2,3.3,3.3,2.2,3.3,3.3,2.2,3.3,3.25,2.23,3.39,3.46,2.25,3.4,3.33,2.19,3.31,3.25,2.24,3.45,3.6,2.1,1.73,2.15,1.76,2.1,1.75,2.04,1.73,2.16,1.81,-0.25,1.88,1.98,1.92,1.99,1.9,1.98,1.88,1.9,1.93,2.04,2.1,3.5,3.3,2.1,3.4,3.4,2.1,3.4,3.55,2.1,3.4,3.4,2.1,3.4,3.5,2.1,3.4,3.5,2.1,3.3,3.4,2.23,3.32,3.6,2.18,3.5,3.55,2.11,3.37,3.43,2.22,3.4,3.85,1.9,1.95,2.17,1.75,2.1,1.95,1.96,1.82,2.12,1.87,-0.25,1.8,2.05,1.91,2.02,1.9,2.05,1.81,1.98,1.89,2.11,3,1,0.06642811588389552,0.42817795007940646,0.283295985097855,0.28852606482273846,2025.0,9.0,6.0,0,0,0,0,0,medium,0,0,0,medium,medium
D1,2025-09-14,16:30,M'gladbach,Werder Bremen,0,4,A,0,2,A,19,12,3,7,12,9,9,4,1,0,0,0,1.95,3.9,3.4,1.95,4.0,3.5,1.93,4.1,3.45,1.93,3.75,3.2,1.95,3.8,3.5,1.95,3.8,3.5,1.95,3.8,3.5,2.0,4.11,3.44,1.98,4.2,4.25,1.92,3.92,3.46,2.04,4.0,3.7,1.5,2.63,1.5,2.67,1.52,2.63,1.48,2.55,1.52,2.8,-0.5,1.98,1.88,2.01,1.9,1.98,2.12,1.9,1.87,2.04,1.92,2.1,3.9,3.0,2.05,4.0,3.2,2.1,4.0,3.1,2.1,4.0,3.0,2.1,3.8,3.1,2.1,3.8,3.1,2.1,3.8,3.1,2.05,4.08,3.38,2.15,4.0,3.2,2.09,3.89,3.09,2.16,4.0,3.4,1.44,2.75,1.39,3.09,1.44,3.0,1.42,2.79,1.48,3.0,-0.25,1.85,2.0,1.81,2.12,1.85,2.0,1.82,1.96,1.89,2.11,4,-4,0.06495271519012236,0.48906709744418164,0.23954306813592569,0.2713898344198927,2025.0,9.0,6.0,0,0,0,0,0,medium,0,0,0,strong,medium
D1,2025-09-19,19:30,Stuttgart,St Pauli,2,0,H,1,0,H,17,9,8,2,13,15,8,4,0,2,0,0,1.75,4.1,4.2,1.73,3.75,4.6,1.73,4.0,4.4,1.73,3.9,4.4,1.78,3.8,4.2,1.8,3.8,4.2,1.8,3.8,4.2,1.78,4.0,4.46,1.8,4.1,4.6,1.75,3.89,4.33,1.82,4.1,4.7,1.73,2.1,1.74,2.18,1.75,2.15,1.7,2.1,1.78,2.24,-0.75,2.0,1.85,2.01,1.89,2.0,1.9,1.92,1.85,2.04,1.92,1.8,3.9,4.0,1.83,3.75,4.0,1.83,3.95,3.95,1.8,3.9,4.0,1.87,3.8,3.8,1.85,3.8,3.8,1.85,3.8,3.8,1.8,4.09,4.37,1.87,4.0,4.0,1.82,3.88,3.89,1.95,4.0,4.1,1.62,2.3,1.66,2.32,1.62,2.38,1.6,2.28,1.65,2.48,-0.5,1.78,2.03,1.79,2.13,1.86,2.03,1.8,1.96,1.95,2.04,2,2,0.05944486238602131,0.5393660318873345,0.24264538709584454,0.2179885810168211,2025.0,9.0,4.0,0,0,0,0,0,medium,0,0,0,strong,medium
D1,2025-09-20,14:30,Augsburg,Mainz,1,4,A,0,2,A,18,12,5,4,13,10,6,6,1,2,0,1,2.7,3.4,2.6,2.75,3.3,2.6,2.7,3.5,2.5,2.6,3.25,2.5,2.65,3.3,2.6,2.62,3.3,2.62,2.62,3.3,2.6,2.77,3.47,2.61,2.75,3.5,2.62,2.66,3.34,2.55,2.84,3.45,2.72,1.93,1.93,1.92,1.97,1.93,1.95,1.88,1.87,1.96,1.99,0.0,1.98,1.88,2.01,1.89,2.02,1.88,1.96,1.79,2.03,1.94,2.63,3.5,2.63,2.63,3.4,2.6,2.6,3.55,2.6,2.6,3.6,2.5,2.65,3.4,2.6,2.62,3.4,2.6,2.62,3.4,2.6,2.75,3.42,2.69,2.65,3.6,2.66,2.61,3.47,2.58,2.78,3.6,2.72,1.67,2.2,1.96,1.94,1.79,2.2,1.72,2.08,1.79,2.24,0.0,1.95,1.9,1.98,1.94,2.02,1.91,1.93,1.83,2.02,1.96,5,-3,0.06749790997394856,0.3521691669009775,0.28047005507682643,0.3673607780221962,2025.0,9.0,5.0,0,0,0,0,0,medium,0,0,0,medium,strong
D1,2025-09-20,14:30,Hamburg,Heidenheim,2,1,H,1,0,H,22,20,9,8,15,10,1,12,5,1,0,0,2.05,3.6,3.5,2.1,3.5,3.4,2.04,3.65,3.45,2.0,3.4,3.25,2.05,3.5,3.6,1.95,3.3,3.4,2.0,3.5,3.6,2.1,3.53,3.66,2.1,3.65,3.66,2.02,3.51,3.45,2.14,3.7,3.65,1.8,2.0,1.85,2.04,1.8,2.02,1.77,2.0,1.87,2.08,-0.5,2.05,1.8,2.11,1.82,2.05,1.8,2.0,1.77,2.14,1.84,1.75,3.9,4.5,1.8,3.75,4.2,1.8,3.95,4.1,1.73,3.9,4.33,1.77,3.9,4.2,1.8,3.9,4.2,1.75,3.9,4.2,1.88,3.89,4.18,1.81,4.0,4.5,1.77,3.87,4.2,1.84,4.1,4.6,1.67,2.2,1.68,2.29,1.67,2.28,1.64,2.21,1.69,2.4,-0.75,1.98,1.88,2.12,1.79,2.02,1.88,1.97,1.81,2.03,1.94,3,1,0.06980486231454797,0.46274748076901034,0.26631051599811995,0.2709420032328698,2025.0,9.0,5.0,0,0,0,0,0,medium,0,0,0,medium,medium
D1,2025-09-20,14:30,Hoffenheim,Bayern Munich,1,4,A,0,1,A,12,18,4,10,17,9,5,5,1,2,0,0,7.0,6.0,1.33,8.0,5.5,1.33,8.0,6.0,1.32,7.0,5.25,1.3,7.5,5.75,1.35,7.5,5.75,1.35,7.5,5.5,1.35,7.87,6.19,1.33,8.0,6.0,1.35,7.48,5.7,1.32,8.8,6.4,1.35,1.29,3.75,1.32,3.45,1.33,3.75,1.3,3.38,1.34,3.75,1.5,2.0,1.85,2.04,1.87,2.0,1.85,1.95,1.81,2.05,1.88,7.5,5.25,1.36,7.0,5.5,1.36,6.75,5.6,1.38,7.5,5.5,1.33,7.0,5.5,1.37,7.0,5.5,1.36,6.5,5.25,1.4,8.29,6.37,1.31,7.5,5.6,1.4,6.98,5.37,1.37,8.2,5.7,1.41,1.33,3.4,1.32,3.45,1.35,3.5,1.32,3.26,1.39,3.45,1.5,1.88,1.98,2.08,1.81,1.9,1.98,1.85,1.91,1.9,2.09,5,-3,0.06670419363917812,0.12532981530343007,0.1644678979771328,0.7102022867194371,2025.0,9.0,5.0,0,0,0,0,0,medium,0,0,0,medium,strong
D1,2025-09-20,14:30,Werder Bremen,Freiburg,0,3,A,0,1,A,12,10,5,5,13,7,2,0,5,2,0,0,2.38,3.6,2.8,2.38,3.6,2.8,2.43,3.75,2.65,2.3,3.5,2.63,2.4,3.5,2.75,2.4,3.5,2.75,2.4,3.5,2.75,2.38,3.81,2.86,2.43,3.75,2.8,2.37,3.59,2.72,2.5,3.75,2.9,1.62,2.3,1.63,2.36,1.62,2.3,1.6,2.26,1.64,2.44,-0.25,2.05,1.8,2.09,1.83,2.1,1.8,2.04,1.74,2.17,1.82,2.35,3.6,2.88,2.4,3.5,2.8,2.35,3.7,2.8,2.38,3.6,2.75,2.4,3.5,2.75,2.4,3.5,2.75,2.4,3.5,2.75,2.51,3.68,2.79,2.45,3.7,2.9,2.37,3.55,2.79,2.54,3.65,2.96,1.73,2.1,1.64,2.38,1.73,2.25,1.64,2.2,1.73,2.34,-0.25,2.05,1.8,2.18,1.76,2.1,1.8,2.04,1.75,2.19,1.82,3,-3,0.06813951912699778,0.39502417120087374,0.26078197374542367,0.34419385505370254,2025.0,9.0,5.0,0,0,0,0,0,medium,0,0,0,medium,strong
D1,2025-09-20,17:30,RB Leipzig,FC Koln,3,1,H,3,1,H,18,13,8,2,10,8,9,5,1,1,0,0,1.65,4.33,4.5,1.67,4.2,4.6,1.63,4.35,4.8,1.6,4.0,4.5,1.68,4.1,4.6,1.67,4.2,4.6,1.67,4.0,4.6,1.68,4.39,4.73,1.7,4.35,4.8,1.65,4.15,4.61,1.75,4.4,4.9,1.53,2.5,1.57,2.5,1.6,2.5,1.55,2.37,1.61,2.54,-0.75,1.83,2.03,1.85,2.06,1.83,2.03,1.79,1.98,1.94,2.03,1.9,4.0,3.75,1.9,4.0,3.6,1.81,4.2,3.8,1.83,4.1,3.6,1.9,4.0,3.6,1.91,4.0,3.6,1.85,3.9,3.6,1.95,3.9,3.84,1.91,4.2,3.8,1.86,4.01,3.64,1.98,4.0,4.0,1.4,3.0,1.49,2.72,1.43,3.13,1.4,2.88,1.44,3.15,-0.5,1.88,1.98,1.96,1.96,1.88,2.0,1.82,1.94,1.97,2.01,4,2,0.06394420117860511,0.5696357058849801,0.22648166619523305,0.2038826279197868,2025.0,9.0,5.0,0,0,0,0,0,medium,0,0,0,strong,medium
D1,2025-09-21,14:30,Ein Frankfurt,Union Berlin,3,4,A,1,2,A,19,11,10,5,10,11,5,1,3,2,0,0,1.57,4.33,5.5,1.57,4.2,5.5,1.54,4.6,5.4,1.53,4.0,5.0,1.58,4.33,5.25,1.57,4.33,5.25,1.57,4.2,5.25,1.58,4.47,5.57,1.58,4.6,5.5,1.55,4.27,5.27,1.6,4.4,6.0,1.57,2.38,1.63,2.38,1.62,2.38,1.58,2.29,1.66,2.42,-1.0,1.93,1.93,1.96,1.94,1.95,1.93,1.89,1.88,1.97,1.96,1.62,4.2,4.75,1.62,4.2,5.0,1.66,4.25,4.7,1.6,4.2,5.0,1.61,4.2,5.0,1.6,4.2,5.0,1.6,4.2,5.0,1.65,4.38,5.03,1.66,4.25,5.1,1.62,4.17,4.92,1.7,4.4,5.3,1.62,2.3,1.57,2.5,1.63,2.38,1.59,2.3,1.68,2.44,-1.0,2.05,1.8,2.09,1.85,2.08,1.8,2.03,1.77,2.14,1.84,7,-1,0.06910664847641868,0.6034583090863745,0.21905395294704463,0.17748773796658077,2025.0,9.0,6.0,0,0,0,0,0,medium,0,0,0,strong,medium
D1,2025-09-21,16:30,Leverkusen,M'gladbach,1,1,D,0,0,D,13,13,9,7,12,15,3,4,5,5,0,0,1.57,5.0,4.5,1.53,4.5,5.5,1.54,4.75,5.1,1.5,4.2,5.0,1.58,4.4,5.0,1.57,4.4,5.0,1.57,4.4,5.0,1.56,4.77,5.33,1.58,5.0,5.5,1.55,4.52,5.01,1.6,5.1,5.5,1.44,2.75,1.48,2.7,1.48,2.9,1.43,2.7,1.5,2.86,-1.0,1.93,1.93,1.93,1.97,1.93,1.95,1.86,1.91,1.97,1.96,1.5,4.5,6.25,1.53,4.33,6.0,1.54,4.6,5.5,1.5,4.4,5.75,1.52,4.4,5.75,1.53,4.4,6.0,1.5,4.4,5.75,1.56,4.48,5.96,1.54,4.6,6.25,1.51,4.45,5.74,1.55,4.8,6.6,1.57,2.38,1.62,2.38,1.62,2.48,1.56,2.36,1.64,2.54,-1.0,1.83,2.03,1.92,2.01,1.85,2.03,1.82,1.97,1.89,2.09,2,0,0.06600102677887154,0.605216387335067,0.2075410177808305,0.18724259488410255,2025.0,9.0,6.0,0,0,0,0,0,medium,0,0,0,strong,medium
D1,2025-09-21,18:30,Dortmund,Wolfsburg,1,0,H,1,0,H,12,10,4,1,10,9,9,3,1,0,0,0,1.5,5.0,5.5,1.44,4.6,6.5,1.46,5.0,6.1,1.44,4.4,5.5,1.49,4.75,5.75,1.5,4.8,5.75,1.5,4.6,5.75,1.52,5.13,5.42,1.52,5.0,6.5,1.47,4.72,5.78,1.53,5.1,6.4,1.44,2.75,1.44,2.84,1.48,2.8,1.44,2.67,1.48,2.92,-1.25,2.05,1.8,2.09,1.83,2.05,1.86,1.95,1.81,2.08,1.86,1.53,4.5,5.25,1.53,4.6,5.5,1.54,4.7,5.3,1.5,4.6,5.5,1.53,4.6,5.5,1.55,4.5,5.25,1.53,4.4,5.25,1.59,4.66,5.27,1.55,4.75,5.5,1.52,4.57,5.36,1.58,5.0,5.8,1.44,2.75,1.46,2.79,1.45,2.88,1.43,2.72,1.47,3.05,-1.0,1.85,2.0,1.96,1.96,1.86,2.0,1.82,1.95,1.91,2.06,1,1,0.06514689624603576,0.6386650622942838,0.19890627999419433,0.16242865771152198,2025.0,9.0,6.0,0,0,0,0,0,medium,0,0,0,strong,medium
D1,2025-09-26,19:30,Bayern Munich,Werder Bremen,4,0,H,2,0,H,26,9,13,3,9,4,7,6,2,0,0,0,1.09,11.0,21.0,1.1,10.0,21.0,1.09,11.0,21.0,1.07,11.5,22.0,1.1,12.5,19.0,1.1,12.0,19.0,1.1,12.0,19.0,1.09,12.5,26.0,1.1,12.5,22.0,1.09,10.97,20.23,1.11,14.0,32.0,1.2,4.5,,,1.2,5.25,1.17,4.79,1.2,5.7,-2.75,1.88,1.98,1.88,2.01,1.88,2.0,1.84,1.94,1.95,2.0,1.09,11.0,21.0,1.11,10.0,19.0,1.1,11.0,19.0,1.09,10.5,20.0,1.12,11.5,16.5,1.11,11.0,17.0,1.11,11.0,15.0,1.1,12.0,26.0,1.12,11.5,21.0,1.1,10.52,18.3,1.12,13.0,28.0,1.2,4.5,,,1.2,4.8,1.19,4.49,1.23,5.1,-2.5,1.8,2.0,1.83,2.04,1.81,2.07,1.77,1.99,1.9,2.07,4,4,0.05802043280725,0.8671204867247473,0.08615873569097307,0.04672077758427951,2025.0,9.0,4.0,0,0,0,0,0,low,0,0,0,strong,weak
D1,2025-09-27,14:30,Heidenheim,Augsburg,2,1,H,0,0,D,11,8,5,2,16,20,3,2,1,6,0,0,2.7,3.5,2.5,2.75,3.4,2.5,2.7,3.55,2.5,2.6,3.4,2.38,2.75,3.5,2.45,2.75,3.5,2.45,2.7,3.4,2.45,2.77,3.65,2.51,2.8,3.66,2.5,2.69,3.46,2.46,2.84,3.65,2.62,1.73,2.1,1.75,2.17,1.8,2.12,1.74,2.03,1.81,2.16,0.0,2.03,1.83,2.06,1.86,2.03,1.85,1.97,1.8,2.07,1.9,2.9,3.5,2.35,2.8,3.5,2.4,2.85,3.5,2.43,2.88,3.5,2.3,2.75,3.5,2.45,2.75,3.5,2.45,2.75,3.5,2.45,2.85,3.56,2.53,2.9,3.5,2.45,2.82,3.46,2.39,3.0,3.65,2.52,1.73,2.1,1.81,2.09,1.77,2.1,1.73,2.07,1.83,2.16,0.25,1.83,2.03,1.76,2.18,1.83,2.08,1.76,1.98,1.85,2.17,3,1,0.06726861797702366,0.3483164459576697,0.2708009363081305,0.3808826177341998,2025.0,9.0,5.0,0,0,0,0,0,medium,0,0,0,medium,strong
D1,2025-09-27,14:30,Mainz,Dortmund,0,2,A,0,2,A,8,10,2,4,12,14,7,5,2,1,1,0,3.2,3.7,2.1,3.3,3.75,2.05,3.2,3.9,2.07,3.0,3.6,2.05,3.1,3.8,2.15,3.1,3.8,2.15,3.0,3.75,2.15,3.32,3.79,2.13,3.3,3.9,2.15,3.14,3.74,2.08,3.4,3.85,2.18,1.62,2.3,1.63,2.37,1.62,2.45,1.57,2.33,1.66,2.44,0.25,2.03,1.83,2.04,1.87,2.03,1.83,1.97,1.76,2.07,1.89,3.4,3.8,2.0,3.5,3.75,2.0,3.55,3.95,1.94,3.3,3.8,2.0,3.4,3.75,2.0,3.4,3.75,2.0,3.4,3.7,2.0,3.53,3.83,2.06,3.55,3.95,2.08,3.39,3.76,2.0,3.6,3.95,2.12,1.57,2.38,1.63,2.41,1.66,2.45,1.56,2.36,1.64,2.54,0.5,1.83,2.03,1.86,2.07,1.87,2.05,1.81,1.96,1.9,2.08,2,-2,0.06662024749323336,0.2985798725723498,0.25067935825593,0.45074076917172035,2025.0,9.0,5.0,0,0,0,0,0,medium,0,0,0,medium,strong
D1,2025-09-27,14:30,St Pauli,Leverkusen,1,2,A,1,1,D,13,5,6,4,13,11,13,1,3,5,0,0,3.1,3.6,2.2,3.2,3.4,2.25,3.15,3.55,2.18,3.1,3.3,2.1,3.1,3.5,2.2,3.1,3.5,2.2,3.1,3.5,2.2,3.28,3.55,2.24,3.2,3.6,2.25,3.12,3.45,2.18,3.3,3.65,2.32,1.88,1.98,1.91,1.98,1.91,1.98,1.84,1.92,1.93,2.0,0.25,1.93,1.93,1.96,1.94,1.93,1.93,1.89,1.83,1.97,2.0,3.0,3.4,2.38,3.1,3.4,2.3,3.0,3.5,2.3,2.9,3.5,2.3,2.95,3.4,2.3,3.0,3.4,2.3,3.0,3.4,2.3,3.37,3.54,2.23,3.1,3.5,2.38,2.97,3.42,2.32,3.15,3.5,2.48,1.85,2.0,1.95,1.95,1.85,2.05,1.82,1.95,1.92,2.06,0.0,2.15,1.68,2.46,1.62,2.16,1.7,2.13,1.68,2.26,1.78,3,-1,0.0690834893068637,0.29980148764679154,0.27112482361101153,0.4290736887421971,2025.0,9.0,5.0,0,0,0,0,0,medium,0,0,0,medium,strong
D1,2025-09-27,14:30,Wolfsburg,RB Leipzig,0,1,A,0,1,A,22,20,4,6,7,9,6,11,2,2,0,0,2.55,3.6,2.6,2.5,3.6,2.6,2.6,3.75,2.48,2.45,3.6,2.4,2.6,3.7,2.5,2.6,3.7,2.5,2.6,3.6,2.5,2.6,3.75,2.61,2.6,3.75,2.6,2.54,3.65,2.5,2.74,3.85,2.62,1.53,2.5,1.54,2.59,1.53,2.5,1.51,2.47,1.56,2.66,0.0,1.93,1.93,1.95,1.95,1.93,1.93,1.88,1.88,2.03,1.95,2.63,3.6,2.5,2.63,3.6,2.5,2.6,3.8,2.5,2.55,3.8,2.45,2.6,3.6,2.5,2.6,3.6,2.5,2.6,3.6,2.5,2.63,3.73,2.63,2.63,3.8,2.54,2.59,3.65,2.48,2.78,3.85,2.62,1.44,2.75,1.54,2.59,1.52,2.75,1.48,2.58,1.54,2.8,0.0,1.98,1.88,1.96,1.96,1.98,1.88,1.93,1.84,2.05,1.94,1,-1,0.0676733901413007,0.36874646407500206,0.25660712842479594,0.3746464075002021,2025.0,9.0,5.0,0,0,0,0,0,medium,0,0,0,medium,strong
D1,2025-09-27,17:30,M'gladbach,Ein Frankfurt,4,6,A,0,5,A,11,21,8,7,14,8,4,6,1,2,0,0,3.1,3.6,2.2,3.0,3.75,2.2,3.05,3.8,2.16,2.8,3.7,2.1,2.95,3.7,2.2,3.0,3.7,2.2,3.0,3.7,2.2,3.2,3.59,2.26,3.2,3.8,2.25,2.98,3.68,2.18,3.2,3.8,2.32,1.53,2.5,1.52,2.56,1.53,2.65,1.48,2.56,1.54,2.72,0.25,1.93,1.93,1.93,1.97,1.93,1.93,1.89,1.84,1.95,2.01,3.0,3.6,2.25,3.0,3.6,2.25,2.9,3.65,2.3,2.8,3.75,2.25,2.87,3.7,2.25,2.87,3.7,2.25,2.87,3.7,2.25,3.08,3.72,2.3,3.0,3.75,2.33,2.9,3.63,2.26,3.05,3.75,2.44,1.57,2.38,1.56,2.52,1.58,2.5,1.53,2.44,1.61,2.58,0.25,1.83,2.03,1.91,2.01,1.85,2.03,1.8,1.92,1.89,2.11,10,-2,0.06602519656371553,0.31478662125468904,0.2549087313421123,0.4303046474031987,2025.0,9.0,5.0,0,0,0,1,1,medium,0,0,0,medium,strong
D1,2025-09-28,14:30,Freiburg,Hoffenheim,1,1,D,1,1,D,6,15,1,4,9,15,6,8,3,1,0,0,2.25,3.4,3.1,2.25,3.6,3.0,2.16,3.75,3.1,2.15,3.5,2.88,2.2,3.6,3.0,2.2,3.6,3.1,2.2,3.6,3.0,2.27,3.66,3.13,2.25,3.75,3.14,2.19,3.59,3.01,2.32,3.65,3.25,1.62,2.3,1.63,2.36,1.62,2.35,1.58,2.28,1.65,2.44,-0.25,1.98,1.88,1.98,1.93,1.98,1.91,1.89,1.88,2.01,1.95,2.3,3.4,3.1,2.3,3.4,3.1,2.3,3.5,3.0,2.25,3.4,3.1,2.3,3.3,3.1,2.3,3.3,3.1,2.3,3.25,3.1,2.36,3.55,3.1,2.33,3.5,3.2,2.29,3.35,3.08,2.4,3.55,3.3,1.85,2.0,1.65,2.31,1.85,2.14,1.77,2.01,1.88,2.08,-0.25,2.0,1.85,2.05,1.88,2.0,1.85,1.95,1.82,2.06,1.93,2,0,0.06739845022089863,0.42778870858554474,0.2609630283571986,0.3112482630572568,2025.0,9.0,6.0,0,0,0,0,0,medium,0,0,0,medium,medium
D1,2025-09-28,16:30,FC Koln,Stuttgart,1,2,A,1,1,D,14,15,6,5,12,12,8,8,2,2,0,0,2.9,3.5,2.35,2.88,3.6,2.3,2.8,3.8,2.3,2.7,3.6,2.2,2.8,3.7,2.3,2.8,3.7,2.3,2.75,3.7,2.3,2.91,3.68,2.39,2.9,3.8,2.38,2.78,3.64,2.29,2.98,3.8,2.46,1.53,2.5,1.56,2.53,1.55,2.5,1.53,2.41,1.59,2.6,0.25,1.83,2.03,1.83,2.09,1.83,2.03,1.77,1.93,1.86,2.13,2.5,3.7,2.63,2.6,3.6,2.5,2.55,3.6,2.6,2.6,3.6,2.5,2.55,3.7,2.55,2.5,3.7,2.6,2.5,3.6,2.5,2.61,3.72,2.66,2.6,3.7,2.63,2.53,3.62,2.55,2.62,3.9,2.74,1.5,2.63,1.56,2.5,1.54,2.63,1.5,2.51,1.55,2.74,0.0,1.88,1.98,1.94,1.98,1.9,1.98,1.87,1.89,1.95,2.03,3,-1,0.07111872764852567,0.3358285322912051,0.2564844285081181,0.40768703920067684,2025.0,9.0,6.0,0,0,0,0,0,medium,0,0,0,medium,strong
D1,2025-09-28,18:30,Union Berlin,Hamburg,0,0,D,0,0,D,11,16,2,6,18,17,5,3,2,2,0,1,1.95,3.4,4.0,2.0,3.6,3.6,1.97,3.65,3.7,1.91,3.4,3.5,2.0,3.6,3.5,2.05,3.6,3.5,2.0,3.5,3.5,1.99,3.7,3.82,2.05,3.65,4.0,1.97,3.53,3.61,2.02,3.65,4.1,1.8,2.0,1.79,2.11,1.84,2.0,1.78,1.97,1.84,2.12,-0.5,1.98,1.88,2.0,1.91,2.0,1.88,1.94,1.83,2.02,1.96,1.95,3.6,3.8,1.95,3.6,3.75,1.98,3.65,3.65,1.95,3.6,3.6,1.98,3.5,3.7,2.0,3.5,3.7,1.95,3.5,3.6,2.01,3.61,3.95,2.0,3.65,3.8,1.97,3.57,3.65,2.04,3.8,4.0,1.8,2.0,1.92,1.99,1.81,2.05,1.78,2.0,1.84,2.16,-0.5,1.98,1.88,2.02,1.91,1.98,1.88,1.93,1.82,2.04,1.94,0,0,0.06790864242744687,0.47533486763822735,0.26527186664229685,0.2593932657194759,2025.0,9.0,6.0,0,0,0,0,0,medium,0,0,0,strong,medium
D1,2025-10-03,19:30,Hoffenheim,FC Koln,0,1,A,0,1,A,15,10,4,4,15,6,11,6,3,1,0,0,1.91,3.7,3.75,1.95,3.75,3.6,1.93,3.95,3.55,1.93,3.8,3.5,1.88,3.8,3.75,1.91,3.9,3.75,1.85,3.8,3.7,1.93,3.98,3.79,1.95,3.95,3.75,1.91,3.82,3.61,2.0,4.0,3.9,1.57,2.38,1.57,2.45,1.58,2.5,1.53,2.42,1.6,2.62,-0.5,1.9,1.95,1.93,1.97,1.92,1.95,1.88,1.87,2.0,1.99,1.95,3.7,3.6,1.95,3.75,3.6,1.95,3.85,3.6,1.95,3.8,3.4,1.93,3.8,3.6,1.95,3.8,3.6,1.91,3.75,3.6,1.92,3.95,3.92,2.0,3.85,3.7,1.94,3.76,3.56,2.02,3.9,3.95,1.57,2.38,1.57,2.5,1.62,2.5,1.55,2.39,1.63,2.56,-0.5,1.98,1.88,1.93,1.99,1.98,1.91,1.9,1.86,2.02,1.96,1,-1,0.062348624385433205,0.4928327645051194,0.2464163822525597,0.26075085324232083,2025.0,10.0,4.0,0,0,0,0,0,medium,0,0,0,strong,medium
D1,2025-10-04,14:30,Augsburg,Wolfsburg,3,1,H,1,0,H,10,14,5,4,9,7,10,5,2,1,0,0,2.75,3.5,2.45,2.8,3.5,2.4,2.75,3.65,2.43,2.6,3.4,2.38,2.7,3.6,2.45,2.7,3.6,2.45,2.7,3.6,2.45,2.86,3.58,2.48,2.8,3.65,2.45,2.71,3.53,2.42,2.9,3.65,2.6,1.73,2.1,1.75,2.17,1.74,2.14,1.7,2.09,1.78,2.22,0.0,2.03,1.83,2.1,1.82,2.03,1.83,1.98,1.79,2.1,1.89,2.55,3.5,2.63,2.5,3.5,2.75,2.5,3.65,2.7,2.5,3.6,2.6,2.5,3.5,2.65,2.5,3.5,2.62,2.5,3.5,2.62,2.64,3.58,2.71,2.6,3.65,2.8,2.5,3.51,2.67,2.64,3.6,2.86,1.67,2.2,1.78,2.15,1.73,2.2,1.67,2.15,1.72,2.34,0.0,1.88,1.98,1.93,1.99,1.88,2.0,1.83,1.94,1.92,2.06,4,2,0.06551294951293807,0.3463155377000134,0.26586830231360803,0.38781615998637864,2025.0,10.0,5.0,0,0,0,0,0,medium,0,0,0,medium,strong
D1,2025-10-04,14:30,Dortmund,RB Leipzig,1,1,D,1,1,D,15,13,3,3,13,14,7,7,1,3,0,0,1.7,4.5,4.2,1.7,4.33,4.2,1.68,4.5,4.25,1.65,4.1,4.0,1.7,4.4,4.2,1.7,4.4,4.2,1.7,4.4,4.2,1.7,4.67,4.25,1.7,4.5,4.25,1.68,4.36,4.14,1.73,4.7,4.6,1.36,3.2,1.37,3.16,1.38,3.2,1.36,3.03,1.41,3.25,-0.75,1.85,2.0,1.88,2.03,1.85,2.0,1.82,1.96,1.89,2.08,1.67,4.75,4.2,1.67,4.5,4.33,1.68,4.6,4.1,1.65,4.5,4.2,1.7,4.5,4.1,1.7,4.5,4.0,1.7,4.5,4.0,1.71,4.63,4.29,1.7,4.75,4.33,1.67,4.5,4.12,1.74,4.8,4.6,1.3,3.5,1.34,3.38,1.33,3.6,1.3,3.4,1.35,3.7,-0.75,1.83,2.03,1.89,2.04,1.84,2.03,1.81,1.96,1.88,2.12,2,0,0.06614178712303964,0.5583104446588969,0.21512879518966668,0.22656076015143642,2025.0,10.0,5.0,0,0,0,0,0,medium,0,0,0,strong,medium
D1,2025-10-04,14:30,Leverkusen,Union Berlin,2,0,H,1,0,H,20,10,3,3,11,13,4,4,1,3,0,0,1.7,4.0,4.75,1.7,3.75,5.0,1.7,4.1,4.6,1.65,3.7,4.6,1.68,4.0,4.6,1.7,4.0,4.6,1.7,4.0,4.6,1.7,4.1,4.88,1.73,4.1,5.0,1.68,3.91,4.65,1.75,4.1,5.3,1.8,2.0,1.81,2.06,1.8,2.07,1.75,2.02,1.85,2.12,-0.75,1.88,1.98,1.92,1.99,1.92,1.98,1.86,1.91,1.95,2.01,1.7,4.0,4.75,1.7,4.0,5.0,1.68,4.0,4.75,1.67,3.9,4.8,1.73,3.8,4.6,1.73,3.8,4.6,1.73,3.8,4.6,1.7,4.09,4.94,1.73,4.0,5.0,1.7,3.89,4.69,1.75,4.2,5.1,1.83,2.03,1.75,2.17,1.83,2.03,1.79,1.98,1.88,2.12,-0.75,1.9,1.95,1.91,2.02,1.9,1.95,1.87,1.9,1.98,1.98,2,2,0.06604633438228036,0.5583604352272412,0.23990934301323924,0.2017302217595194,2025.0,10.0,5.0,0,0,0,0,0,medium,0,0,0,strong,medium
D1,2025-10-04,14:30,Werder Bremen,St Pauli,1,0,H,1,0,H,15,13,5,3,8,9,4,1,3,1,0,0,2.35,3.7,2.88,2.4,3.4,2.88,2.4,3.6,2.85,2.2,3.4,2.88,2.3,3.5,2.9,2.3,3.5,2.9,2.3,3.5,2.9,2.43,3.67,2.87,2.4,3.7,2.9,2.32,3.51,2.86,2.38,3.7,3.15,1.73,2.1,1.77,2.13,1.8,2.1,1.74,2.03,1.8,2.18,-0.25,2.03,1.83,2.12,1.81,2.06,1.83,1.99,1.78,2.06,1.92,2.3,3.4,3.0,2.4,3.5,2.8,2.28,3.7,2.95,2.25,3.6,2.9,2.35,3.5,2.87,2.37,3.5,2.87,2.3,3.5,2.87,2.37,3.61,3.04,2.4,3.7,3.0,2.31,3.51,2.9,2.44,3.6,3.15,1.73,2.1,1.7,2.26,1.73,2.25,1.66,2.17,1.72,2.34,-0.25,2.03,1.83,2.07,1.87,2.03,1.83,1.97,1.81,2.1,1.89,1,1,0.0655851173092552,0.404504976427449,0.2673651126244107,0.3281299109481404,2025.0,10.0,5.0,0,0,0,0,0,medium,0,0,0,medium,strong
D1,2025-10-04,17:30,Ein Frankfurt,Bayern Munich,0,3,A,0,2,A,6,12,1,3,11,11,4,3,1,2,0,0,6.25,5.25,1.42,6.0,5.5,1.4,6.0,5.4,1.42,5.75,4.8,1.4,5.75,5.25,1.46,5.75,5.25,1.44,5.75,5.0,1.44,6.14,5.53,1.44,6.33,5.5,1.46,5.9,5.19,1.42,6.8,5.9,1.45,1.29,3.75,1.32,3.37,1.29,3.75,1.28,3.54,1.31,4.0,1.5,1.78,2.03,1.79,2.12,1.8,2.03,1.75,2.01,1.87,2.08,7.5,5.75,1.33,7.0,5.5,1.36,6.5,5.8,1.38,6.5,5.5,1.36,6.75,5.75,1.37,6.5,5.75,1.36,6.5,5.75,1.36,7.49,5.65,1.38,7.5,5.8,1.4,6.7,5.66,1.36,8.2,6.4,1.37,1.22,4.33,1.32,3.37,1.25,4.33,1.22,4.08,1.24,4.8,1.5,1.95,1.9,1.93,1.99,2.0,1.9,1.89,1.87,2.04,1.93,3,-3,0.06639510489671308,0.15893876917237454,0.1806818377874778,0.6603793930401478,2025.0,10.0,5.0,0,0,0,0,0,medium,0,0,0,medium,strong
D1,2025-10-05,14:30,Stuttgart,Heidenheim,1,0,H,0,0,D,18,5,6,1,11,12,1,1,1,1,0,0,1.42,4.75,7.0,1.44,4.6,7.0,1.41,5.1,6.75,1.4,4.6,6.0,1.46,4.8,6.25,1.44,4.8,6.5,1.44,4.8,6.0,1.44,5.16,6.75,1.46,5.1,7.5,1.42,4.81,6.48,1.46,5.1,7.6,1.5,2.63,1.49,2.67,1.5,2.75,1.46,2.62,1.54,2.74,-1.25,1.93,1.93,1.94,1.96,1.93,1.96,1.86,1.91,1.95,1.97,1.38,5.0,7.5,1.4,5.0,7.5,1.38,5.0,7.5,1.36,5.25,7.0,1.43,5.0,6.5,1.44,5.0,6.5,1.44,5.0,6.5,1.41,5.33,7.49,1.44,5.25,7.5,1.39,5.06,6.99,1.43,5.5,8.4,1.44,2.75,1.48,2.69,1.48,2.75,1.44,2.7,1.48,3.0,-1.5,2.03,1.83,2.1,1.8,2.05,1.83,2.01,1.77,2.11,1.87,1,1,0.06644654766720492,0.6603475379550261,0.1949466744066813,0.14470578763829273,2025.0,10.0,6.0,0,0,0,0,0,medium,0,0,0,strong,medium
D1,2025-10-05,16:30,Hamburg,Mainz,4,0,H,2,0,H,15,11,9,4,14,13,1,4,2,3,0,0,2.8,3.5,2.4,2.8,3.5,2.4,2.8,3.8,2.3,2.7,3.4,2.3,2.75,3.6,2.4,2.75,3.6,2.4,2.75,3.5,2.4,2.89,3.53,2.48,2.83,3.8,2.42,2.76,3.54,2.36,2.96,3.7,2.5,1.73,2.1,1.77,2.14,1.73,2.17,1.69,2.1,1.78,2.22,0.25,1.73,2.08,1.78,2.14,1.8,2.08,1.75,1.96,1.83,2.16,3.1,3.75,2.15,3.0,3.6,2.2,3.1,3.65,2.2,3.1,3.8,2.0,3.1,3.7,2.15,3.1,3.7,2.15,3.1,3.6,2.15,3.21,3.77,2.21,3.2,3.8,2.2,3.08,3.67,2.14,3.35,3.9,2.22,1.53,2.5,1.57,2.54,1.58,2.6,1.54,2.42,1.62,2.58,0.25,1.95,1.9,1.98,1.93,1.96,1.9,1.91,1.82,2.04,1.95,4,4,0.06853352984524697,0.339080459770115,0.264367816091954,0.39655172413793105,2025.0,10.0,6.0,0,0,0,0,0,medium,0,0,0,medium,strong
D1,2025-10-05,18:30,M'gladbach,Freiburg,0,0,D,0,0,D,9,12,5,1,15,7,4,1,3,1,0,0,2.25,3.6,3.0,2.38,3.5,2.88,2.3,3.7,2.85,2.25,3.4,2.8,2.2,3.6,3.1,2.2,3.6,3.1,2.2,3.5,3.1,2.36,3.57,3.04,2.38,3.7,3.1,2.27,3.53,2.92,2.44,3.65,3.1,1.73,2.1,1.8,2.09,1.75,2.2,1.7,2.1,1.81,2.18,-0.25,2.0,1.85,2.05,1.86,2.0,1.86,1.96,1.8,2.1,1.87,2.7,3.25,2.63,2.75,3.3,2.63,2.55,3.45,2.7,2.6,3.4,2.6,2.5,3.4,2.75,2.5,3.4,2.75,2.5,3.3,2.7,2.66,3.4,2.8,2.75,3.6,2.75,2.59,3.36,2.66,2.76,3.6,2.72,1.93,1.93,1.93,1.97,1.93,2.02,1.84,1.93,1.96,2.02,0.0,1.93,1.93,1.91,2.01,1.93,1.93,1.87,1.89,2.0,1.98,0,0,0.06628050676606101,0.41314516355299385,0.26567691820546635,0.32117791824153974,2025.0,10.0,6.0,0,0,0,0,0,medium,0,0,0,medium,strong
D1,2025-10-17,19:30,Union Berlin,M'gladbach,3,1,H,2,1,H,16,8,5,2,21,15,6,6,5,3,0,0,2.2,3.4,3.2,2.2,3.4,3.3,2.15,3.5,3.3,2.15,3.5,3.2,2.2,3.4,3.25,2.2,3.4,3.25,2.2,3.4,3.2,2.24,3.5,3.31,2.2,3.5,3.3,2.17,3.44,3.24,2.28,3.6,3.45,1.88,1.98,1.9,1.99,1.88,2.0,1.83,1.93,1.93,2.04,-0.25,1.93,1.93,1.94,1.96,1.93,1.94,1.86,1.91,1.98,1.99,2.25,3.25,3.2,2.3,3.3,3.2,2.23,3.45,3.1,2.25,3.4,3.1,2.25,3.25,3.2,2.2,3.3,3.25,2.2,3.3,3.25,2.25,3.46,3.39,2.3,3.45,3.4,2.24,3.33,3.18,2.34,3.5,3.45,2.05,1.8,1.97,1.93,2.05,1.97,1.91,1.86,2.04,1.94,-0.25,1.98,1.88,1.94,1.98,1.98,1.88,1.92,1.85,2.01,1.96,4,2,0.060169142814804344,0.43467544420697934,0.27419933544451897,0.2911252203485016,2025.0,10.0,4.0,0,0,0,0,0,medium,0,0,0,medium,medium
D1,2025-10-18,14:30,FC Koln,Augsburg,1,1,D,0,0,D,9,10,2,4,10,17,5,2,2,2,0,0,1.95,3.9,3.5,2.0,3.75,3.5,2.0,3.9,3.35,1.91,3.7,3.3,1.98,3.7,3.5,2.0,3.7,3.5,2.0,3.7,3.5,2.0,3.96,3.56,2.0,4.0,3.5,1.98,3.79,3.39,2.04,3.95,3.75,1.57,2.38,1.6,2.42,1.6,2.38,1.57,2.31,1.63,2.52,-0.5,1.98,1.88,2.0,1.9,2.0,1.88,1.95,1.82,2.05,1.94,2.0,3.8,3.4,2.0,3.75,3.5,1.91,3.95,3.65,2.0,3.8,3.3,2.05,3.75,3.3,2.0,3.8,3.4,2.0,3.75,3.4,1.92,3.9,3.98,2.05,3.95,3.65,1.98,3.78,3.43,2.08,3.9,3.7,1.53,2.5,1.61,2.44,1.57,2.5,1.54,2.4,1.61,2.58,-0.5,2.03,1.83,1.93,2.0,2.03,1.9,1.95,1.82,2.1,1.89,2,0,0.06388799853203153,0.4747214986421327,0.24800753754918806,0.27727096380867927,2025.0,10.0,5.0,0,0,0,0,0,medium,0,0,0,strong,medium
D1,2025-10-18,14:30,Heidenheim,Werder Bremen,2,2,D,0,0,D,31,11,11,4,9,11,12,2,1,3,0,0,2.88,3.5,2.35,2.88,3.5,2.38,2.85,3.6,2.35,2.7,3.5,2.25,2.85,3.6,2.35,2.87,3.6,2.37,2.8,3.5,2.3,2.97,3.61,2.39,2.9,3.6,2.38,2.84,3.53,2.32,3.0,3.75,2.46,1.67,2.2,1.69,2.26,1.68,2.2,1.66,2.16,1.72,2.3,0.25,1.8,2.05,1.84,2.08,1.8,2.05,1.78,1.94,1.86,2.13,2.63,3.4,2.55,2.75,3.5,2.5,2.8,3.4,2.45,2.6,3.6,2.5,2.65,3.5,2.5,2.7,3.5,2.5,2.62,3.4,2.5,3.08,3.6,2.35,2.8,3.6,2.6,2.67,3.46,2.51,2.86,3.55,2.66,1.67,2.2,1.72,2.23,1.71,2.25,1.65,2.17,1.71,2.36,0.0,1.98,1.88,2.26,1.72,1.98,1.88,1.92,1.84,2.07,1.92,4,0,0.06643327779512886,0.3301778774048928,0.2656388588753245,0.4041832637197826,2025.0,10.0,5.0,0,0,0,0,0,medium,0,0,0,medium,strong
D1,2025-10-18,14:30,Mainz,Leverkusen,3,4,A,1,3,A,12,20,4,8,20,12,2,3,4,4,0,0,2.8,3.4,2.45,2.8,3.4,2.5,2.95,3.55,2.33,2.63,3.4,2.38,2.85,3.4,2.4,2.7,3.2,2.3,2.7,3.2,2.3,2.83,3.46,2.56,2.95,3.55,2.5,2.78,3.4,2.39,2.94,3.65,2.56,1.8,2.0,1.81,2.08,1.8,2.1,1.74,2.02,1.85,2.12,0.0,2.05,1.8,2.06,1.85,2.05,1.8,1.99,1.76,2.13,1.87,2.45,3.4,2.8,2.5,3.5,2.75,2.55,3.6,2.6,2.45,3.6,2.63,2.55,3.5,2.65,2.4,3.25,2.5,2.4,3.25,2.5,2.69,3.59,2.65,2.55,3.6,2.8,2.49,3.45,2.66,2.64,3.6,2.88,1.62,2.3,1.72,2.23,1.66,2.3,1.64,2.2,1.74,2.3,0.0,1.8,2.05,1.97,1.95,1.85,2.05,1.8,1.97,1.91,2.08,7,-1,0.07223991911565508,0.33547737199758904,0.2743020865156757,0.3902205414867353,2025.0,10.0,5.0,0,0,0,0,0,medium,0,0,0,medium,strong
D1,2025-10-18,14:30,RB Leipzig,Hamburg,2,1,H,1,0,H,10,15,4,3,13,12,3,5,3,1,0,0,1.44,4.75,6.5,1.44,5.0,6.5,1.37,5.4,7.0,1.4,4.75,6.0,1.42,5.25,6.25,1.44,5.25,6.0,1.4,4.8,5.75,1.43,5.37,6.59,1.44,5.4,7.0,1.4,5.07,6.34,1.46,5.5,7.2,1.36,3.2,1.36,3.19,1.38,3.2,1.35,3.07,1.4,3.3,-1.25,1.88,1.98,1.88,2.03,1.88,2.08,1.79,1.99,1.93,2.0,1.45,5.0,6.0,1.44,5.0,6.0,1.45,5.1,6.0,1.44,5.0,5.75,1.46,5.0,6.0,1.48,5.0,5.75,1.44,5.0,5.75,1.47,5.28,6.25,1.48,5.1,6.0,1.45,4.96,5.85,1.5,5.1,7.0,1.33,3.4,1.38,3.13,1.35,3.4,1.34,3.18,1.4,3.4,-1.25,1.93,1.93,1.95,1.97,1.93,1.93,1.88,1.89,2.0,1.94,3,1,0.06925307968744021,0.6680230600734033,0.18446396136149198,0.1475129785651048,2025.0,10.0,5.0,0,0,0,0,0,medium,0,0,0,strong,medium
D1,2025-10-18,14:30,Wolfsburg,Stuttgart,0,3,A,0,1,A,11,15,3,7,12,8,3,8,1,1,0,0,2.63,3.6,2.5,2.75,3.5,2.5,2.6,3.7,2.5,2.5,3.5,2.4,2.55,3.7,2.5,2.6,3.7,2.5,2.6,3.6,2.5,2.72,3.62,2.57,2.75,3.7,2.54,2.6,3.59,2.49,2.74,3.8,2.64,1.62,2.3,1.64,2.34,1.62,2.3,1.58,2.28,1.65,2.46,0.0,1.98,1.88,2.01,1.89,1.98,1.88,1.93,1.83,2.03,1.95,2.8,3.5,2.38,2.88,3.5,2.38,2.8,3.65,2.35,2.8,3.7,2.3,2.75,3.6,2.4,2.8,3.6,2.4,2.75,3.5,2.37,2.89,3.75,2.41,2.9,3.7,2.42,2.83,3.52,2.35,3.05,3.7,2.46,1.67,2.2,1.6,2.45,1.7,2.25,1.66,2.17,1.73,2.32,0.25,1.78,2.1,1.83,2.11,1.8,2.1,1.77,1.96,1.87,2.12,3,-3,0.06477334235162191,0.3612180821187129,0.26160641044809296,0.37717550743319417,2025.0,10.0,5.0,0,0,0,0,0,medium,0,0,0,medium,strong
D1,2025-10-18,17:30,Bayern Munich,Dortmund,2,1,H,1,0,H,15,8,7,1,12,17,4,3,1,3,0,0,1.33,5.5,7.5,1.33,5.5,8.0,1.33,6.0,7.5,1.3,5.25,7.0,1.36,5.5,7.25,1.36,5.5,7.5,1.35,5.5,7.0,1.38,5.55,7.5,1.38,6.0,8.0,1.34,5.52,7.34,1.39,6.0,8.4,1.33,3.4,1.34,3.32,1.33,3.45,1.31,3.31,1.36,3.6,-1.5,1.93,1.93,1.96,1.94,1.93,1.98,1.84,1.92,1.97,1.96,1.38,5.25,7.0,1.33,5.5,8.0,1.34,6.0,7.5,1.36,5.5,7.0,1.37,5.5,7.25,1.36,5.5,7.5,1.35,5.5,7.0,1.36,5.75,8.25,1.38,6.0,8.5,1.35,5.52,7.41,1.4,5.8,8.6,1.33,3.4,1.33,3.41,1.33,3.65,1.3,3.43,1.36,3.7,-1.5,1.98,1.88,1.92,2.01,1.98,2.0,1.86,1.9,2.01,1.97,3,1,0.06366785902262162,0.7015993295145214,0.17031577926620634,0.12808489121927233,2025.0,10.0,5.0,0,0,0,0,0,medium,0,0,0,strong,medium
D1,2025-10-19,14:30,Freiburg,Ein Frankfurt,2,2,D,1,2,A,12,8,5,3,6,15,3,1,2,3,0,0,2.5,3.5,2.7,2.5,3.5,2.75,2.55,3.7,2.55,2.4,3.5,2.5,2.55,3.6,2.55,2.6,3.6,2.6,2.5,3.5,2.6,2.54,3.68,2.72,2.6,3.7,2.75,2.48,3.57,2.6,2.58,3.65,2.8,1.62,2.3,1.63,2.38,1.63,2.38,1.6,2.27,1.65,2.46,0.0,1.85,2.0,1.88,2.02,1.85,2.0,1.82,1.93,1.9,2.06,2.35,3.6,2.88,2.5,3.5,2.75,2.55,3.65,2.6,2.38,3.7,2.7,2.45,3.5,2.7,2.5,3.5,2.7,2.45,3.5,2.7,2.56,3.64,2.76,2.55,3.7,2.88,2.46,3.54,2.69,2.6,3.7,2.86,1.67,2.2,1.68,2.29,1.67,2.38,1.6,2.27,1.71,2.38,0.0,1.7,2.1,1.89,2.04,1.83,2.1,1.76,2.01,1.9,2.08,4,0,0.06795323588492463,0.3775687856945281,0.26228868025838364,0.3601425340470883,2025.0,10.0,6.0,0,0,0,0,0,medium,0,0,0,medium,strong
D1,2025-10-19,16:30,St Pauli,Hoffenheim,0,3,A,0,0,D,10,14,2,5,10,17,9,7,1,3,0,0,2.5,3.4,2.8,2.5,3.4,2.8,2.32,3.6,2.9,2.38,3.4,2.63,2.45,3.4,2.8,2.45,3.4,2.8,2.4,3.4,2.8,2.51,3.64,2.78,2.5,3.6,2.9,2.41,3.45,2.78,2.64,3.6,2.86,1.8,2.0,1.81,2.07,1.8,2.05,1.77,1.99,1.86,2.1,0.0,1.83,2.03,1.85,2.06,1.83,2.03,1.77,1.98,1.91,2.06,2.63,3.5,2.55,2.75,3.4,2.5,2.6,3.45,2.65,2.63,3.5,2.5,2.65,3.4,2.6,2.6,3.4,2.62,2.6,3.4,2.62,2.57,3.49,2.84,2.8,3.5,2.65,2.65,3.4,2.57,2.88,3.5,2.7,1.73,2.1,1.82,2.08,1.8,2.1,1.76,2.02,1.84,2.16,0.0,1.98,1.88,1.87,2.07,1.98,1.88,1.93,1.83,2.05,1.93,3,-3,0.06450506201569506,0.3897940687575441,0.27229092919005254,0.3379150020524034,2025.0,10.0,6.0,0,0,0,0,0,medium,0,0,0,medium,strong
D1,2025-10-24,19:30,Werder Bremen,Union Berlin,1,0,H,0,0,D,16,12,3,2,6,13,5,6,4,0,0,0,2.25,3.6,2.9,2.25,3.5,3.1,2.17,3.55,3.3,2.25,3.6,2.9,2.25,3.5,3.0,2.25,3.5,3.0,2.25,3.5,3.0,2.33,3.63,3.09,2.3,3.6,3.3,2.24,3.52,3.03,2.36,3.65,3.25,1.67,2.2,1.7,2.27,1.73,2.2,1.68,2.13,1.74,2.28,-0.25,2.03,1.83,2.03,1.89,2.03,1.89,1.94,1.84,2.03,1.94,2.3,3.4,3.0,2.25,3.5,3.1,2.3,3.5,3.0,2.25,3.5,3.0,2.3,3.5,2.95,2.3,3.5,3.0,2.3,3.5,2.9,2.36,3.59,3.08,2.38,3.6,3.1,2.29,3.46,2.99,2.38,3.65,3.2,1.73,2.1,1.7,2.24,1.73,2.2,1.69,2.12,1.75,2.3,-0.25,2.03,1.83,2.05,1.88,2.03,1.85,1.96,1.82,2.05,1.93,1,1,0.0605524838198106,0.420939631220005,0.2678706744127305,0.31118969436726446,2025.0,10.0,4.0,0,0,0,0,0,medium,0,0,0,medium,medium
D1,2025-10-25,14:30,Augsburg,RB Leipzig,0,6,A,0,4,A,15,15,2,8,9,10,2,3,3,1,0,0,3.2,3.9,2.05,3.25,3.75,2.05,3.35,4.1,1.94,3.0,3.75,2.0,3.3,4.0,1.98,3.3,4.0,2.0,3.3,3.9,1.95,3.29,4.06,2.07,3.5,4.1,2.05,3.25,3.91,1.99,3.4,4.1,2.14,1.44,2.75,1.46,2.76,1.45,2.75,1.44,2.69,1.49,2.9,0.5,1.75,2.05,1.84,2.08,1.87,2.05,1.81,1.96,1.86,2.14,3.2,3.8,2.05,3.25,3.75,2.05,3.25,3.95,2.02,3.13,3.9,2.05,3.25,3.8,2.05,3.25,3.8,2.05,3.25,3.8,2.0,3.41,3.81,2.12,3.3,3.95,2.1,3.23,3.8,2.04,3.45,3.9,2.16,1.53,2.5,1.53,2.58,1.53,2.71,1.48,2.59,1.56,2.68,0.25,2.03,1.83,2.08,1.85,2.04,1.83,2.0,1.74,2.09,1.89,6,-6,0.06595934620970278,0.28865294796315466,0.2399289209412411,0.47141813109560426,2025.0,10.0,5.0,0,0,0,0,0,medium,0,0,0,medium,strong
D1,2025-10-25,14:30,Ein Frankfurt,St Pauli,2,0,H,1,0,H,10,9,6,1,11,6,1,3,0,1,0,0,1.67,4.2,4.5,1.7,4.0,4.6,1.66,4.3,4.5,1.65,3.8,4.33,1.71,4.1,4.4,1.7,4.0,4.4,1.7,4.0,4.4,1.74,4.19,4.49,1.73,4.3,4.6,1.68,4.06,4.43,1.76,4.3,4.9,1.57,2.38,1.6,2.43,1.6,2.4,1.56,2.35,1.62,2.52,-0.75,1.9,1.95,1.94,1.96,1.9,1.97,1.83,1.94,1.95,2.02,1.62,4.5,4.5,1.67,4.2,4.6,1.67,4.3,4.5,1.62,4.33,4.6,1.66,4.2,4.6,1.67,4.2,4.6,1.65,4.2,4.6,1.65,4.43,4.92,1.67,4.5,4.75,1.64,4.26,4.59,1.69,4.6,5.2,1.44,2.75,1.5,2.7,1.5,2.75,1.48,2.58,1.54,2.78,-0.75,1.78,2.03,1.81,2.1,1.83,2.03,1.79,1.99,1.85,2.15,2,2,0.06727714826881948,0.557716518341654,0.23077924896896032,0.21150423268938576,2025.0,10.0,5.0,0,0,0,0,0,medium,0,0,0,strong,medium
D1,2025-10-25,14:30,Hamburg,Wolfsburg,0,1,A,0,1,A,27,6,6,2,8,18,11,1,1,5,0,0,2.35,3.5,2.9,2.3,3.6,2.88,2.38,3.65,2.8,2.25,3.5,2.7,2.35,3.7,2.8,2.37,3.7,2.8,2.3,3.6,2.8,2.4,3.73,2.88,2.38,3.7,2.9,2.32,3.58,2.81,2.44,3.75,3.0,1.67,2.2,1.67,2.3,1.67,2.32,1.61,2.26,1.69,2.36,-0.25,2.05,1.8,2.1,1.83,2.06,1.81,2.02,1.76,2.11,1.88,2.2,3.6,3.1,2.15,3.75,3.1,2.15,3.7,3.15,2.15,3.75,3.0,2.2,3.7,3.0,2.2,3.6,3.1,2.15,3.6,3.1,2.21,3.76,3.24,2.2,3.75,3.15,2.16,3.66,3.08,2.28,3.75,3.3,1.53,2.5,1.55,2.58,1.62,2.6,1.54,2.41,1.6,2.64,-0.25,1.93,1.93,1.93,1.99,1.93,1.93,1.87,1.9,1.99,2.0,1,-1,0.0662359778181647,0.40425805518272345,0.26197728715751906,0.33376465765975744,2025.0,10.0,5.0,0,0,0,0,0,medium,0,0,0,medium,strong
D1,2025-10-25,14:30,Hoffenheim,Heidenheim,3,1,H,2,0,H,14,12,7,3,14,13,7,5,1,1,0,0,1.57,4.5,5.25,1.6,4.33,5.0,1.56,4.6,5.1,1.53,4.2,4.8,1.58,4.5,5.0,1.57,4.5,5.0,1.57,4.4,5.0,1.6,4.45,5.32,1.6,4.6,5.33,1.57,4.38,5.03,1.62,4.7,5.8,1.5,2.63,1.53,2.62,1.5,2.63,1.48,2.56,1.55,2.72,-1.0,1.95,1.9,1.98,1.93,1.95,1.9,1.9,1.87,1.97,1.98,1.6,4.33,5.25,1.6,4.33,5.0,1.57,4.5,5.2,1.55,4.33,5.25,1.58,4.4,5.0,1.6,4.4,5.0,1.57,4.33,5.0,1.6,4.5,5.32,1.6,4.5,5.33,1.57,4.37,5.13,1.61,4.7,5.9,1.53,2.5,1.53,2.62,1.53,2.63,1.49,2.53,1.55,2.74,-1.0,1.98,1.88,2.0,1.93,1.98,1.93,1.9,1.88,1.99,1.97,4,2,0.06406033449999482,0.5985963901741878,0.21456537273367007,0.1868382370921421,2025.0,10.0,5.0,0,0,0,0,0,medium,0,0,0,strong,medium
D1,2025-10-25,14:30,M'gladbach,Bayern Munich,0,3,A,0,0,D,1,27,0,11,6,9,1,8,0,3,1,0,10.0,6.5,1.22,11.0,7.0,1.22,11.5,7.0,1.21,10.0,6.5,1.18,10.0,7.0,1.24,10.0,7.0,1.25,10.0,7.0,1.25,11.5,7.11,1.23,11.5,7.0,1.25,10.53,6.81,1.22,14.0,7.8,1.24,1.29,3.75,,,1.29,4.0,1.26,3.67,1.29,4.1,2.0,1.9,1.95,1.95,1.93,1.93,1.95,1.88,1.89,1.95,1.97,11.0,7.0,1.22,10.0,6.5,1.25,10.0,7.0,1.23,9.0,6.5,1.25,8.75,6.75,1.27,9.5,7.0,1.25,9.0,7.0,1.25,10.65,7.0,1.24,11.0,7.0,1.29,9.37,6.73,1.24,11.5,7.8,1.26,1.22,4.33,,,1.26,4.33,1.24,3.92,1.27,4.5,1.75,1.98,1.88,2.08,1.84,2.08,1.88,2.01,1.78,2.11,1.85,3,-3,0.061481770901380406,0.08946621999244057,0.13833763531870766,0.7721961446888518,2025.0,10.0,5.0,0,0,0,0,0,low,0,0,0,weak,strong
D1,2025-10-25,17:30,Dortmund,FC Koln,1,0,H,0,0,D,27,5,9,0,10,8,17,2,2,2,0,0,1.44,5.25,6.5,1.44,5.0,6.5,1.42,5.2,6.5,1.4,4.75,6.0,1.43,5.0,6.5,1.44,5.0,6.5,1.44,5.0,6.5,1.46,4.96,6.64,1.44,5.25,6.66,1.42,4.97,6.36,1.45,5.6,7.4,1.4,3.0,1.42,2.91,1.44,3.0,1.4,2.8,1.46,3.0,-1.25,1.88,1.98,1.9,2.01,1.88,1.98,1.84,1.93,1.94,2.0,1.36,5.25,7.5,1.36,5.0,8.0,1.37,5.3,7.5,1.36,5.25,7.5,1.38,5.25,7.5,1.4,5.0,7.0,1.36,5.0,7.5,1.39,5.38,7.8,1.41,5.3,8.0,1.37,5.12,7.38,1.41,5.5,8.8,1.44,2.75,1.5,2.66,1.5,2.75,1.45,2.65,1.52,2.88,-1.5,2.03,1.83,2.06,1.88,2.05,1.89,1.97,1.8,2.07,1.89,1,1,0.06266529997595649,0.6626972313188448,0.18934206609109852,0.14796070259005653,2025.0,10.0,5.0,0,0,0,0,0,medium,0,0,0,strong,medium
D1,2025-10-26,14:30,Leverkusen,Freiburg,2,0,H,1,0,H,19,10,4,3,9,8,2,3,1,2,0,1,1.83,3.9,4.0,1.8,3.75,4.33,1.73,3.95,4.5,1.75,3.6,3.9,1.77,3.9,4.33,1.75,3.9,4.33,1.75,3.8,4.2,1.84,3.92,4.2,1.83,4.0,4.5,1.77,3.82,4.17,1.88,4.0,4.4,1.73,2.1,1.77,2.12,1.76,2.1,1.72,2.06,1.77,2.22,-0.5,1.83,2.03,1.85,2.06,1.83,2.1,1.76,2.01,1.87,2.12,2.0,3.7,3.5,1.95,3.6,3.75,1.92,3.65,3.9,2.0,3.6,3.5,2.0,3.6,3.6,2.0,3.6,3.6,1.91,3.6,3.9,2.02,3.59,3.91,2.0,3.8,3.9,1.96,3.6,3.68,2.04,3.7,4.1,1.8,2.0,1.81,2.08,1.8,2.07,1.76,2.02,1.85,2.16,-0.5,2.03,1.83,2.03,1.89,2.03,1.91,1.93,1.83,2.04,1.94,2,2,0.06656000960168962,0.5297139835792456,0.24544339029718967,0.22484262612356465,2025.0,10.0,6.0,0,0,0,0,0,medium,0,0,0,strong,medium
D1,2025-10-26,16:30,Stuttgart,Mainz,2,1,H,1,1,D,19,13,8,2,11,12,7,5,4,3,0,0,1.75,4.0,4.33,1.7,4.0,4.6,1.72,4.2,4.3,1.7,3.8,4.0,1.75,4.0,4.2,1.75,4.0,4.2,1.75,4.0,4.2,1.79,4.13,4.24,1.78,4.2,4.6,1.73,3.99,4.22,1.82,4.0,4.5,1.57,2.38,1.6,2.43,1.6,2.38,1.57,2.33,1.63,2.46,-0.75,1.98,1.88,2.03,1.88,1.98,1.88,1.92,1.85,2.02,1.89,2.1,3.4,3.4,2.05,3.6,3.4,2.0,3.8,3.45,2.05,3.7,3.25,2.1,3.6,3.3,2.1,3.6,3.3,2.1,3.6,3.25,2.16,3.63,3.44,2.16,3.8,3.5,2.06,3.61,3.33,2.2,3.8,3.5,1.73,2.1,1.74,2.19,1.73,2.35,1.63,2.22,1.73,2.34,-0.25,1.85,2.0,1.88,2.05,1.85,2.07,1.78,2.01,1.89,2.09,3,1,0.06562807314151486,0.5424356739935118,0.23519140752099632,0.2223729184854918,2025.0,10.0,6.0,0,0,0,0,0,medium,0,0,0,strong,medium
D1,2025-10-31,19:30,Augsburg,Dortmund,0,1,A,0,1,A,9,5,1,1,14,16,4,3,4,1,0,0,5.0,4.5,1.57,5.0,4.33,1.6,5.2,4.4,1.58,5.0,4.4,1.57,5.0,4.33,1.6,5.0,4.33,1.6,5.0,4.33,1.6,5.3,4.42,1.61,5.2,4.5,1.61,5.03,4.34,1.58,5.6,4.5,1.65,1.5,2.63,1.52,2.62,1.5,2.7,1.48,2.57,1.57,2.7,1.0,1.93,1.93,1.92,1.99,1.93,1.96,1.86,1.91,1.92,2.03,5.25,4.33,1.55,5.5,4.33,1.57,5.6,4.5,1.53,5.5,4.4,1.53,5.25,4.4,1.57,5.25,4.4,1.57,5.25,4.33,1.57,5.34,4.42,1.6,5.6,4.5,1.6,5.37,4.35,1.55,6.2,4.4,1.61,1.57,2.38,1.53,2.6,1.57,2.55,1.52,2.45,1.57,2.74,1.0,1.93,1.93,1.92,1.99,1.96,1.93,1.91,1.87,1.98,1.99,1,-1,0.062133296006495975,0.18717721947437957,0.2169358096673109,0.5958869708583097,2025.0,10.0,4.0,0,0,0,0,0,medium,0,0,0,medium,strong
D1,2025-11-01,14:30,Heidenheim,Ein Frankfurt,1,1,D,1,0,H,9,16,4,3,7,11,2,8,0,2,0,0,3.6,4.0,1.9,3.6,4.0,1.91,3.4,4.1,1.93,3.4,3.8,1.83,3.4,3.9,1.95,3.5,3.9,1.95,3.4,3.9,1.95,3.69,4.18,1.9,3.6,4.1,1.95,3.48,3.96,1.91,3.85,4.2,1.98,1.5,2.63,1.5,2.62,1.5,2.7,1.47,2.59,1.53,2.8,0.5,1.98,1.88,1.99,1.91,1.98,1.92,1.88,1.88,1.99,2.0,4.1,4.1,1.8,4.0,4.0,1.8,3.95,4.1,1.79,4.1,4.0,1.75,3.9,4.0,1.8,3.9,4.0,1.8,3.9,4.0,1.8,3.88,4.14,1.88,4.2,4.2,1.8,4.0,4.03,1.77,4.3,4.3,1.85,1.53,2.5,1.5,2.67,1.55,2.63,1.51,2.47,1.6,2.62,0.75,1.85,2.0,1.8,2.12,1.85,2.0,1.82,1.96,1.91,2.07,2,0,0.06344178378841692,0.2702134956700677,0.23746034467975646,0.4923261596501757,2025.0,11.0,5.0,0,0,0,0,0,medium,0,0,0,medium,strong
D1,2025-11-01,14:30,Mainz,Werder Bremen,1,1,D,1,0,H,10,5,5,3,19,11,2,0,1,3,0,0,1.95,3.9,3.5,2.0,3.75,3.5,2.08,3.8,3.25,1.93,3.7,3.25,2.0,3.8,3.4,2.0,3.8,3.4,2.0,3.75,3.3,2.02,3.92,3.51,2.08,3.9,3.5,1.99,3.77,3.37,2.08,3.9,3.7,1.57,2.38,1.58,2.48,1.57,2.5,1.55,2.37,1.6,2.5,-0.5,2.0,1.85,2.03,1.88,2.0,1.86,1.95,1.82,2.06,1.92,1.85,3.7,3.9,1.9,3.75,3.75,1.84,3.95,3.95,1.85,3.9,3.7,1.93,3.75,3.7,1.91,3.8,3.7,1.91,3.75,3.6,1.83,4.02,4.27,1.93,3.95,4.0,1.86,3.81,3.8,1.94,4.1,4.1,1.53,2.5,1.52,2.64,1.55,2.63,1.52,2.46,1.62,2.58,-0.5,1.88,1.98,1.82,2.09,1.88,1.98,1.83,1.94,1.95,2.05,2,0,0.06450045724850106,0.47206420569602614,0.2491797796644807,0.2787560146394932,2025.0,11.0,5.0,0,0,0,0,0,medium,0,0,0,strong,medium
D1,2025-11-01,14:30,RB Leipzig,Stuttgart,3,1,H,1,0,H,16,14,9,4,8,10,5,5,1,2,0,0,1.95,3.9,3.5,2.0,4.0,3.3,2.02,4.0,3.25,1.91,3.8,3.2,1.98,3.9,3.4,2.0,3.9,3.4,1.95,3.9,3.4,2.02,3.88,3.55,2.02,4.0,3.5,1.97,3.87,3.35,2.06,4.0,3.7,1.44,2.75,1.43,2.89,1.44,2.88,1.41,2.76,1.47,3.05,-0.5,1.98,1.88,2.03,1.88,2.0,1.88,1.95,1.82,2.06,1.93,2.1,3.8,3.25,2.1,3.8,3.2,2.06,3.85,3.25,2.05,4.0,3.1,2.1,3.7,3.2,2.1,3.7,3.2,2.1,3.6,3.2,2.04,3.89,3.55,2.2,4.0,3.25,2.09,3.76,3.17,2.18,3.9,3.4,1.44,2.75,1.48,2.72,1.46,2.9,1.42,2.75,1.5,2.96,-0.25,1.85,2.0,1.79,2.15,1.9,2.0,1.81,1.96,1.91,2.06,4,2,0.0645196087010742,0.4768481567167747,0.24273665858709204,0.2804151846961332,2025.0,11.0,5.0,0,0,0,0,0,medium,0,0,0,strong,medium
D1,2025-11-01,14:30,St Pauli,M'gladbach,0,4,A,0,2,A,16,15,4,11,11,8,8,1,4,0,0,0,2.15,3.5,3.3,2.15,3.4,3.4,2.08,3.5,3.45,2.1,3.3,3.13,2.1,3.5,3.4,2.1,3.5,3.4,2.05,3.5,3.4,2.2,3.51,3.4,2.15,3.5,3.45,2.11,3.44,3.34,2.26,3.6,3.55,1.88,1.98,1.92,1.97,1.93,1.98,1.85,1.89,1.98,1.98,-0.25,1.88,1.98,1.91,2.0,1.88,1.98,1.81,1.95,1.94,2.04,2.3,3.4,3.1,2.3,3.4,3.1,2.38,3.4,3.0,2.3,3.5,2.9,2.3,3.4,3.0,2.3,3.4,3.0,2.3,3.3,3.0,2.35,3.49,3.17,2.38,3.5,3.2,2.31,3.39,3.01,2.42,3.6,3.2,1.83,2.03,1.85,2.06,1.85,2.03,1.81,1.96,1.9,2.06,-0.25,2.0,1.85,2.03,1.89,2.04,1.9,1.98,1.81,2.08,1.91,4,-4,0.0640325213124946,0.445412748009335,0.27320374950572585,0.2813835024849392,2025.0,11.0,5.0,0,0,0,0,0,medium,0,0,0,medium,medium
D1,2025-11-01,14:30,Union Berlin,Freiburg,0,0,D,0,0,D,11,13,2,4,20,13,5,5,6,1,0,0,2.5,3.3,2.75,2.6,3.2,2.8,2.63,3.4,2.65,2.45,3.13,2.7,2.55,3.25,2.75,2.6,3.25,2.75,2.6,3.25,2.75,2.65,3.27,2.86,2.63,3.4,2.88,2.56,3.23,2.74,2.74,3.35,2.96,2.1,1.73,2.18,1.74,2.15,1.74,2.08,1.7,2.26,1.76,0.0,1.83,2.03,1.88,2.03,1.85,2.03,1.8,1.95,1.92,2.06,2.6,3.2,2.8,2.6,3.2,2.8,2.7,3.1,2.75,2.55,3.2,2.75,2.6,3.2,2.8,2.6,3.2,2.8,2.6,3.2,2.8,2.72,3.21,2.87,2.7,3.2,2.83,2.62,3.14,2.78,2.78,3.2,3.0,2.2,1.67,2.24,1.71,2.22,1.73,2.16,1.66,2.26,1.76,0.0,1.85,2.0,1.91,2.02,1.85,2.0,1.82,1.94,1.92,2.07,0,0,0.0651860268694493,0.36671998143651535,0.2906511307979812,0.3426288877655034,2025.0,11.0,5.0,0,0,0,0,0,medium,0,0,0,medium,strong
D1,2025-11-01,17:30,Bayern Munich,Leverkusen,3,0,H,3,0,H,18,7,4,1,11,3,10,4,1,1,0,0,1.22,7.0,9.5,1.22,7.0,11.0,1.22,7.0,10.5,1.18,6.5,10.0,1.22,7.25,11.0,1.22,7.0,11.0,1.22,7.0,11.0,1.23,7.43,10.66,1.25,7.25,11.0,1.22,6.85,10.44,1.24,8.2,12.5,1.25,4.0,,,1.26,4.0,1.25,3.76,1.29,4.1,-2.0,1.95,1.9,1.97,1.92,1.95,1.9,1.91,1.87,1.96,1.98,1.25,6.5,10.0,1.29,6.0,10.0,1.25,6.75,9.5,1.25,6.0,10.0,1.29,6.25,8.75,1.28,6.0,8.5,1.28,6.0,8.5,1.21,7.57,12.27,1.29,6.75,10.0,1.26,6.2,9.42,1.29,6.8,11.5,1.36,3.2,,,1.4,3.35,1.35,3.07,1.42,3.3,-1.75,1.93,1.93,1.72,2.21,1.93,2.0,1.85,1.92,2.01,1.97,3,3,0.061442973220421804,0.7722243698694926,0.13753485127602644,0.09024077885448094,2025.0,11.0,5.0,0,0,0,0,0,low,0,0,0,strong,medium
D1,2025-11-02,14:30,FC Koln,Hamburg,4,1,H,1,0,H,23,11,10,5,8,18,2,3,1,6,0,2,2.1,3.7,3.2,2.15,3.6,3.2,2.12,3.7,3.25,2.05,3.6,3.0,2.05,3.7,3.3,2.05,3.7,3.3,2.05,3.7,3.3,2.18,3.67,3.29,2.15,3.75,3.3,2.1,3.64,3.19,2.22,3.7,3.4,1.62,2.3,1.63,2.36,1.7,2.3,1.62,2.23,1.67,2.4,-0.25,1.88,1.98,1.91,2.0,1.88,1.98,1.82,1.94,1.94,2.03,2.45,3.7,2.7,2.4,3.6,2.75,2.43,3.55,2.8,2.45,3.5,2.7,2.45,3.6,2.75,2.45,3.6,2.75,2.4,3.5,2.7,2.49,3.64,2.84,2.45,3.7,2.8,2.43,3.54,2.74,2.58,3.7,2.9,1.57,2.38,1.58,2.48,1.62,2.45,1.57,2.34,1.64,2.54,0.0,1.83,2.03,1.84,2.1,1.83,2.03,1.79,1.98,1.86,2.14,5,3,0.0643953747402024,0.4473811963967851,0.2581045363827606,0.2945142672204542,2025.0,11.0,6.0,0,0,0,0,0,medium,0,0,0,medium,medium
D1,2025-11-02,16:30,Wolfsburg,Hoffenheim,2,3,A,1,1,D,12,10,6,4,10,17,2,2,0,2,0,0,2.75,3.9,2.3,2.88,3.6,2.3,2.85,3.75,2.33,2.63,3.6,2.25,2.8,3.7,2.3,2.8,3.75,2.3,2.8,3.7,2.3,2.77,3.78,2.45,2.88,3.9,2.38,2.76,3.68,2.31,2.9,3.85,2.48,1.57,2.38,1.57,2.5,1.57,2.5,1.53,2.39,1.61,2.56,0.25,1.8,2.05,1.78,2.14,1.8,2.05,1.77,1.95,1.84,2.17,2.8,3.8,2.3,2.75,3.6,2.4,2.65,3.85,2.4,2.7,3.8,2.3,2.7,3.7,2.37,2.7,3.7,2.37,2.7,3.7,2.37,2.79,3.77,2.47,2.8,3.85,2.45,2.7,3.7,2.37,2.9,3.9,2.5,1.5,2.63,1.52,2.63,1.5,2.75,1.48,2.58,1.54,2.8,0.0,2.08,1.73,2.09,1.85,2.08,1.83,2.0,1.76,2.15,1.85,5,-1,0.06695840391492558,0.33958103638368253,0.25468577728776187,0.4057331863285557,2025.0,11.0,6.0,0,0,0,0,0,medium,0,0,0,medium,strong
D1,2025-11-07,19:30,Werder Bremen,Wolfsburg,2,1,H,0,1,A,20,7,7,4,13,8,13,3,2,0,0,0,2.15,3.6,3.1,2.25,3.6,3.0,2.2,3.65,3.15,2.15,3.6,3.1,2.2,3.6,3.1,2.2,3.6,3.1,2.2,3.6,3.1,2.23,3.84,3.13,2.25,3.75,3.15,2.18,3.64,3.07,2.28,3.85,3.25,1.53,2.5,1.58,2.52,1.6,2.5,1.55,2.39,1.61,2.6,-0.25,1.93,1.93,1.96,1.96,1.93,1.93,1.88,1.9,1.98,1.99,2.15,3.6,3.1,2.15,3.6,3.2,2.16,3.7,3.1,2.15,3.6,3.13,2.15,3.6,3.2,2.15,3.6,3.2,2.15,3.6,3.2,2.2,3.76,3.26,2.16,3.75,3.2,2.14,3.64,3.14,2.26,3.75,3.35,1.57,2.38,1.61,2.45,1.57,2.45,1.55,2.38,1.63,2.56,-0.25,1.88,1.98,1.93,2.0,1.88,1.98,1.86,1.91,1.97,2.02,3,1,0.05917377007835123,0.4330881384046569,0.2593769620115802,0.3075348995837629,2025.0,11.0,4.0,0,0,0,0,0,medium,0,0,0,medium,medium
D1,2025-11-08,14:30,Hamburg,Dortmund,1,1,D,0,0,D,9,17,3,1,14,8,2,6,1,1,0,0,4.33,4.2,1.7,4.6,4.2,1.67,4.8,4.35,1.63,4.2,4.0,1.65,4.33,4.33,1.68,4.33,4.33,1.7,4.33,4.2,1.67,4.58,4.28,1.71,4.8,4.35,1.7,4.45,4.21,1.66,5.1,4.3,1.72,1.5,2.63,1.53,2.6,1.5,2.63,1.47,2.57,1.57,2.64,0.75,1.98,1.88,2.0,1.91,2.02,1.88,1.97,1.8,2.08,1.91,3.8,3.8,1.85,3.75,3.75,1.9,3.9,4.0,1.84,3.9,4.0,1.8,3.75,3.8,1.88,3.75,3.8,1.91,3.75,3.8,1.85,4.1,3.9,1.89,3.9,4.0,1.93,3.79,3.84,1.86,4.1,4.0,1.93,1.57,2.38,1.6,2.45,1.57,2.5,1.53,2.42,1.6,2.6,0.5,1.98,1.88,2.03,1.9,1.98,1.9,1.94,1.83,2.05,1.94,2,0,0.06465843088921375,0.21107154614452991,0.22310412834754353,0.5658243255079266,2025.0,11.0,5.0,0,0,0,0,0,medium,0,0,0,medium,strong
D1,2025-11-08,14:30,Hoffenheim,RB Leipzig,3,1,H,2,1,H,12,17,4,5,13,5,5,5,3,2,0,0,2.6,3.9,2.4,2.75,3.75,2.38,2.7,3.8,2.4,2.5,3.75,2.3,2.6,3.9,2.37,2.62,3.9,2.37,2.6,3.9,2.37,2.71,3.97,2.43,2.75,3.9,2.4,2.64,3.8,2.36,2.84,4.0,2.5,1.4,3.0,1.4,3.01,1.4,3.0,1.39,2.89,1.43,3.15,0.0,2.0,1.85,2.07,1.85,2.05,1.85,1.98,1.79,2.13,1.87,2.7,3.8,2.35,2.75,3.75,2.4,2.7,3.75,2.4,2.7,3.9,2.3,2.7,3.75,2.37,2.7,3.75,2.37,2.7,3.7,2.37,2.79,3.95,2.4,2.75,3.9,2.4,2.7,3.76,2.36,2.84,4.1,2.46,1.44,2.75,1.45,2.84,1.45,3.0,1.4,2.84,1.48,3.0,0.25,1.83,2.03,1.83,2.12,1.83,2.08,1.75,1.99,1.85,2.16,4,2,0.06567458708404295,0.3554442260130636,0.24694019912486523,0.39761557486207116,2025.0,11.0,5.0,0,0,0,0,0,medium,0,0,0,medium,strong
D1,2025-11-08,14:30,Leverkusen,Heidenheim,6,0,H,5,0,H,25,1,10,0,5,7,11,1,0,1,0,0,1.4,5.0,6.5,1.4,5.0,7.5,1.4,5.0,7.5,1.36,4.6,6.5,1.4,5.0,7.0,1.4,5.0,7.0,1.4,5.0,7.0,1.41,5.1,7.57,1.4,5.0,8.0,1.39,4.86,7.14,1.42,5.4,8.2,1.53,2.5,1.53,2.56,1.53,2.55,1.5,2.49,1.56,2.68,-1.25,1.85,2.0,1.88,2.04,1.85,2.0,1.8,1.95,1.87,2.09,1.44,4.75,7.0,1.4,5.0,7.5,1.36,5.2,8.0,1.4,4.8,7.0,1.4,5.0,7.0,1.4,5.0,7.0,1.4,5.0,7.0,1.4,5.23,7.71,1.44,5.33,8.1,1.39,4.96,7.35,1.41,5.4,8.6,1.53,2.5,1.55,2.56,1.53,2.6,1.5,2.5,1.56,2.74,-1.25,1.95,1.9,1.88,2.05,1.95,2.05,1.8,1.98,1.89,2.08,6,6,0.06524179971304633,0.675362589625616,0.19315925917275845,0.1314781512016255,2025.0,11.0,5.0,0,0,0,0,0,medium,0,0,0,strong,medium
D1,2025-11-08,14:30,Union Berlin,Bayern Munich,2,2,D,1,1,D,12,12,4,4,8,8,6,5,2,4,0,0,13.0,7.0,1.2,13.0,7.0,1.2,12.5,7.0,1.2,11.0,6.0,1.18,12.0,6.75,1.22,12.0,7.0,1.22,12.0,6.5,1.22,12.56,7.33,1.21,13.0,7.0,1.22,12.03,6.7,1.2,16.0,7.8,1.23,1.36,3.2,1.37,3.08,1.4,3.2,1.37,2.99,1.42,3.2,2.0,1.88,1.98,1.88,2.0,1.93,1.98,1.86,1.92,1.92,2.0,11.0,6.5,1.22,12.0,6.5,1.22,12.0,6.75,1.22,12.0,7.0,1.2,11.5,7.0,1.22,11.0,7.0,1.22,11.0,7.0,1.22,13.0,7.05,1.22,13.0,7.0,1.22,11.72,6.69,1.21,14.5,7.8,1.24,1.36,3.2,1.37,3.13,1.4,3.2,1.36,3.01,1.41,3.35,2.0,1.85,2.0,1.91,2.0,1.87,2.0,1.82,1.95,1.92,2.08,4,0,0.06571258421111414,0.07799994179108821,0.14005064175325238,0.7819494164556593,2025.0,11.0,5.0,0,0,0,0,0,low,0,0,0,weak,strong
D1,2025-11-08,17:30,M'gladbach,FC Koln,3,1,H,1,0,H,9,19,4,5,11,13,2,6,2,3,0,0,2.2,3.6,3.1,2.25,3.6,3.0,2.23,3.55,3.15,2.1,3.6,2.9,2.2,3.5,3.1,2.2,3.5,3.1,2.2,3.5,3.1,2.28,3.65,3.11,2.26,3.6,3.2,2.19,3.54,3.06,2.36,3.7,3.25,1.62,2.3,1.64,2.34,1.64,2.3,1.61,2.24,1.68,2.4,-0.25,1.93,1.93,1.99,1.92,1.93,1.93,1.9,1.88,2.04,1.95,2.05,3.75,3.4,2.05,3.75,3.3,2.0,3.7,3.5,2.05,3.8,3.2,2.1,3.6,3.25,2.1,3.6,3.25,2.1,3.6,3.25,2.07,3.77,3.57,2.1,3.8,3.6,2.03,3.67,3.36,2.14,3.85,3.65,1.57,2.38,1.61,2.44,1.57,2.45,1.56,2.37,1.62,2.56,-0.5,2.03,1.83,2.08,1.85,2.08,1.83,2.02,1.76,2.12,1.88,4,2,0.06590426589333975,0.4283883826879271,0.2650199316628702,0.30659168564920275,2025.0,11.0,5.0,0,0,0,0,0,medium,0,0,0,medium,medium
D1,2025-11-09,14:30,Freiburg,St Pauli,2,1,H,1,0,H,8,7,4,2,8,12,9,3,2,2,0,0,1.83,3.5,4.5,1.83,3.5,4.5,1.81,3.6,4.4,1.8,3.4,4.1,1.83,3.5,4.33,1.83,3.5,4.33,1.83,3.5,4.33,1.87,3.61,4.48,1.85,3.6,4.5,1.82,3.51,4.32,1.88,3.7,4.8,2.0,1.8,2.09,1.8,2.0,1.81,1.97,1.78,2.16,1.83,-0.5,1.83,2.03,1.88,2.04,1.83,2.03,1.8,1.96,1.88,2.11,1.75,3.6,4.75,1.8,3.6,4.6,1.8,3.6,4.6,1.75,3.6,4.6,1.78,3.6,4.6,1.8,3.6,4.6,1.8,3.5,4.5,1.78,3.62,5.17,1.8,3.6,4.75,1.77,3.57,4.61,1.81,3.65,5.6,2.0,1.85,2.03,1.88,2.05,1.85,1.99,1.79,2.08,1.89,-0.75,2.0,1.85,2.03,1.9,2.04,1.85,1.99,1.79,2.05,1.93,3,1,0.06583231583231575,0.5155131264916467,0.2673031026252984,0.21718377088305488,2025.0,11.0,6.0,0,0,0,0,0,medium,0,0,0,strong,medium
D1,2025-11-09,16:30,Stuttgart,Augsburg,3,2,H,2,2,D,17,17,6,6,13,10,4,4,2,3,0,0,1.55,4.33,5.75,1.5,4.5,6.0,1.5,4.7,5.8,1.45,4.2,5.5,1.53,4.5,5.5,1.53,4.5,5.5,1.53,4.5,5.5,1.54,4.63,5.84,1.55,4.75,6.0,1.5,4.49,5.63,1.57,4.7,6.4,1.57,2.38,1.57,2.5,1.57,2.5,1.53,2.41,1.59,2.58,-1.0,1.85,2.0,1.88,2.03,1.85,2.0,1.81,1.97,1.88,2.08,1.55,4.33,5.5,1.5,4.5,6.0,1.49,4.8,5.75,1.5,4.6,5.5,1.55,4.5,5.25,1.55,4.5,5.25,1.53,4.5,5.25,1.53,4.63,6.08,1.55,4.8,6.0,1.51,4.52,5.58,1.55,5.0,6.4,1.5,2.63,1.52,2.62,1.53,2.7,1.5,2.51,1.56,2.7,-1.0,1.88,1.98,1.85,2.08,1.88,2.0,1.81,1.97,1.9,2.08,5,1,0.06700370931522048,0.624802576454508,0.20873137298034786,0.16646605056514424,2025.0,11.0,6.0,0,0,0,0,0,medium,0,0,0,strong,medium
D1,2025-11-09,18:30,Ein Frankfurt,Mainz,1,0,H,0,0,D,14,3,4,0,8,14,4,3,0,5,0,0,1.83,4.0,3.9,1.83,3.75,4.0,1.84,4.2,3.65,1.8,3.75,3.6,1.88,3.9,3.7,1.91,3.9,3.7,1.85,3.8,3.7,1.87,4.11,3.9,1.91,4.2,4.0,1.84,3.93,3.73,1.89,4.1,4.2,1.57,2.38,1.57,2.5,1.57,2.5,1.53,2.41,1.61,2.56,-0.5,1.85,2.0,1.88,2.04,1.85,2.0,1.82,1.94,1.89,2.09,1.9,4.0,3.7,1.83,3.75,4.0,1.81,4.0,4.0,1.83,3.9,3.8,1.83,3.9,3.9,1.83,3.9,3.9,1.83,3.9,3.9,1.88,3.94,4.1,1.92,4.0,4.0,1.84,3.9,3.84,1.91,4.2,4.1,1.57,2.38,1.6,2.46,1.57,2.5,1.54,2.41,1.63,2.56,-0.5,1.88,1.98,1.89,2.04,1.91,2.0,1.82,1.95,1.93,2.07,1,1,0.06602770182352491,0.5098162645678931,0.23869260224043848,0.25149113319166844,2025.0,11.0,6.0,0,0,0,0,0,medium,0,0,0,strong,medium
D1,2025-11-21,19:30,Mainz,Hoffenheim,1,1,D,0,1,A,17,19,3,5,13,13,7,4,3,2,1,0,2.6,3.6,2.7,2.5,3.5,2.75,2.5,3.55,2.65,2.45,3.7,2.6,2.45,3.6,2.7,2.45,3.6,2.7,2.4,3.6,2.7,2.59,3.6,2.71,2.6,3.7,2.75,2.48,3.56,2.65,2.64,3.75,2.78,1.67,2.2,1.68,2.29,1.67,2.32,1.6,2.27,1.7,2.4,0.0,1.88,1.98,1.91,2.0,1.88,1.98,1.83,1.93,1.94,2.05,2.45,3.5,2.7,2.5,3.5,2.75,2.5,3.6,2.65,2.5,3.6,2.6,2.5,3.5,2.7,2.5,3.5,2.7,2.5,3.4,2.7,2.54,3.56,2.83,2.5,3.6,2.8,2.49,3.52,2.67,2.62,3.65,2.88,1.67,2.2,1.71,2.22,1.68,2.25,1.65,2.19,1.76,2.28,0.0,1.83,2.03,1.86,2.07,1.85,2.03,1.81,1.95,1.9,2.09,2,0,0.06148317342214504,0.379870182163738,0.2646286662264242,0.3555011516098378,2025.0,11.0,4.0,0,0,0,0,0,medium,0,0,0,medium,strong
D1,2025-11-22,14:30,Augsburg,Hamburg,1,0,H,0,0,D,13,15,6,6,13,10,4,3,2,3,1,0,2.35,3.5,2.9,2.38,3.5,2.88,2.28,3.5,3.05,2.25,3.4,2.75,2.3,3.6,2.95,2.3,3.6,2.9,2.3,3.5,2.9,2.39,3.67,2.92,2.38,3.6,3.05,2.3,3.51,2.89,2.4,3.7,3.15,1.73,2.1,1.72,2.2,1.73,2.2,1.68,2.11,1.75,2.24,-0.25,2.05,1.8,2.09,1.83,2.05,1.85,1.97,1.8,2.07,1.91,2.5,3.4,2.8,2.5,3.4,2.8,2.43,3.5,2.85,2.4,3.5,2.75,2.4,3.4,2.85,2.4,3.4,2.87,2.4,3.4,2.8,2.53,3.46,2.91,2.5,3.5,2.87,2.44,3.39,2.81,2.58,3.55,3.0,1.8,2.0,1.82,2.09,1.8,2.1,1.75,2.03,1.84,2.16,0.0,1.8,2.05,1.83,2.11,1.83,2.05,1.77,2.01,1.85,2.15,1,1,0.06570365484161189,0.40797702693463217,0.2673353737748302,0.32468759929053764,2025.0,11.0,5.0,0,0,0,0,0,medium,0,0,0,medium,strong
D1,2025-11-22,14:30,Bayern Munich,Freiburg,6,2,H,2,2,D,22,8,8,2,9,7,3,5,1,0,0,0,1.17,8.0,13.0,1.17,7.5,15.0,1.18,7.5,13.0,1.15,6.5,12.0,1.19,7.5,13.5,1.18,7.5,13.0,1.18,7.5,13.0,1.19,7.45,14.94,1.19,8.0,15.5,1.17,7.25,13.25,1.2,8.4,17.5,1.33,3.4,1.36,3.21,1.36,3.4,1.34,3.12,1.38,3.4,-2.0,1.83,2.03,1.86,2.03,1.85,2.03,1.82,1.95,1.85,2.13,1.17,8.0,13.0,1.17,7.5,17.0,1.18,8.0,14.0,1.13,8.5,18.0,1.17,8.0,14.5,1.18,8.0,15.0,1.17,7.5,15.0,1.19,7.8,15.0,1.18,8.5,18.0,1.16,7.7,14.81,1.21,8.2,18.0,1.36,3.2,1.38,3.07,1.4,3.25,1.36,3.05,1.4,3.45,-2.25,2.0,1.85,2.04,1.87,2.04,1.85,1.98,1.8,2.09,1.9,8,4,0.06810358729682098,0.8002040858826714,0.12913638351485868,0.07065953060246985,2025.0,11.0,5.0,0,0,0,1,0,low,0,0,0,strong,medium
D1,2025-11-22,14:30,Dortmund,Stuttgart,3,3,D,2,0,H,14,16,6,6,12,10,2,4,1,1,0,0,1.75,4.0,4.33,1.73,4.0,4.33,1.72,4.2,4.35,1.7,3.9,3.9,1.77,4.1,4.0,1.75,4.0,4.0,1.75,4.0,4.0,1.79,4.11,4.25,1.78,4.2,4.35,1.74,4.03,4.11,1.81,4.4,4.5,1.53,2.5,1.55,2.51,1.53,2.5,1.51,2.47,1.58,2.62,-0.75,2.0,1.85,2.02,1.89,2.0,1.91,1.91,1.86,2.02,1.96,1.75,3.9,4.2,1.8,3.75,4.2,1.77,3.85,4.35,1.73,4.0,4.2,1.78,3.9,4.2,1.8,3.9,4.2,1.8,3.8,4.2,1.83,3.93,4.38,1.85,4.0,4.35,1.78,3.88,4.14,1.91,4.0,4.4,1.57,2.38,1.61,2.39,1.6,2.5,1.55,2.39,1.65,2.48,-0.75,1.98,1.88,2.07,1.87,2.0,1.88,1.95,1.82,2.15,1.85,6,0,0.06616060392762813,0.5390488464505042,0.2327406930084063,0.22821046054108937,2025.0,11.0,5.0,0,0,0,0,0,medium,0,0,0,strong,medium
D1,2025-11-22,14:30,Heidenheim,M'gladbach,0,3,A,0,1,A,7,16,2,4,13,12,4,5,2,0,0,0,3.2,3.6,2.15,3.2,3.6,2.15,3.3,3.7,2.08,3.0,3.5,2.1,3.1,3.6,2.15,3.1,3.6,2.15,3.1,3.6,2.15,3.18,3.72,2.22,3.3,3.7,2.22,3.14,3.58,2.14,3.35,3.7,2.26,1.67,2.2,1.68,2.28,1.7,2.2,1.66,2.15,1.73,2.3,0.25,1.95,1.9,1.96,1.94,2.0,1.9,1.94,1.79,2.02,1.97,3.4,3.6,2.05,3.4,3.6,2.05,3.3,3.7,2.08,3.2,3.6,2.1,3.1,3.6,2.15,3.1,3.6,2.15,3.1,3.6,2.15,3.44,3.74,2.13,3.4,3.7,2.15,3.25,3.61,2.09,3.5,3.75,2.2,1.67,2.2,1.68,2.32,1.68,2.2,1.65,2.18,1.68,2.38,0.25,2.05,1.8,2.07,1.86,2.05,1.84,1.97,1.76,2.06,1.92,3,-3,0.06509066614433356,0.2990086644290063,0.26225899617516196,0.43873233939583167,2025.0,11.0,5.0,0,0,0,0,0,medium,0,0,0,medium,strong
D1,2025-11-22,14:30,Wolfsburg,Leverkusen,1,3,A,0,3,A,21,7,10,3,12,7,9,1,2,1,0,0,3.5,3.75,2.0,3.5,3.75,2.0,3.5,3.85,1.97,3.3,3.6,1.93,3.4,3.75,2.0,3.4,3.75,2.0,3.3,3.75,2.0,3.59,3.82,2.02,3.6,3.85,2.0,3.43,3.71,1.98,3.65,3.9,2.08,1.62,2.3,1.63,2.38,1.62,2.3,1.6,2.26,1.64,2.46,0.5,1.85,2.0,1.88,2.03,1.85,2.0,1.81,1.95,1.89,2.08,3.4,3.8,2.0,3.4,3.75,2.0,3.45,3.95,1.97,3.25,3.9,2.0,3.4,3.8,2.0,3.4,3.8,2.0,3.4,3.75,2.0,3.56,3.92,2.03,3.45,3.95,2.05,3.37,3.81,2.0,3.7,3.95,2.08,1.5,2.63,1.52,2.64,1.53,2.7,1.5,2.51,1.56,2.74,0.5,1.85,2.0,1.88,2.04,1.85,2.05,1.81,1.96,1.9,2.1,4,-2,0.0661374735306195,0.2734592833876221,0.2528208469055374,0.47371986970684044,2025.0,11.0,5.0,0,0,0,0,0,medium,0,0,0,medium,strong
D1,2025-11-22,17:30,FC Koln,Ein Frankfurt,3,4,A,1,2,A,11,11,5,7,6,5,3,3,0,0,0,0,3.0,3.75,2.2,3.0,3.75,2.2,3.05,3.8,2.18,2.8,3.6,2.15,2.87,3.75,2.25,2.87,3.75,2.25,2.87,3.7,2.25,3.1,3.79,2.23,3.05,4.2,2.25,2.91,3.77,2.19,3.15,4.0,2.28,1.53,2.5,1.52,2.58,1.53,2.5,1.5,2.49,1.55,2.7,0.25,1.93,1.93,1.94,1.96,1.93,1.93,1.88,1.85,1.97,1.99,2.7,3.6,2.4,2.75,3.6,2.4,2.65,3.75,2.45,2.7,3.7,2.38,2.7,3.6,2.4,2.7,3.6,2.4,2.7,3.6,2.4,2.83,3.67,2.49,2.8,3.75,2.45,2.7,3.6,2.41,2.9,3.7,2.58,1.57,2.38,1.57,2.48,1.61,2.5,1.55,2.38,1.61,2.58,0.0,2.05,1.8,2.1,1.84,2.05,1.83,2.0,1.77,2.11,1.88,7,-1,0.06551560563997927,0.32251297856632255,0.24894237868116675,0.4285446427525108,2025.0,11.0,5.0,0,0,0,0,0,medium,0,0,0,medium,strong
D1,2025-11-23,14:30,RB Leipzig,Werder Bremen,2,0,H,0,0,D,22,15,13,6,5,7,13,7,1,2,0,0,1.45,5.0,6.0,1.44,5.0,6.0,1.43,5.25,6.1,1.4,4.75,5.75,1.46,5.0,5.75,1.44,5.0,5.75,1.44,5.0,5.75,1.45,5.25,6.38,1.46,5.25,6.33,1.43,5.0,5.94,1.47,5.4,6.8,1.33,3.4,1.34,3.34,1.33,3.4,1.32,3.24,1.37,3.5,-1.25,1.88,1.98,1.89,2.01,1.88,1.98,1.84,1.92,1.91,2.02,1.53,4.75,5.25,1.5,5.0,5.5,1.52,4.6,5.75,1.5,4.8,5.25,1.51,4.8,5.25,1.5,4.8,5.25,1.5,4.8,5.25,1.55,4.82,5.6,1.55,5.0,5.75,1.51,4.72,5.34,1.58,5.1,5.8,1.33,3.4,1.35,3.3,1.33,3.4,1.33,3.22,1.38,3.55,-1.0,1.83,2.03,1.86,2.08,1.85,2.05,1.78,2.01,1.88,2.09,2,2,0.06765086765086759,0.6549900538547379,0.187327155402455,0.15768279074280722,2025.0,11.0,6.0,0,0,0,0,0,medium,0,0,0,strong,medium
D1,2025-11-23,16:30,St Pauli,Union Berlin,0,1,A,0,1,A,12,8,3,3,10,8,8,2,1,1,0,0,2.45,3.3,2.9,2.4,3.2,3.0,2.43,3.3,2.95,2.4,3.13,2.75,2.4,3.25,2.95,2.45,3.25,2.9,2.4,3.25,2.9,2.54,3.29,2.98,2.5,3.3,3.0,2.43,3.21,2.91,2.66,3.3,3.05,2.1,1.73,2.19,1.73,2.15,1.73,2.1,1.69,2.22,1.78,0.0,1.78,2.1,1.81,2.12,1.78,2.1,1.73,2.03,1.85,2.12,2.63,3.0,2.9,2.6,3.0,3.0,2.7,2.95,2.9,2.6,3.1,2.8,2.6,3.0,2.95,2.62,3.0,2.9,2.6,3.0,2.9,2.76,3.04,2.97,2.7,3.1,3.0,2.63,2.97,2.9,2.76,3.1,3.1,2.63,1.5,2.55,1.55,2.63,1.53,2.46,1.52,2.6,1.6,0.0,1.83,2.03,1.89,2.04,1.84,2.03,1.81,1.96,1.88,2.11,1,-1,0.06669172517948363,0.38579340593985795,0.2920492138423224,0.32215738021781953,2025.0,11.0,6.0,0,0,0,0,0,medium,0,0,0,medium,strong
D1,2025-11-28,19:30,M'gladbach,RB Leipzig,0,0,D,0,0,D,8,20,1,4,9,9,5,6,0,3,0,0,2.88,3.7,2.3,2.75,3.75,2.3,2.95,3.95,2.2,2.8,3.9,2.2,2.85,3.8,2.25,2.87,3.8,2.25,2.87,3.8,2.25,2.92,3.91,2.32,2.95,3.95,2.3,2.84,3.8,2.24,3.0,4.0,2.36,1.44,2.75,1.46,2.78,1.45,2.88,1.42,2.72,1.49,2.98,0.25,1.85,2.0,1.88,2.05,1.85,22.0,1.82,4.1,1.92,2.06,2.8,3.75,2.25,2.8,3.75,2.3,2.85,3.9,2.25,2.75,3.9,2.25,2.85,3.8,2.25,2.87,3.8,2.25,2.8,3.75,2.25,2.92,3.84,2.35,2.88,3.9,2.33,2.81,3.76,2.27,2.98,4.1,2.36,1.5,2.63,1.49,2.68,1.5,2.8,1.44,2.68,1.51,2.92,0.25,1.83,2.03,1.87,2.07,1.83,2.03,1.79,1.89,1.92,2.07,0,0,0.06169914222175166,0.3316501464995948,0.24786484633127606,0.42048500716912907,2025.0,11.0,4.0,0,0,0,0,0,medium,0,0,0,medium,strong
D1,2025-11-29,14:30,Bayern Munich,St Pauli,3,1,H,1,1,D,19,10,4,1,5,8,10,2,1,1,0,0,1.1,10.0,21.0,1.09,10.0,21.0,1.1,10.5,21.0,1.07,9.0,18.0,1.11,10.5,20.0,1.11,11.0,19.0,1.11,10.0,19.0,1.1,10.2,29.77,1.11,11.0,26.0,1.09,9.91,21.25,1.12,12.0,32.0,1.25,4.0,,,1.29,4.0,1.24,3.8,1.28,4.3,-2.5,1.83,2.03,1.82,2.03,1.9,2.03,1.81,1.94,1.85,2.12,1.1,10.0,21.0,1.11,9.0,21.0,1.1,10.0,23.0,1.1,9.5,20.0,1.12,9.75,20.0,1.12,9.5,19.0,1.12,9.5,19.0,1.12,11.0,23.0,1.13,10.0,26.0,1.11,9.52,20.94,1.14,11.0,26.0,1.29,3.75,1.31,3.53,1.29,3.75,1.28,3.56,1.33,3.95,-2.5,1.98,1.88,1.99,1.92,1.98,1.94,1.89,1.87,2.02,1.96,4,2,0.06539818975202083,0.8611157795134692,0.094714046384428,0.04417017410210266,2025.0,11.0,5.0,0,0,0,0,0,low,0,0,0,strong,weak
D1,2025-11-29,14:30,Hoffenheim,Augsburg,3,0,H,3,0,H,17,14,3,4,17,9,7,2,1,0,0,0,1.67,4.33,4.5,1.67,4.0,4.6,1.68,4.35,4.4,1.6,4.0,4.4,1.7,4.1,4.4,1.7,4.2,4.4,1.7,4.0,4.4,1.68,4.5,4.6,1.7,4.4,4.75,1.67,4.18,4.44,1.72,4.4,5.0,1.53,2.5,1.55,2.57,1.55,2.5,1.53,2.41,1.59,2.62,-0.75,1.83,2.03,1.85,2.07,1.86,22.0,1.82,4.46,1.89,2.08,1.73,4.2,4.2,1.7,4.0,4.5,1.71,4.0,4.6,1.7,4.1,4.33,1.72,4.0,4.4,1.73,4.0,4.4,1.7,4.0,4.33,1.77,4.13,4.5,1.73,4.2,4.6,1.71,4.03,4.4,1.78,4.3,4.8,1.57,2.38,1.6,2.45,1.57,2.5,1.54,2.42,1.6,2.62,-0.75,1.93,1.93,1.98,1.94,1.93,1.93,1.87,1.9,1.97,2.01,3,3,0.06326207019557173,0.5631747919865512,0.2250004551716604,0.21182475284178837,2025.0,11.0,5.0,0,0,0,0,0,medium,0,0,0,strong,medium
D1,2025-11-29,14:30,Union Berlin,Heidenheim,1,2,A,1,0,H,9,10,2,2,13,10,5,5,3,2,0,0,1.67,4.0,5.0,1.67,3.75,5.0,1.61,4.1,5.3,1.6,3.7,4.8,1.68,3.8,4.8,1.7,3.8,4.8,1.67,3.8,4.8,1.66,4.05,5.34,1.7,4.1,5.33,1.64,3.87,5.02,1.7,4.1,5.8,1.93,1.93,1.95,1.93,1.93,2.0,1.85,1.91,1.97,1.97,-0.75,1.83,2.03,1.86,2.05,1.83,22.0,1.78,4.5,1.93,2.05,1.6,3.8,6.25,1.57,3.75,6.5,1.58,4.0,6.0,1.57,3.8,6.0,1.61,3.8,5.75,1.61,3.8,5.75,1.6,3.8,5.75,1.56,4.09,6.63,1.62,4.0,6.6,1.58,3.84,6.0,1.65,4.0,6.6,2.1,1.73,2.09,1.81,2.1,1.78,2.05,1.73,2.16,1.82,-1.0,2.05,1.8,1.99,1.93,2.05,1.83,2.0,1.79,2.05,1.94,3,-1,0.0673572176285091,0.5712765018966683,0.2420913341370894,0.18663216396624227,2025.0,11.0,5.0,0,0,0,0,0,medium,0,0,0,strong,medium
D1,2025-11-29,14:30,Werder Bremen,FC Koln,1,1,D,1,0,H,17,10,4,2,11,11,4,0,2,4,1,0,2.25,3.8,2.9,2.2,3.6,3.0,2.18,3.85,2.95,2.15,3.6,2.8,2.25,3.8,2.87,2.25,3.8,2.9,2.2,3.75,2.87,2.28,3.9,2.96,2.25,3.85,3.0,2.21,3.74,2.89,2.34,3.9,3.1,1.53,2.5,1.56,2.52,1.55,2.5,1.52,2.44,1.6,2.58,-0.25,1.98,1.88,2.01,1.9,1.98,22.0,1.92,4.38,2.04,1.94,2.15,3.8,3.0,2.2,3.6,3.0,2.2,3.8,3.0,2.15,3.75,3.0,2.2,3.7,3.0,2.2,3.7,3.0,2.2,3.6,3.0,2.25,3.83,3.1,2.22,3.8,3.14,2.18,3.71,2.99,2.28,3.85,3.25,1.57,2.38,1.56,2.55,1.57,2.5,1.54,2.41,1.59,2.62,-0.25,1.88,1.98,1.98,1.94,1.91,1.98,1.88,1.89,2.0,1.99,2,0,0.06588912817286507,0.4245175936435869,0.25085130533484673,0.3246311010215664,2025.0,11.0,5.0,0,0,0,0,0,medium,0,0,0,medium,strong
D1,2025-11-29,17:30,Leverkusen,Dortmund,1,2,A,0,1,A,14,7,4,4,7,9,10,3,3,4,0,0,2.55,3.6,2.63,2.5,3.6,2.63,2.48,3.7,2.63,2.4,3.5,2.5,2.5,3.7,2.6,2.5,3.7,2.6,2.5,3.6,2.6,2.54,3.77,2.67,2.55,3.75,2.66,2.47,3.62,2.59,2.68,3.8,2.74,1.57,2.38,1.6,2.43,1.6,2.4,1.56,2.35,1.61,2.52,0.0,1.88,1.98,1.9,2.0,1.88,22.0,1.83,5.27,1.97,2.01,2.7,3.6,2.45,2.63,3.6,2.5,2.7,3.4,2.6,2.6,3.7,2.45,2.6,3.6,2.5,2.62,3.6,2.5,2.6,3.6,2.5,2.77,3.61,2.57,2.75,3.7,2.6,2.66,3.54,2.49,2.84,3.7,2.64,1.57,2.38,1.61,2.44,1.62,2.45,1.57,2.34,1.62,2.58,0.0,2.03,1.83,2.04,1.89,2.03,1.85,1.95,1.82,2.04,1.93,3,-1,0.06720177961817964,0.37936434077161185,0.25884804467013295,0.3617876145582553,2025.0,11.0,5.0,0,0,0,0,0,medium,0,0,0,medium,strong
D1,2025-11-30,14:30,Hamburg,Stuttgart,2,1,H,1,0,H,9,14,2,3,16,12,4,6,2,4,1,0,3.0,3.75,2.2,3.1,3.6,2.15,3.1,3.8,2.14,2.9,3.6,2.1,3.0,3.7,2.2,3.0,3.7,2.2,3.0,3.7,2.2,3.17,3.76,2.21,3.1,3.8,2.2,3.02,3.68,2.15,3.3,3.9,2.22,1.53,2.5,1.56,2.52,1.55,2.5,1.53,2.42,1.6,2.58,0.25,1.93,1.93,1.97,1.93,1.93,22.0,1.9,4.06,2.02,1.93,2.7,3.5,2.45,2.75,3.5,2.4,2.8,3.6,2.4,2.63,3.6,2.45,2.7,3.5,2.45,2.7,3.5,2.45,2.7,3.5,2.45,2.85,3.55,2.53,2.8,3.6,2.5,2.73,3.51,2.43,2.94,3.6,2.58,1.67,2.2,1.7,2.26,1.67,2.4,1.63,2.23,1.72,2.32,0.0,2.03,1.83,2.09,1.85,2.03,1.83,1.97,1.8,2.13,1.88,3,1,0.06798123731911954,0.3100483568847821,0.25444185809566355,0.4355097850195544,2025.0,11.0,6.0,0,0,0,0,0,medium,0,0,0,medium,strong
D1,2025-11-30,16:30,Ein Frankfurt,Wolfsburg,1,1,D,0,0,D,15,10,3,3,7,9,14,1,1,4,0,0,1.73,4.2,4.2,1.7,4.2,4.33,1.71,4.25,4.3,1.67,4.0,4.0,1.7,4.33,4.33,1.7,4.33,4.33,1.7,4.2,4.2,1.75,4.28,4.33,1.75,4.33,4.35,1.7,4.17,4.22,1.82,4.2,4.5,1.5,2.63,1.51,2.61,1.5,2.7,1.46,2.61,1.54,2.74,-0.75,1.93,1.93,1.95,1.95,1.93,22.0,1.87,4.41,2.02,1.94,1.95,3.9,3.5,1.95,3.75,3.5,1.86,4.0,3.75,1.95,3.9,3.4,1.9,3.9,3.6,1.91,3.9,3.6,1.91,3.8,3.6,1.97,3.98,3.7,1.96,4.0,3.75,1.92,3.87,3.55,2.0,4.0,3.9,1.5,2.63,1.52,2.61,1.5,2.7,1.48,2.57,1.56,2.76,-0.5,1.98,1.88,1.98,1.94,1.98,2.3,1.82,1.97,2.0,1.99,2,0,0.06501027223941502,0.5523282821307957,0.2251698032667512,0.22250191460245322,2025.0,11.0,6.0,0,0,0,0,0,medium,0,0,0,strong,medium
D1,2025-11-30,18:30,Freiburg,Mainz,4,0,H,2,0,H,23,1,10,1,9,12,6,2,0,2,0,1,1.91,3.4,4.2,1.95,3.4,4.0,1.92,3.4,3.95,1.85,3.4,3.8,1.95,3.5,3.8,1.95,3.5,3.8,1.95,3.4,3.8,1.93,3.55,4.27,1.95,3.5,4.2,1.91,3.43,3.95,1.97,3.6,4.4,2.0,1.8,2.02,1.88,2.0,1.83,1.95,1.8,2.04,1.9,-0.5,1.93,1.93,1.93,1.97,1.93,1.93,1.88,1.87,1.97,2.01,1.73,3.75,4.5,1.73,3.75,4.5,1.72,3.75,4.9,1.73,3.7,4.6,1.77,3.7,4.5,1.75,3.7,4.5,1.75,3.7,4.5,1.75,3.8,5.09,1.77,3.8,5.0,1.73,3.7,4.64,1.81,3.9,5.1,1.73,2.1,1.78,2.12,1.77,2.15,1.72,2.08,1.83,2.18,-0.75,1.98,1.88,1.98,1.94,1.98,1.88,1.92,1.85,2.04,1.95,4,4,0.06826995589048224,0.49010103348610745,0.272913403486433,0.23698556302745952,2025.0,11.0,6.0,0,0,0,0,0,medium,0,0,0,strong,medium
D1,2025-12-05,19:30,Mainz,M'gladbach,0,1,A,0,0,D,8,14,2,5,12,4,8,6,2,1,0,0,2.55,3.4,2.63,2.6,3.4,2.6,2.6,3.35,2.7,2.55,3.5,2.55,2.45,3.4,2.75,2.45,3.4,2.75,2.45,3.4,2.75,2.68,3.55,2.69,2.63,3.5,2.75,2.55,3.41,2.65,2.68,3.65,2.78,1.73,2.1,1.76,2.18,1.75,2.15,1.7,2.1,1.78,2.26,0.0,1.93,1.93,1.96,1.96,1.93,1.94,1.87,1.89,1.95,2.02,2.7,3.3,2.5,2.75,3.4,2.5,2.75,3.35,2.55,2.6,3.5,2.5,2.65,3.4,2.6,2.62,3.4,2.6,2.62,3.4,2.6,2.72,3.48,2.68,2.75,3.5,2.6,2.67,3.38,2.54,2.84,3.55,2.72,1.73,2.1,1.77,2.13,1.75,2.14,1.7,2.09,1.81,2.18,0.0,2.0,1.85,1.98,1.94,2.0,1.85,1.94,1.82,2.02,1.96,1,-1,0.0627704852759452,0.3689948753547439,0.27593458420955913,0.35507054043569697,2025.0,12.0,4.0,0,0,0,0,0,medium,0,0,0,medium,strong
D1,2025-12-06,14:30,Augsburg,Leverkusen,2,0,H,2,0,H,13,20,6,2,12,6,5,7,4,3,0,0,3.7,4.0,1.9,3.75,3.75,1.9,3.7,3.85,1.91,3.5,3.7,1.83,3.7,3.8,1.9,3.7,3.8,1.91,3.7,3.8,1.91,3.82,3.94,1.93,3.8,4.0,1.91,3.68,3.8,1.88,4.0,4.0,1.96,1.62,2.3,1.64,2.35,1.62,2.38,1.58,2.31,1.66,2.44,0.5,1.95,1.9,1.97,1.93,1.98,1.9,1.93,1.83,2.02,1.96,3.4,3.7,2.05,3.3,3.6,2.1,3.45,3.6,2.06,3.3,3.6,2.05,3.25,3.6,2.1,3.25,3.7,2.1,3.25,3.6,2.1,3.57,3.48,2.17,3.45,3.7,2.15,3.33,3.56,2.08,3.6,3.65,2.2,1.67,2.2,1.74,2.21,1.68,2.25,1.65,2.18,1.74,2.3,0.25,2.05,1.8,2.05,1.88,2.05,1.81,2.0,1.74,2.09,1.89,2,2,0.06681191878864601,0.2547207484739574,0.2466769353642535,0.498602316161789,2025.0,12.0,5.0,0,0,0,0,0,medium,0,0,0,medium,strong
D1,2025-12-06,14:30,FC Koln,St Pauli,1,1,D,0,0,D,11,5,8,1,6,6,5,4,0,1,0,0,1.95,3.6,3.8,1.95,3.5,3.75,1.95,3.6,3.8,1.91,3.4,3.5,1.98,3.6,3.6,2.0,3.6,3.6,1.95,3.6,3.6,1.99,3.69,3.82,2.0,3.66,3.8,1.95,3.55,3.68,2.02,3.8,4.0,1.91,1.91,1.94,1.94,1.91,2.0,1.83,1.93,1.96,2.0,-0.5,1.98,1.88,2.0,1.9,1.98,1.9,1.91,1.85,2.02,1.94,2.0,3.4,3.75,2.0,3.5,3.6,2.0,3.45,3.8,2.0,3.5,3.6,1.95,3.6,3.7,1.95,3.6,3.7,1.95,3.5,3.7,2.05,3.56,3.85,2.02,3.6,3.8,1.99,3.47,3.7,2.08,3.65,4.0,1.98,1.88,1.93,1.95,1.98,1.94,1.89,1.87,1.95,2.02,-0.5,2.03,1.83,2.06,1.87,2.03,1.9,1.94,1.83,2.08,1.9,2,0,0.06624978410036597,0.4809572020248504,0.26418775885872064,0.25485503911642887,2025.0,12.0,5.0,0,0,0,0,0,medium,0,0,0,strong,medium
D1,2025-12-06,14:30,Heidenheim,Freiburg,2,1,H,0,1,A,16,16,3,2,11,10,8,6,2,1,0,0,3.9,3.6,1.91,3.75,3.5,1.95,3.8,3.65,1.95,3.75,3.4,1.85,3.8,3.5,1.95,3.8,3.5,1.95,3.8,3.5,1.95,4.03,3.65,1.95,3.9,3.65,2.0,3.8,3.51,1.93,4.2,3.7,2.02,1.91,1.91,1.93,1.96,1.91,1.92,1.85,1.9,1.95,2.0,0.5,1.93,1.93,1.94,1.96,1.93,1.95,1.86,1.9,1.98,2.02,4.75,3.6,1.75,4.6,3.5,1.8,4.7,3.4,1.82,4.75,3.5,1.75,4.5,3.6,1.8,4.5,3.6,1.8,4.4,3.6,1.8,4.97,3.68,1.79,4.75,3.6,1.84,4.6,3.51,1.79,5.2,3.65,1.86,2.1,1.73,2.13,1.78,2.12,1.76,2.05,1.74,2.18,1.81,0.75,1.83,2.03,1.88,2.05,1.83,2.07,1.77,2.02,1.88,2.12,3,1,0.06619289466303391,0.24682015426487353,0.26721270262294006,0.4859671431121863,2025.0,12.0,5.0,0,0,0,0,0,medium,0,0,0,medium,strong
D1,2025-12-06,14:30,Stuttgart,Bayern Munich,0,5,A,0,1,A,13,19,1,11,6,11,3,4,2,4,1,0,5.75,5.0,1.45,5.5,5.0,1.44,6.0,5.0,1.46,5.25,4.6,1.44,5.25,5.25,1.5,5.25,5.25,1.5,5.0,5.0,1.5,5.4,5.21,1.51,6.0,5.33,1.5,5.43,5.0,1.47,5.8,5.4,1.54,1.33,3.4,1.36,3.28,1.35,3.4,1.33,3.23,1.37,3.6,1.25,1.88,1.98,1.9,2.0,1.89,1.98,1.86,1.92,1.92,2.04,4.5,4.75,1.62,4.6,4.6,1.6,5.5,4.7,1.52,4.6,4.75,1.57,4.33,4.75,1.63,4.33,4.8,1.65,4.2,4.6,1.61,4.76,4.71,1.63,5.5,4.8,1.65,4.7,4.67,1.58,5.2,4.8,1.65,1.3,3.5,1.34,3.37,1.32,3.6,1.3,3.39,1.35,3.75,1.0,1.88,1.98,1.93,2.0,2.02,1.98,1.91,1.87,1.98,1.98,5,-5,0.06443417145863872,0.17301404591580924,0.18789325386456884,0.6390927002196218,2025.0,12.0,5.0,0,0,0,0,0,medium,0,0,0,medium,strong
D1,2025-12-06,14:30,Wolfsburg,Union Berlin,3,1,H,2,0,H,4,21,3,6,13,10,0,11,4,1,0,0,2.15,3.4,3.5,2.1,3.4,3.4,2.08,3.55,3.45,2.05,3.3,3.2,2.1,3.5,3.4,2.1,3.5,3.4,2.1,3.5,3.3,2.17,3.44,3.53,2.16,3.55,3.5,2.1,3.41,3.38,2.28,3.55,3.55,1.93,1.93,1.96,1.93,1.94,1.94,1.87,1.88,1.97,2.0,-0.25,1.85,2.0,1.88,2.03,1.85,2.02,1.81,1.97,1.95,2.03,1.95,3.5,3.8,2.05,3.4,3.6,2.04,3.45,3.65,2.0,3.5,3.6,2.0,3.5,3.7,2.0,3.5,3.7,2.0,3.5,3.6,2.04,3.51,3.95,2.05,3.5,3.9,2.0,3.45,3.68,2.08,3.6,4.0,1.95,1.9,1.97,1.93,1.95,1.92,1.89,1.88,2.0,1.95,-0.5,2.03,1.83,2.05,1.88,2.2,1.84,2.03,1.76,2.08,1.91,4,2,0.06530359632096605,0.4469997828177841,0.27527845862678785,0.277721758555428,2025.0,12.0,5.0,0,0,0,0,0,medium,0,0,0,medium,medium
D1,2025-12-06,17:30,RB Leipzig,Ein Frankfurt,6,0,H,2,0,H,16,8,7,2,9,17,4,0,1,2,0,0,1.73,4.2,4.2,1.73,4.0,4.2,1.74,4.2,4.2,1.65,4.0,3.8,1.75,4.2,4.0,1.75,4.2,4.0,1.75,4.2,4.0,1.79,4.24,4.13,1.75,4.25,4.2,1.73,4.13,4.06,1.84,4.2,4.4,1.44,2.75,1.46,2.76,1.45,2.85,1.42,2.73,1.49,2.92,-0.75,1.95,1.9,2.01,1.89,1.95,1.9,1.9,1.87,2.04,1.92,1.73,4.0,4.33,1.73,4.0,4.33,1.73,4.0,4.5,1.73,4.0,4.2,1.71,4.1,4.33,1.7,4.2,4.33,1.7,4.0,4.33,1.78,4.1,4.4,1.75,4.2,4.5,1.72,3.99,4.32,1.82,4.1,4.6,1.57,2.38,1.57,2.5,1.57,2.5,1.53,2.43,1.6,2.62,-0.75,1.95,1.9,2.0,1.93,1.95,1.9,1.9,1.87,2.02,1.95,6,6,0.06647085140546372,0.5420070143681411,0.22703925783459664,0.23095372779726214,2025.0,12.0,5.0,0,0,0,0,0,medium,0,0,0,strong,medium
D1,2025-12-07,14:30,Hamburg,Werder Bremen,3,2,H,0,1,A,12,10,6,3,8,13,5,3,1,6,0,0,2.25,3.5,3.0,2.25,3.5,3.0,2.23,3.65,3.05,2.2,3.5,2.8,2.25,3.7,2.9,2.25,3.7,2.9,2.25,3.7,2.9,2.36,3.62,3.0,2.3,3.7,3.1,2.25,3.53,2.96,2.4,3.6,3.05,1.73,2.1,1.73,2.2,1.73,2.28,1.65,2.16,1.72,2.3,-0.25,2.0,1.85,2.06,1.85,2.0,1.87,1.93,1.83,2.09,1.87,2.4,3.5,2.88,2.38,3.4,2.88,2.4,3.45,2.9,2.38,3.5,2.8,2.35,3.5,2.9,2.3,3.5,2.9,2.3,3.5,2.87,2.45,3.51,2.99,2.4,3.6,2.9,2.36,3.47,2.87,2.48,3.55,3.15,1.73,2.1,1.77,2.15,1.77,2.12,1.72,2.07,1.8,2.2,-0.25,2.1,1.78,2.12,1.83,2.1,1.81,2.03,1.76,2.13,1.87,5,1,0.06556840126245222,0.41709611876429564,0.2658544666344661,0.31704941460123826,2025.0,12.0,6.0,0,0,0,0,0,medium,0,0,0,medium,strong
D1,2025-12-07,16:30,Dortmund,Hoffenheim,2,0,H,1,0,H,8,11,4,3,7,9,7,5,0,2,0,0,1.62,4.5,4.75,1.57,4.33,5.0,1.54,4.6,5.4,1.55,4.1,4.75,1.57,4.6,4.8,1.57,4.6,4.8,1.57,4.6,4.8,1.63,4.55,4.89,1.65,4.6,5.4,1.58,4.41,4.84,1.63,4.7,5.4,1.5,2.63,1.5,2.64,1.5,2.7,1.47,2.6,1.52,2.78,-1.0,2.0,1.85,2.03,1.88,2.0,1.95,1.92,1.85,2.02,1.92,1.62,4.5,4.5,1.62,4.33,4.6,1.56,4.6,5.1,1.6,4.5,4.6,1.62,4.5,4.6,1.61,4.5,4.6,1.61,4.5,4.6,1.65,4.55,4.95,1.64,4.6,5.1,1.6,4.44,4.69,1.68,4.6,5.3,1.4,3.0,1.42,2.93,1.41,3.1,1.39,2.92,1.44,3.15,-1.0,2.03,1.78,2.06,1.88,2.03,1.92,1.94,1.84,2.09,1.89,2,2,0.06628033226750962,0.5935694143951233,0.21266205776514624,0.19376852783973036,2025.0,12.0,6.0,0,0,0,0,0,medium,0,0,0,strong,medium
D1,2025-12-12,19:30,Union Berlin,RB Leipzig,3,1,H,0,0,D,12,9,6,3,7,8,4,6,2,2,0,0,3.2,3.5,2.2,3.25,3.3,2.2,3.3,3.35,2.2,3.13,3.4,2.2,3.2,3.4,2.25,3.2,3.4,2.25,3.1,3.4,2.2,3.27,3.47,2.31,3.5,3.6,2.25,3.22,3.38,2.19,3.35,3.55,2.36,1.98,1.88,2.01,1.89,1.98,2.0,1.89,1.86,2.0,1.97,0.25,1.9,1.95,1.93,2.0,1.9,1.95,1.88,1.84,1.95,2.02,3.0,3.4,2.35,3.1,3.25,2.3,3.0,3.4,2.35,3.0,3.4,2.3,2.95,3.3,2.37,3.0,3.3,2.37,2.9,3.3,2.37,3.13,3.51,2.36,3.15,3.4,2.37,3.03,3.32,2.32,3.25,3.55,2.4,2.03,1.83,2.04,1.87,2.03,1.85,1.95,1.81,2.1,1.89,0.25,1.83,2.03,1.88,2.05,1.85,2.03,1.81,1.92,1.92,2.06,4,2,0.06303799894307072,0.2921429022480424,0.2783136524374842,0.42954344531447336,2025.0,12.0,4.0,0,0,0,0,0,medium,0,0,0,medium,strong
D1,2025-12-13,14:30,Ein Frankfurt,Augsburg,1,0,H,0,0,D,11,12,4,1,14,10,2,6,2,3,0,0,1.7,4.2,4.33,1.7,4.0,4.5,1.7,4.0,4.6,1.65,3.9,4.2,1.7,4.2,4.33,1.7,4.2,4.33,1.7,4.2,4.33,1.72,4.27,4.51,1.71,4.25,4.6,1.68,4.06,4.39,1.77,4.3,4.8,1.57,2.38,1.61,2.4,1.6,2.43,1.55,2.36,1.65,2.46,-0.75,1.9,1.95,1.92,1.99,1.9,1.95,1.84,1.92,1.96,2.01,1.85,3.75,4.0,1.8,3.75,4.33,1.81,3.75,4.25,1.83,3.7,4.0,1.83,3.7,4.1,1.83,3.75,4.2,1.83,3.7,4.0,1.87,3.82,4.29,1.93,3.75,4.33,1.83,3.69,4.08,1.93,4.0,4.3,1.85,2.0,1.85,2.06,1.85,2.1,1.77,2.0,1.89,2.12,-0.5,1.83,2.03,1.88,2.05,1.91,2.03,1.81,1.92,1.93,2.07,1,1,0.0693339467591294,0.5566437847055222,0.230335359188492,0.21302085610598576,2025.0,12.0,5.0,0,0,0,0,0,medium,0,0,0,strong,medium
D1,2025-12-13,14:30,Hoffenheim,Hamburg,4,1,H,2,0,H,10,14,6,5,16,10,3,3,1,3,0,0,1.7,4.33,4.2,1.73,4.0,4.2,1.75,3.95,4.35,1.65,3.9,4.2,1.75,4.2,4.0,1.75,4.2,4.0,1.75,4.2,4.0,1.72,4.33,4.47,1.75,4.33,4.5,1.71,4.06,4.21,1.75,4.3,4.9,1.5,2.63,1.52,2.6,1.53,2.63,1.5,2.49,1.57,2.68,-0.75,1.88,1.98,1.91,2.0,1.94,1.98,1.88,1.89,1.93,2.04,1.7,4.2,4.33,1.7,4.2,4.33,1.68,4.2,4.5,1.67,4.1,4.5,1.68,4.2,4.4,1.7,4.2,4.4,1.67,4.2,4.33,1.72,4.16,4.68,1.71,4.2,4.75,1.68,4.13,4.42,1.75,4.5,4.8,1.62,2.3,1.63,2.38,1.62,2.63,1.54,2.41,1.66,2.5,-0.75,1.9,1.95,1.93,1.99,1.9,1.95,1.85,1.92,1.96,2.03,5,3,0.06863043156804016,0.5472381324377367,0.2304869966671256,0.22227487089513773,2025.0,12.0,5.0,0,0,0,0,0,medium,0,0,0,strong,medium
D1,2025-12-13,14:30,M'gladbach,Wolfsburg,1,3,A,1,3,A,14,11,4,6,6,8,6,3,0,1,0,0,1.95,3.8,3.6,2.0,3.75,3.4,1.96,3.85,3.55,1.91,3.7,3.3,1.98,3.8,3.4,2.0,3.9,3.4,1.95,3.8,3.4,1.98,3.85,3.69,2.0,3.9,3.66,1.96,3.75,3.47,2.08,3.9,3.7,1.57,2.38,1.61,2.42,1.62,2.38,1.56,2.33,1.69,2.42,-0.5,1.98,1.88,1.99,1.92,1.98,1.88,1.91,1.82,2.08,1.91,2.0,3.75,3.4,2.0,3.6,3.5,2.02,3.65,3.5,1.95,3.8,3.5,2.0,3.75,3.4,2.0,3.75,3.4,2.0,3.7,3.4,2.05,3.8,3.62,2.02,3.8,3.6,1.99,3.67,3.46,2.06,3.9,3.75,1.62,2.3,1.65,2.36,1.66,2.38,1.6,2.26,1.63,2.54,-0.5,2.03,1.83,2.06,1.88,2.03,1.85,1.94,1.8,2.06,1.92,4,-2,0.06505518633966556,0.4790400424095392,0.25037826216605247,0.2705816954244083,2025.0,12.0,5.0,0,0,0,0,0,medium,0,0,0,strong,medium
D1,2025-12-13,14:30,St Pauli,Heidenheim,2,1,H,1,0,H,8,20,5,7,6,15,4,11,2,3,1,0,1.95,3.4,4.0,1.95,3.3,4.0,1.95,3.3,4.2,1.91,3.2,3.75,1.98,3.4,3.9,1.95,3.4,3.9,1.95,3.4,3.9,1.98,3.45,4.18,2.0,3.5,4.2,1.94,3.33,3.96,2.02,3.5,4.4,2.2,1.67,2.19,1.74,2.2,1.73,2.11,1.68,2.24,1.76,-0.5,1.98,1.88,1.99,1.92,1.98,1.9,1.91,1.83,2.02,1.96,1.85,3.4,4.33,1.83,3.3,4.6,1.85,3.5,4.4,1.85,3.4,4.33,1.88,3.4,4.33,1.91,3.4,4.33,1.85,3.4,4.33,1.88,3.54,4.65,1.91,3.5,4.6,1.85,3.39,4.37,1.94,3.55,4.8,2.2,1.67,2.25,1.71,2.2,1.7,2.16,1.66,2.3,1.75,-0.5,1.88,1.98,1.88,2.04,1.88,1.98,1.82,1.91,1.94,2.05,3,1,0.06828947035132615,0.4825133372851215,0.2811038661661068,0.23638279654877165,2025.0,12.0,5.0,0,0,0,0,0,medium,0,0,0,strong,medium
D1,2025-12-13,17:30,Leverkusen,FC Koln,2,0,H,0,0,D,17,6,6,4,8,6,8,3,2,1,0,0,1.55,4.33,5.25,1.53,4.33,5.5,1.56,4.4,5.4,1.5,4.2,5.0,1.52,4.6,5.5,1.53,4.6,5.5,1.5,4.6,5.5,1.57,4.68,5.33,1.57,4.75,5.5,1.53,4.44,5.28,1.62,4.6,5.9,1.53,2.5,1.54,2.58,1.53,2.63,1.49,2.53,1.57,2.68,-1.0,1.88,1.98,1.93,1.96,1.9,1.98,1.86,1.92,1.98,1.99,1.75,4.1,4.0,1.8,4.0,4.0,1.73,4.1,4.35,1.75,4.1,4.0,1.73,4.2,4.1,1.75,4.2,4.0,1.73,4.2,4.0,1.81,4.3,4.07,1.8,4.33,4.75,1.74,4.11,4.11,1.82,4.3,4.4,1.44,2.75,1.49,2.75,1.5,2.75,1.47,2.6,1.54,2.82,-0.75,2.0,1.85,2.03,1.89,2.0,1.88,1.92,1.85,2.0,1.98,2,2,0.06821393586099478,0.6118575589589401,0.2108428074790942,0.1772996335619656,2025.0,12.0,5.0,0,0,0,0,0,medium,0,0,0,strong,medium
D1,2025-12-14,14:30,Freiburg,Dortmund,1,1,D,0,1,A,21,9,6,4,11,10,6,0,3,2,0,1,3.25,3.5,2.15,3.25,3.4,2.15,3.45,3.5,2.1,3.1,3.3,2.1,3.3,3.5,2.1,3.3,3.5,2.1,3.3,3.5,2.1,3.32,3.59,2.2,3.45,3.5,2.2,3.25,3.44,2.12,3.5,3.6,2.24,1.83,2.03,1.82,2.06,1.86,2.03,1.8,1.94,1.85,2.1,0.25,1.98,1.88,1.99,1.92,1.98,1.88,1.95,1.78,2.05,1.93,3.75,3.6,1.95,3.6,3.5,2.0,3.75,3.55,2.0,3.7,3.6,1.93,3.5,3.5,2.05,3.6,3.5,2.05,3.5,3.4,2.05,3.95,3.59,2.01,3.8,3.6,2.2,3.65,3.5,1.99,4.0,3.65,2.08,1.8,2.0,1.86,2.05,1.85,2.0,1.81,1.95,1.92,2.08,0.5,1.88,1.98,1.91,2.02,1.88,1.98,1.81,1.92,1.91,2.06,2,0,0.0700880953184595,0.2875392306843093,0.27165770340814105,0.4408030659075496,2025.0,12.0,6.0,0,0,0,0,0,medium,0,0,0,medium,strong
D1,2025-12-14,16:30,Bayern Munich,Mainz,2,2,D,1,1,D,24,5,11,2,7,8,7,0,2,2,0,0,1.09,11.0,21.0,1.1,9.5,21.0,1.1,11.0,19.0,1.07,9.0,18.0,1.11,11.5,20.0,1.11,11.0,19.0,1.1,11.0,19.0,1.09,12.74,21.79,1.11,11.5,21.0,1.09,10.18,19.25,1.11,13.0,32.0,1.22,4.33,,,1.23,4.33,1.21,4.11,1.26,4.5,-2.75,2.0,1.85,2.01,1.87,2.0,1.85,1.97,1.8,2.01,1.9,1.09,12.0,19.0,1.08,11.0,23.0,1.07,13.0,26.0,1.07,11.5,22.0,1.1,12.0,20.0,1.1,12.0,19.0,1.1,12.0,19.0,1.08,14.25,24.0,1.1,13.0,26.0,1.08,11.44,21.72,1.1,15.0,34.0,1.17,5.0,,,1.22,5.4,1.18,4.65,1.2,5.8,-2.75,1.83,2.03,1.87,2.02,1.83,2.08,1.76,2.02,1.86,2.1,4,0,0.06761107172058667,0.8593309089442067,0.09201087335453688,0.04865821770125638,2025.0,12.0,6.0,0,0,0,0,0,low,0,0,0,strong,medium
D1,2025-12-14,18:30,Werder Bremen,Stuttgart,0,4,A,0,2,A,9,24,3,12,11,6,0,9,2,0,1,0,2.9,3.8,2.25,3.0,3.6,2.2,2.95,3.8,2.23,2.8,3.6,2.15,2.9,3.8,2.2,2.9,3.8,2.2,2.87,3.8,2.2,2.91,3.92,2.3,3.0,3.8,2.26,2.88,3.71,2.21,3.05,3.9,2.36,1.53,2.5,1.54,2.54,1.53,2.55,1.52,2.44,1.62,2.58,0.25,1.85,2.0,1.88,2.03,1.86,2.0,1.84,1.89,1.92,2.07,2.8,3.8,2.35,2.88,3.6,2.3,2.8,3.65,2.38,2.8,3.7,2.3,2.85,3.6,2.3,2.87,3.6,2.3,2.8,3.6,2.3,2.9,3.75,2.4,2.88,3.8,2.38,2.81,3.63,2.31,2.96,3.85,2.48,1.57,2.38,1.6,2.42,1.6,2.45,1.55,2.37,1.63,2.56,0.25,1.8,2.05,1.84,2.1,1.8,2.05,1.77,1.97,1.86,2.14,4,-4,0.06925268898076875,0.3247335506382507,0.252084265724572,0.4231821836371774,2025.0,12.0,6.0,0,0,0,0,0,medium,0,0,0,medium,strong
D1,2025-12-19,19:30,Dortmund,M'gladbach,2,0,H,1,0,H,10,6,4,1,15,13,6,4,2,1,0,0,1.55,4.5,5.5,1.53,4.5,5.5,1.52,4.5,5.75,1.53,4.5,5.25,1.55,4.6,5.0,1.55,4.6,5.0,1.55,4.6,5.0,1.56,4.56,5.68,1.56,4.6,5.75,1.53,4.47,5.41,1.6,4.7,6.0,1.5,2.63,1.52,2.66,1.5,2.7,1.48,2.57,1.53,2.82,-1.0,1.88,1.98,1.93,2.0,1.9,2.0,1.84,1.95,1.93,2.02,1.48,4.75,6.0,1.5,4.6,6.0,1.49,4.6,6.1,1.45,4.75,6.0,1.49,4.8,5.75,1.48,4.8,5.75,1.48,4.8,5.75,1.52,4.72,6.1,1.5,4.8,6.33,1.48,4.64,5.92,1.52,5.2,6.4,1.5,2.63,1.51,2.68,1.5,2.7,1.47,2.59,1.52,2.86,-1.0,1.73,2.08,1.83,2.11,1.76,2.1,1.73,2.06,1.84,2.14,2,2,0.06215130132325197,0.6153499698466377,0.2106231440414666,0.17402688611189568,2025.0,12.0,4.0,0,0,0,0,0,medium,0,0,0,strong,medium
D1,2025-12-20,14:30,Augsburg,Werder Bremen,0,0,D,0,0,D,14,9,6,0,10,20,6,11,3,4,0,0,2.25,3.5,3.1,2.25,3.5,3.0,2.25,3.65,3.0,2.2,3.4,2.88,2.25,3.5,3.0,2.25,3.5,3.0,2.25,3.5,3.0,2.28,3.56,3.19,2.3,3.65,3.1,2.24,3.48,3.01,2.36,3.65,3.25,1.73,2.1,1.8,2.09,1.77,2.14,1.72,2.06,1.82,2.16,-0.25,1.98,1.88,1.98,1.93,1.98,1.88,1.93,1.84,2.03,1.94,2.2,3.5,3.2,2.2,3.4,3.2,2.25,3.45,3.1,2.2,3.5,3.1,2.2,3.5,3.1,2.2,3.5,3.1,2.2,3.5,3.1,2.33,3.53,3.17,2.25,3.5,3.33,2.21,3.44,3.13,2.4,3.5,3.3,1.8,2.0,1.84,2.06,1.81,2.05,1.76,2.01,1.9,2.08,-0.25,1.93,1.93,2.02,1.91,1.94,1.93,1.91,1.86,2.05,1.92,0,0,0.06601080688891425,0.4187842829956342,0.2695622971006381,0.3116534199037278,2025.0,12.0,5.0,0,0,0,0,0,medium,0,0,0,medium,medium
D1,2025-12-20,14:30,FC Koln,Union Berlin,0,1,A,0,0,D,13,11,2,3,9,18,3,6,2,5,1,0,2.3,3.3,3.1,2.38,3.25,3.0,2.38,3.35,3.05,2.25,3.25,2.88,2.37,3.3,2.95,2.37,3.3,3.0,2.37,3.3,3.0,2.37,3.4,3.15,2.38,3.35,3.2,2.32,3.28,3.02,2.44,3.45,3.25,1.98,1.88,2.0,1.89,2.0,1.88,1.93,1.83,2.06,1.9,-0.25,2.03,1.83,2.05,1.86,2.03,1.86,1.98,1.79,2.08,1.89,2.5,3.1,2.9,2.5,3.2,2.88,2.55,3.2,2.85,2.5,3.25,2.8,2.45,3.3,2.87,2.45,3.3,2.87,2.45,3.25,2.87,2.69,3.27,2.86,2.71,3.3,2.9,2.52,3.19,2.83,2.72,3.3,3.0,2.1,1.73,2.15,1.78,2.1,1.75,2.06,1.73,2.2,1.8,0.0,1.78,2.1,1.9,2.03,1.9,2.1,1.8,1.97,1.89,2.09,1,-1,0.06703835935367808,0.4039540649876028,0.2857236069424507,0.31032232806994653,2025.0,12.0,5.0,0,0,0,0,0,medium,0,0,0,medium,medium
D1,2025-12-20,14:30,Hamburg,Ein Frankfurt,1,1,D,1,1,D,9,9,3,3,8,12,5,5,0,0,0,0,2.6,3.6,2.55,2.63,3.5,2.5,2.63,3.5,2.6,2.55,3.4,2.4,2.6,3.5,2.55,2.6,3.5,2.5,2.6,3.5,2.5,2.71,3.55,2.51,2.7,3.6,2.6,2.62,3.48,2.51,2.88,3.65,2.6,1.67,2.2,1.68,2.22,1.67,2.22,1.65,2.17,1.71,2.34,0.0,1.98,1.88,2.0,1.85,1.98,1.88,1.93,1.83,2.09,1.89,2.4,3.5,2.88,2.4,3.4,2.8,2.5,3.4,2.7,2.4,3.5,2.75,2.45,3.5,2.8,2.45,3.5,2.8,2.4,3.4,2.75,2.52,3.43,2.95,2.5,3.5,2.9,2.44,3.39,2.78,2.6,3.4,3.05,1.85,2.0,1.9,2.01,1.85,2.05,1.79,1.98,1.93,2.04,0.0,1.73,2.08,1.81,2.13,1.83,2.08,1.75,2.01,1.84,2.16,2,0,0.06744208565404963,0.35756449407661506,0.2692008547358424,0.3732346511875425,2025.0,12.0,5.0,0,0,0,0,0,medium,0,0,0,medium,strong
D1,2025-12-20,14:30,Stuttgart,Hoffenheim,0,0,D,0,0,D,10,4,3,1,10,17,4,2,3,2,0,0,2.0,3.8,3.4,2.0,3.75,3.4,2.0,4.0,3.35,1.95,3.75,3.13,1.98,3.9,3.3,2.0,3.9,3.3,2.0,3.9,3.3,2.07,3.86,3.42,2.05,4.0,3.4,1.99,3.84,3.29,2.1,4.0,3.5,1.5,2.63,1.51,2.61,1.5,2.8,1.46,2.62,1.53,2.78,-0.5,2.03,1.83,2.08,1.84,2.03,1.85,1.95,1.79,2.1,1.89,1.95,3.8,3.7,2.0,3.75,3.4,1.93,4.1,3.5,1.95,3.9,3.4,1.95,3.9,3.4,1.95,3.9,3.4,1.95,3.9,3.4,2.0,3.92,3.65,2.0,4.1,3.7,1.95,3.86,3.44,2.06,4.0,3.7,1.57,2.38,1.52,2.59,1.57,2.8,1.49,2.55,1.57,2.7,-0.5,1.95,1.9,2.01,1.92,1.96,1.9,1.91,1.82,2.06,1.92,0,0,0.066880597261892,0.47101106169120466,0.24409166999101498,0.28489726831778034,2025.0,12.0,5.0,0,0,0,0,0,medium,0,0,0,strong,medium
D1,2025-12-20,14:30,Wolfsburg,Freiburg,3,4,A,1,1,D,13,15,6,8,16,8,2,6,1,1,0,0,2.5,3.6,2.75,2.5,3.4,2.75,2.48,3.5,2.75,2.4,3.3,2.6,2.45,3.5,2.75,2.45,3.5,2.75,2.45,3.5,2.7,2.57,3.55,2.76,2.54,3.6,2.75,2.47,3.43,2.7,2.6,3.6,2.92,1.8,2.0,1.85,2.05,1.83,2.0,1.77,1.99,1.87,2.08,0.0,1.83,2.03,1.88,2.03,1.85,2.03,1.81,1.96,1.88,2.11,2.35,3.5,2.9,2.4,3.3,2.88,2.38,3.55,2.85,2.38,3.4,2.88,2.4,3.4,2.8,2.4,3.4,2.8,2.4,3.4,2.8,2.48,3.49,2.96,2.5,3.55,2.9,2.41,3.39,2.83,2.52,3.55,3.0,1.88,1.98,1.88,2.03,1.91,2.0,1.83,1.92,1.96,2.0,0.0,1.7,2.1,1.79,2.13,1.83,2.1,1.72,2.05,1.81,2.19,7,-1,0.06677385946988501,0.37951651702107614,0.2732961507411248,0.34718733223779924,2025.0,12.0,5.0,0,0,0,0,0,medium,0,0,0,medium,strong
D1,2025-12-20,17:30,RB Leipzig,Leverkusen,1,3,A,1,2,A,19,15,7,8,10,12,2,8,1,2,0,0,2.1,3.8,3.2,2.05,3.75,3.25,2.1,3.8,3.2,2.05,3.6,3.0,2.05,3.8,3.2,2.05,3.9,3.2,2.05,3.8,3.2,2.15,3.8,3.28,2.15,3.9,3.35,2.06,3.73,3.18,2.24,3.9,3.3,1.53,2.5,1.55,2.52,1.54,2.5,1.51,2.45,1.62,2.58,-0.25,1.85,2.0,1.88,2.02,1.85,2.0,1.82,1.95,1.95,2.03,2.15,3.9,3.1,2.05,3.75,3.2,2.08,3.8,3.25,2.05,3.9,3.1,2.05,3.9,3.2,2.05,3.9,3.2,2.05,3.8,3.2,2.11,3.92,3.33,2.15,4.0,3.33,2.05,3.83,3.19,2.16,4.0,3.4,1.5,2.63,1.47,2.75,1.5,2.75,1.45,2.65,1.5,2.96,-0.25,1.88,1.98,1.86,2.07,1.88,2.05,1.81,1.98,1.89,2.09,4,-2,0.06799881675422315,0.4545294297976702,0.251026977314531,0.2944435928877989,2025.0,12.0,5.0,0,0,0,0,0,medium,0,0,0,medium,medium
D1,2025-12-21,14:30,Mainz,St Pauli,0,0,D,0,0,D,13,5,1,1,5,9,9,5,1,1,0,0,1.95,3.4,4.1,1.95,3.3,4.0,1.89,3.5,4.25,1.9,3.2,3.8,1.95,3.3,4.0,1.95,3.3,4.0,1.95,3.3,4.0,1.98,3.5,4.11,1.95,3.5,4.25,1.92,3.34,4.02,2.06,3.55,4.1,2.1,1.73,2.18,1.74,2.15,1.73,2.1,1.68,2.24,1.77,-0.5,1.98,1.88,1.98,1.92,1.98,1.88,1.91,1.82,2.06,1.92,1.95,3.3,4.1,1.95,3.3,4.0,1.92,3.45,4.1,1.95,3.3,4.0,1.98,3.3,4.0,2.0,3.3,4.0,1.95,3.3,3.9,2.04,3.39,4.12,2.0,3.45,4.1,1.96,3.31,3.99,2.08,3.5,4.2,2.2,1.67,2.28,1.69,2.25,1.7,2.16,1.66,2.3,1.76,-0.5,1.98,1.88,2.04,1.88,2.0,1.88,1.93,1.81,2.08,1.91,0,0,0.06899074984359643,0.4872196821249728,0.28007838014369696,0.2327019377313303,2025.0,12.0,6.0,0,0,0,0,0,medium,0,0,0,strong,medium
D1,2025-12-21,16:30,Heidenheim,Bayern Munich,0,4,A,0,2,A,8,23,1,11,8,6,0,6,0,0,0,0,13.0,9.5,1.14,17.0,8.5,1.13,17.0,9.0,1.13,15.0,8.0,1.1,13.0,8.5,1.17,13.0,8.5,1.17,13.0,8.0,1.17,17.17,10.24,1.13,18.0,9.5,1.17,15.28,8.61,1.13,19.5,11.0,1.16,1.25,4.0,,,1.25,4.33,1.23,3.99,1.26,4.4,2.5,1.88,1.98,1.88,2.0,1.9,2.0,1.83,1.91,1.9,2.02,13.0,9.5,1.14,13.0,8.0,1.17,16.0,8.5,1.15,13.0,8.0,1.15,11.0,8.0,1.2,11.0,8.0,1.2,11.0,8.0,1.2,15.87,9.2,1.15,16.0,9.5,1.2,13.06,8.12,1.16,17.0,9.6,1.19,1.25,4.0,,,1.29,4.0,1.25,3.74,1.3,4.1,2.25,1.85,2.0,1.93,1.97,1.95,2.0,1.88,1.89,1.92,2.04,4,-4,0.06654479697344295,0.061361722792821476,0.10889745926530921,0.8297408179418693,2025.0,12.0,6.0,1,0,1,0,0,low,0,1,0,weak,strong
